Date,Symbol,Series,Prev Close,Open,High,Low,Last,Close,VWAP,Volume,Turnover,Trades,Deliverable Volume,%Deliverble,Return_1D,Return_5D,Return_10D,SMA_5,SMA_20,Volatility_5D,Volatility_20D,Daily_Range,Volume_Change,Next_Close,Direction
2011-06-01,RELIANCE,EQ,951.85,952.0,958.65,943.65,947.5,946.8,947.83,1838452,174253844320000.0,58630.0,901415.0,0.4903,-0.0053054577927195146,0.04503311258278142,0.04984199146199475,943.36,935.9075,0.015554918319622725,0.013412415706254463,0.015842839036755388,-0.4289125944757306,951.05,1
2011-06-02,RELIANCE,EQ,946.8,936.55,954.7,936.55,952.5,951.05,947.09,2152963,203903945755000.0,63061.0,1066759.0,0.4955,0.0044888043937474364,0.018418375542110565,0.03883123975969416,946.8,935.9625,0.009680184717092076,0.01343961975747126,0.01908417012775363,0.17107381644992636,934.6,0
2011-06-03,RELIANCE,EQ,951.05,960.5,967.0,931.5,936.0,934.6,951.69,4368279,415723779705000.0,128784.0,1035791.0,0.2371,-0.01729667209925867,-0.011476016711618797,0.012348353552859681,944.6300000000001,934.9399999999999,0.011859961786123445,0.01392275549395744,0.037984164348384336,1.0289614823849735,937.75,1
2011-06-06,RELIANCE,EQ,934.6,934.65,940.8,928.15,938.6,937.75,935.29,1405741,131477118680000.0,43384.0,476631.0,0.3390999999999999,0.003370425850631298,-0.0011716461628588082,0.031174400703760652,944.4100000000001,933.8625,0.01173033586014907,0.013902633436129968,0.013489736070381208,-0.6781934029396932,958.25,1
2011-06-07,RELIANCE,EQ,937.75,933.55,960.0,933.55,959.6,958.25,950.55,4025919,382683940405000.0,88703.0,2424958.0,0.6023,0.021860837110103892,0.006723748489783077,0.04641004641004631,945.6899999999999,934.2375,0.01437528326512186,0.014667765651725362,0.027602400208713847,1.863912342316259,949.2,0
2011-06-08,RELIANCE,EQ,958.25,955.25,955.95,943.95,951.35,949.2,948.28,3247038,307908874230000.0,68474.0,2083780.0,0.6417,-0.009444299504304698,0.0025348542458809575,0.04768211920529808,946.1699999999998,933.925,0.014966629471862124,0.0147904213925452,0.012642225031605562,-0.1934666345746151,954.0,1
2011-06-09,RELIANCE,EQ,949.2,947.5,957.85,947.0,954.6,954.0,953.65,2092020,199506345645000.0,53229.0,1117870.0,0.5343,0.005056890012642201,0.0031018348141529373,0.021577341114739967,946.76,934.35,0.015005676141640866,0.014633184361357758,0.011373165618448661,-0.3557143464289608,944.5,0
2011-06-10,RELIANCE,EQ,954.0,955.1,956.0,932.05,946.0,944.5,942.51,2530136,238467737435000.0,89198.0,1358091.0,0.5368,-0.009958071278825975,0.01059276695912681,-0.0010048125231372218,948.74,934.175,0.01303347643677156,0.014808504661904642,0.025357331921651717,0.20942247206049647,925.6,0
2011-06-13,RELIANCE,EQ,944.5,943.25,943.25,921.0,924.6,925.6,926.27,2954066,273627227060000.0,95485.0,1677508.0,0.5679,-0.020010587612493413,-0.01295654492135423,-0.014113010598072129,946.3100000000001,933.2049999999999,0.016286679896163194,0.015457986136340019,0.024038461538461536,0.16755225806043628,911.35,0
2011-06-14,RELIANCE,EQ,925.6,925.3,931.75,910.0,911.45,911.35,915.92,4335560,397102435455000.0,101037.0,2835346.0,0.654,-0.01539541918755405,-0.04894338638142448,-0.04254872091190842,936.9300000000001,932.74,0.009438360010916351,0.01473785029142106,0.023865693751028694,0.4676584747937249,900.55,0
2011-06-15,RELIANCE,EQ,911.35,912.0,918.9,898.6,900.25,900.55,906.48,4607486,417660772480000.0,137364.0,2347059.0,0.5094,-0.011850551379821272,-0.05125368731563429,-0.04884875369666242,927.2,932.675,0.009467410944038652,0.014241504278191435,0.022541780023319035,0.06271992545368987,887.55,0
2011-06-16,RELIANCE,EQ,900.55,901.0,901.0,884.1,886.05,887.55,890.99,5707528,508533516590000.0,148322.0,3342006.0,0.5855,-0.014435622675031956,-0.06965408805031448,-0.06676830871142425,913.9100000000001,931.2774999999999,0.003830038381279192,0.014124592490547873,0.01904118077854766,0.23875102387722946,868.75,0
2011-06-17,RELIANCE,EQ,887.55,891.3,893.3,865.2,866.9,868.75,874.93,5035618,440582499215000.0,170442.0,2956775.0,0.5872,-0.021181905244774923,-0.08020116463737426,-0.07045794992510168,898.76,928.555,0.003915213883262394,0.014579415228231996,0.03234532374100709,-0.1177234697753563,833.25,0
2011-06-20,RELIANCE,EQ,868.75,875.0,875.0,828.1,833.15,833.25,847.35,6926078,586884615405000.0,215554.0,3350325.0,0.4836999999999999,-0.04086330935251803,-0.09977312013828865,-0.11143695014662758,880.29,924.7475000000001,0.011752390502548239,0.01670065515900497,0.05628562856285626,0.37541767465284304,848.65,1
2011-06-21,RELIANCE,EQ,833.25,839.9,855.0,837.3,848.95,848.65,848.14,3980489,337599598965000.0,102793.0,1798284.0,0.4518,0.01848184818481835,-0.06879903439951729,-0.11437516305765716,867.75,921.3925000000002,0.021407317573012022,0.017294388734533057,0.020856654686855648,-0.42528960834688834,845.8,0
2011-06-22,RELIANCE,EQ,848.65,853.35,858.15,834.15,846.7,845.8,842.78,4596259,387364107185000.0,96249.0,2343085.0,0.5098,-0.0033582749072056384,-0.06079618011215371,-0.10893383902233467,856.8,918.3825,0.021947575701827256,0.017215915929376973,0.02837550248285647,0.15469707365100116,870.5,1
2011-06-23,RELIANCE,EQ,845.8,846.55,872.7,845.9,870.75,870.5,863.74,4734842,408967195510000.0,123526.0,2467225.0,0.5211,0.02920312130527325,-0.01921018534167085,-0.08752620545073375,853.39,915.2149999999999,0.02855421592071622,0.0170587874223867,0.030786904078116104,0.030151259970336852,871.4,1
2011-06-24,RELIANCE,EQ,870.5,874.15,879.7,855.6,868.5,871.4,866.87,7239303,627556249175000.0,150708.0,4291032.0,0.5927,0.0010338885697873668,0.0030503597122302217,-0.07739544732662784,853.9200000000001,911.5125,0.026797914560358634,0.01669010273765806,0.027656644480146916,0.5289428876401789,871.55,1
2011-06-27,RELIANCE,EQ,871.4,866.7,881.8,861.85,872.0,871.55,874.41,3280025,286809606875000.0,88833.0,1744078.0,0.5317000000000001,0.00017213679137029203,0.04596459645964601,-0.058394554883319016,861.5799999999999,908.1475,0.01407241855722261,0.016698080536860012,0.022890252997533053,-0.5469142540379923,871.1,0
2011-06-28,RELIANCE,EQ,871.55,878.9,878.9,862.0,871.5,871.1,868.86,2336039,202968988450000.0,63762.0,1063116.0,0.4551,-0.0005163214961848572,0.026453779532198185,-0.04416524935535193,866.07,904.11,0.013459652459550912,0.016210934025475993,0.019400757662725265,-0.2877984161706084,885.25,1
2011-06-29,RELIANCE,EQ,871.1,875.7,888.0,872.1,887.0,885.25,879.81,2841435,249993159905000.03,78475.0,1660105.0,0.5842,0.01624382964068416,0.046642232206195455,-0.01698961745599903,873.9599999999998,901.0324999999999,0.013156094181733425,0.016844180264874876,0.01796102795820387,0.21634741543270475,898.5,1
2011-06-30,RELIANCE,EQ,885.25,888.7,902.0,887.0,895.05,898.5,895.72,4970476,445215013325000.0,90446.0,2933798.0,0.5902000000000001,0.01496752329850315,0.032165422171166025,0.012337333107993897,879.5599999999998,898.405,0.008451603613803507,0.01725455110869305,0.01669449081803005,0.7492837245969026,861.95,0
2011-07-01,RELIANCE,EQ,898.5,907.0,907.0,856.7,859.9,861.95,870.02,6555284,570322553290000.0,128948.0,3650883.0,0.5569,-0.04067890929326645,-0.010844617856323069,-0.00782733812949632,877.6700000000001,894.7725,0.0230418346861615,0.01899979947062747,0.05835605313533262,0.318844311892865,868.4,1
2011-07-04,RELIANCE,EQ,861.95,874.4,879.4,865.0,868.6,868.4,870.02,3771511,328127997950000.0,101705.0,2279704.0,0.6045,0.007483032658506694,-0.0036142504732946668,0.04218421842184217,877.04,891.3050000000001,0.023439677561229617,0.019104197857057362,0.01658222017503452,-0.4246609300222538,845.95,0
2011-07-05,RELIANCE,EQ,868.4,869.3,869.3,844.0,845.4,845.95,853.31,7727430,659390262825000.0,152680.0,4913321.0,0.6358,-0.02585214187010587,-0.028871541728848538,-0.0031815235962999733,872.01,885.6899999999999,0.026038507270261503,0.018724928057006797,0.029907204917548263,1.0488949919541533,852.9,1
2011-07-06,RELIANCE,EQ,845.95,848.85,858.5,840.7,852.55,852.9,850.04,6143838,522253513725000.0,167251.0,3114346.0,0.5069,0.008215615580116964,-0.03654334933634573,0.008394419484511806,865.54,880.875,0.02456302024009163,0.018970971626670243,0.02086997303318086,-0.2049312643401493,870.7,1
2011-07-07,RELIANCE,EQ,852.9,858.0,874.9,855.25,871.9,870.7,864.21,4603204,397812622565000.0,151607.0,2539009.0,0.5516,0.020869973033180944,-0.030940456316082332,0.00022975301550842708,859.9799999999999,876.71,0.025993294092393635,0.019733484576096617,0.022568048696451105,-0.25076084362901496,854.85,0
2011-07-08,RELIANCE,EQ,870.7,873.0,874.0,852.0,854.3,854.85,858.61,4785969,410927689480000.0,82105.0,2972609.0,0.6211,-0.01820374411393133,-0.008237136724868033,-0.018992425981179673,858.5600000000001,872.2275,0.019669428080129628,0.01994138698071524,0.025735509153652688,0.039703867132545145,853.3,0
2011-07-11,RELIANCE,EQ,854.85,854.0,859.95,847.0,852.8,853.3,854.56,2194126,187502203825000.0,60289.0,885377.0,0.4035,-0.0018131835994619205,-0.017388300322432104,-0.02093970512305665,855.54,868.6125,0.01903754343969722,0.019622665833265957,0.01517637407711244,-0.5415503109192725,847.75,0
2011-07-12,RELIANCE,EQ,853.3,847.5,857.4,845.7,847.5,847.75,849.72,2986757,253790491680000.03,84280.0,1668966.0,0.5588000000000001,-0.006504160318762442,0.002127785330102272,-0.02680518884169447,855.9,865.4324999999999,0.014821477803367008,0.019447840879438835,0.01380123857269234,0.361251359311179,865.45,1
2011-07-13,RELIANCE,EQ,847.75,853.05,869.7,851.1,867.6,865.45,860.62,3892719,335015175475000.0,95561.0,2135723.0,0.5486,0.020878796815098744,0.014714503458787664,-0.022366563117763305,858.4100000000001,863.6775,0.017335451451694545,0.02006904024103853,0.021491709515281093,0.30332631680448063,867.55,1
2011-07-14,RELIANCE,EQ,865.45,863.3,877.9,859.35,864.9,867.55,867.88,3043021,264099110190000.0,87903.0,1386733.0,0.4557,0.0024264833323703883,-0.00361777879866787,-0.034446299387868695,857.78,862.6775,0.014289084380403676,0.01986309597217996,0.021382052907613344,-0.21827879176483067,873.2,1
2011-07-15,RELIANCE,EQ,867.55,867.7,876.0,865.0,872.5,873.2,871.34,2332976,203281802700000.0,97923.0,1168716.0,0.501,0.006512592934124983,0.02146575422588759,0.013051801148558528,861.45,862.9,0.010456613097587705,0.019336777321570818,0.012597343105817681,-0.2333355570007568,867.6,0
2011-07-18,RELIANCE,EQ,873.2,871.9,873.9,864.2,866.0,867.6,869.0,1504709,130759171730000.0,42399.0,710186.0,0.472,-0.006413192853870875,0.01675846712762219,-0.0009212344541685846,864.3100000000001,864.6175000000001,0.011297493902725731,0.016837175650502335,0.011180267404333715,-0.35502594111555374,879.45,1
2011-07-19,RELIANCE,EQ,867.6,867.5,881.4,866.0,878.15,879.45,874.18,2245330,196281636965000.0,71767.0,1088143.0,0.4846,0.013658367911479896,0.03739309938071367,0.03960044919912531,870.65,866.1574999999999,0.010454329170809322,0.016624238788767516,0.017510944340212605,0.49220214672737383,876.2,0
2011-07-20,RELIANCE,EQ,879.45,886.0,886.8,868.8,874.8,876.2,877.9,2555594,224356613480000.03,79529.0,1272175.0,0.4978,-0.003695491500369519,0.012421283725229548,0.027318560206354814,872.8,867.6775,0.0080381057736953,0.016630039955244518,0.02054325496461995,0.1381819153531998,860.85,0
2011-07-21,RELIANCE,EQ,876.2,875.95,875.95,857.55,858.0,860.85,866.59,1802647,156215382995000.0,57903.0,893671.0,0.4958,-0.017518831317050898,-0.007722897815687801,-0.011312736878373753,871.46,867.195,0.012036818407315528,0.015856320058108803,0.02137422315153638,-0.29462700256770047,873.35,1
2011-07-22,RELIANCE,EQ,860.85,866.0,877.0,862.5,873.0,873.35,871.82,3498193,304978948870000.0,88249.0,2078359.0,0.5941,0.014520532032293643,0.0001717819514428509,0.021641223606480686,871.4900000000001,867.2924999999999,0.013775260526651725,0.01620509366856187,0.016602736588996393,0.9405868148339636,882.85,1
2011-07-25,RELIANCE,EQ,873.35,892.0,892.0,879.15,881.6,882.85,884.58,5007164,442925917605000.0,116024.0,2423803.0,0.4841,0.010877655006583886,0.017577224527431934,0.034630258994492014,874.54,867.8574999999998,0.013897997172217859,0.016378694862738002,0.014555133941213142,0.43135727502742127,871.5,0
2011-07-26,RELIANCE,EQ,882.85,888.25,890.15,869.4,870.35,871.5,876.83,4677273,410116882940000.0,182436.0,2545389.0,0.5442,-0.012856091068698006,-0.009039740747057823,0.028015334709525108,872.95,867.8774999999999,0.014141896186123125,0.01665982497867604,0.023809523809523808,-0.06588380168894004,860.85,0
2011-07-27,RELIANCE,EQ,871.5,875.0,875.0,859.15,860.8,860.85,865.07,3126064,270426558755000.03,75129.0,1988535.0,0.6361,-0.012220309810671237,-0.017518831317050898,-0.005315153966144792,869.8800000000001,866.6575,0.01492938425273886,0.01642732991345391,0.018412034616948392,-0.33164816336356673,837.35,0
2011-07-28,RELIANCE,EQ,860.85,855.0,855.0,833.4,837.7,837.35,839.63,7154511,600714985170000.0,157298.0,4080997.0,0.5704,-0.027298600220712066,-0.027298600220712066,-0.034810673736384024,865.18,863.6,0.017631280108164615,0.01693956163907141,0.02579566489520514,1.2886642755874478,827.95,0
2011-07-29,RELIANCE,EQ,837.35,840.0,847.25,823.15,828.0,827.95,835.82,4890181,408729401225000.0,130721.0,2679709.0,0.5479999999999999,-0.011225891204394767,-0.05198374076830592,-0.05182088868529544,856.1,861.9,0.013676848001155716,0.014652170250021627,0.029108037924995497,-0.31648983417594856,830.85,1
2011-08-01,RELIANCE,EQ,827.95,838.0,838.0,821.35,831.5,830.85,828.7,3255486,269780511500000.0,87062.0,1661701.0,0.5104,0.003502626970227629,-0.05890015291385853,-0.04235822959889346,845.7,860.0225,0.010905931336135384,0.014544536933930876,0.020039718360714904,-0.33428108284744473,837.3,1
2011-08-02,RELIANCE,EQ,830.85,827.55,838.9,818.5,837.55,837.3,829.55,3787775,314213104785000.0,106684.0,1793988.0,0.4736,0.007763134139736394,-0.039242685025817625,-0.04792768207402365,838.86,859.5899999999999,0.013976640375327169,0.01356546040396045,0.024364027230383348,0.16350523393434968,825.05,0
2011-08-03,RELIANCE,EQ,837.3,826.75,836.2,823.1,825.25,825.05,828.4,3219680,266717191235000.0,66906.0,1649112.0,0.5122,-0.014630359488833178,-0.041586803740489175,-0.05837708285779508,831.7,858.1975,0.014202791139056257,0.01375996000712712,0.01587782558632813,-0.14998118948459183,812.35,0
2011-08-04,RELIANCE,EQ,825.05,828.0,831.65,810.05,811.0,812.35,820.84,3140142,257756809865000.0,88226.0,1469924.0,0.4681,-0.015393006484455407,-0.029856093628709668,-0.05633966428529946,826.7,855.28,0.010836804658331837,0.013016742910508495,0.026589524219856,-0.02470369726183974,792.0,0
2011-08-05,RELIANCE,EQ,812.35,799.5,799.5,779.0,791.9,792.0,789.79,5994097,473408869605000.0,157581.0,3040193.0,0.5072,-0.025050778605281043,-0.04342049640678791,-0.09314707734585215,819.51,852.1375,0.013849488538131808,0.013507871222869587,0.025883838383838384,0.9088617648501247,780.65,0
2011-08-08,RELIANCE,EQ,792.0,776.7,796.4,767.0,780.25,780.65,781.35,5084300,397263951305000.0,139239.0,2142216.0,0.4213,-0.01433080808080811,-0.0604200517542276,-0.11576145438069896,809.4699999999999,848.5049999999999,0.012085416107571197,0.013703261411766901,0.03766092358931657,-0.15178216168340286,765.3,0
2011-08-09,RELIANCE,EQ,780.65,753.0,779.0,753.0,767.5,765.3,765.19,7463019,571059326715000.0,167300.0,3586853.0,0.4806,-0.019663101261769067,-0.08599068434252954,-0.12185886402753876,795.0699999999999,844.3825,0.004580380490560378,0.014121660073419884,0.03397360512217431,0.4678557520209272,772.75,1
2011-08-10,RELIANCE,EQ,765.3,785.35,790.0,765.0,770.4,772.75,776.76,4056543,315096314910000.0,113131.0,2057041.0,0.5071,0.009734744544622975,-0.06339009756984415,-0.10234070976360576,784.61,839.7475000000001,0.01336007742638551,0.013238741606854136,0.03235198964736331,-0.4564474510918437,772.2,0
2011-08-11,RELIANCE,EQ,772.75,768.35,784.95,765.0,770.8,772.2,776.23,2489305,193227763465000.0,77957.0,948672.0,0.3811,-0.000711743772241924,-0.04942450914014895,-0.07780497999641722,776.5799999999999,834.9799999999999,0.014268751812793965,0.013157385502607517,0.02583527583527589,-0.3863481787324823,760.9,0
2011-08-12,RELIANCE,EQ,772.2,783.0,783.0,758.0,758.9,760.9,767.38,3936767,302099212760000.0,112482.0,2262471.0,0.5747,-0.0146335146335147,-0.03926767676767684,-0.08098315115647092,770.3599999999999,829.365,0.012121459535627927,0.012970805415154232,0.0328558286239979,0.581472338664808,759.15,0
2011-08-16,RELIANCE,EQ,760.9,760.0,772.3,754.7,764.1,759.15,765.21,2580004,197424098710000.0,77229.0,1340975.0,0.5197999999999999,-0.0022999080036798514,-0.027541151604432157,-0.08629716555334899,766.06,823.9424999999999,0.011718349644992528,0.013009467161172523,0.023183824013699412,-0.34463888769642703,755.0,0
2011-08-17,RELIANCE,EQ,759.15,760.5,774.4,751.0,753.8,755.0,759.89,3096352,235288582345000.0,78570.0,1332358.0,0.4303,-0.005466640321412086,-0.013458774336861268,-0.09829212946375254,764.0,817.72,0.008786298363900154,0.012116287891887645,0.03099337748344368,0.20013457343476992,741.2,0
2011-08-18,RELIANCE,EQ,755.0,757.7,760.0,737.0,737.65,741.2,747.18,3914915,292512676265000.0,90562.0,1994411.0,0.5094,-0.018278145695364123,-0.040828210934972464,-0.10163020423004654,757.6899999999999,810.97,0.007766676262208109,0.012310620100714483,0.031030760928224498,0.26436367699796404,732.55,0
2011-08-19,RELIANCE,EQ,741.2,731.05,739.0,721.3,731.0,732.55,729.26,4663092,340058478720000.0,102499.0,2335146.0,0.5008,-0.011670264436049793,-0.051346801346801474,-0.09823352003446795,749.76,804.5550000000001,0.006548408945219047,0.012147465356731032,0.024162173230496277,0.19110938551667145,757.0,1
2011-08-22,RELIANCE,EQ,732.55,731.0,759.85,725.6,759.85,757.0,741.8,3552807,263548500285000.0,91864.0,1357416.0,0.3821,0.033376561326871945,-0.0051255092653436085,-0.04419191919191923,748.98,798.7375,0.020097822788631203,0.014490401328323887,0.0452443857331572,-0.23810059934481242,765.25,1
2011-08-23,RELIANCE,EQ,757.0,760.35,772.0,747.5,765.6,765.25,760.12,4008613,304704525705000.0,120271.0,2337942.0,0.5832,0.01089828269484805,0.008035302641111741,-0.019727150451546716,750.2,792.8575,0.020719785603129013,0.014491743229452783,0.03201568114995099,0.12829461324524516,761.3,0
2011-08-24,RELIANCE,EQ,765.25,764.0,769.5,756.0,760.0,761.3,762.17,2968791,226273304330000.03,69105.0,1682164.0,0.5666,-0.005161711858869711,0.008344370860926986,-0.005226708480334463,751.46,787.3475,0.020693585582873385,0.014430735333602234,0.01773282543018521,-0.2593969535098549,753.5,0
2011-08-25,RELIANCE,EQ,761.3,761.6,769.0,750.25,751.0,753.5,757.21,4849218,367188839000000.0,86360.0,2971967.0,0.6129,-0.010245632470773591,0.016594711279007024,-0.02491103202846978,753.9200000000001,781.9799999999999,0.018983082979725036,0.014397247677514385,0.02488387524883875,0.6333982419105959,719.4,0
2011-08-26,RELIANCE,EQ,753.5,751.0,756.1,712.0,722.0,719.4,735.29,4457788,327775858120000.0,114276.0,2261771.0,0.5074000000000001,-0.045255474452554734,-0.017950993106272572,-0.06837606837606847,751.29,776.0825000000001,0.02897726906697396,0.016206248725547347,0.06130108423686409,-0.08072023159198038,755.05,1
2011-08-29,RELIANCE,EQ,719.4,731.1,759.9,728.35,754.35,755.05,747.58,4186930,313008470485000.0,101102.0,2195594.0,0.5244,0.04955518487628585,-0.0025759577278732237,-0.007688263898015579,750.9,772.4375,0.03447518807127725,0.020569847441074526,0.041785312230978026,-0.06076062836545837,782.6,1
2011-08-30,RELIANCE,EQ,755.05,765.0,796.3,764.0,785.05,782.6,779.16,7821448,609417827475000.0,152811.0,4144465.0,0.5299,0.03648764982451502,0.022672329304149086,0.030889810972798637,754.37,770.025,0.038203108899013585,0.022471117778816607,0.041272680807564466,0.8680627571991888,805.45,1
2011-09-02,RELIANCE,EQ,782.6,796.7,813.7,789.45,805.2,805.45,802.88,7791545,625563795475000.0,137175.0,4784504.0,0.6141,0.029197546639407213,0.05799290686982794,0.0668211920529802,763.2,768.4325,0.03898344661096741,0.023487025701612516,0.030107393382581164,-0.003823205114960815,788.85,0
2011-09-05,RELIANCE,EQ,805.45,794.5,799.0,782.95,788.75,788.85,789.07,4567377,360398559660000.0,92381.0,2141609.0,0.4689,-0.020609597119622625,0.04691439946914411,0.06428764166216938,770.2700000000001,766.6225,0.040696409196699486,0.023697693234285708,0.02034607339798435,-0.41380342409624793,821.5,1
2011-09-06,RELIANCE,EQ,788.85,783.2,825.5,776.5,825.1,821.5,801.44,7162305,574014934650000.0,131295.0,3400142.0,0.4747,0.041389364264435624,0.14192382541006388,0.12142515869223947,790.69,767.08,0.027735809328688684,0.02534951627283354,0.05964698721850274,0.5681440354058795,833.5,1
2011-09-07,RELIANCE,EQ,821.5,824.0,843.5,823.7,833.0,833.5,833.91,7186238,599267077585000.0,124508.0,4041586.0,0.5624,0.014607425441266031,0.10390040394675859,0.10105680317040955,806.38,769.155,0.0249596253952821,0.024760006160983155,0.023755248950209903,0.003341522037947353,852.45,1
2011-09-08,RELIANCE,EQ,833.5,833.5,859.0,814.5,857.5,852.45,837.02,8065388,675085377855000.0,166292.0,3310878.0,0.4105,0.02273545290941814,0.08925376948632757,0.11394968964390717,820.35,772.745,0.023428861493523447,0.024793835828302923,0.052202475218487886,0.12233800216469315,825.75,0
2011-09-09,RELIANCE,EQ,852.45,852.15,858.55,823.7,824.4,825.75,837.29,6757863,565830461895000.0,137445.0,3241788.0,0.4797,-0.031321485131092786,0.025203302501707103,0.08465782214632878,824.4100000000001,775.7675,0.030436358422564893,0.02552308205576751,0.042204056917953266,-0.1621155733611328,806.3,0
2011-09-12,RELIANCE,EQ,825.75,810.35,822.45,795.25,805.0,806.3,808.08,4246961,343186713255000.0,100727.0,1251431.0,0.2947,-0.023554344535271055,0.0221208087722633,0.07007299270072997,827.9,777.4449999999999,0.031086066254754047,0.026213519096483156,0.03373434205630665,-0.37155266391165376,810.25,1
2011-09-13,RELIANCE,EQ,806.3,813.2,824.75,796.75,812.0,810.25,811.99,5806114,471447870930000.0,123027.0,2018672.0,0.3477,0.0048989209971475045,-0.013694461351186904,0.12628579371698634,825.65,779.3475,0.023760239670720815,0.02620790139263818,0.03455723542116631,0.3671220432681157,825.4,1
2011-09-14,RELIANCE,EQ,810.25,813.9,829.75,805.2,826.85,825.4,816.77,4694876,383465349305000.0,112644.0,1294762.0,0.2758,0.01869793273680953,-0.009718056388722252,0.09317263757367056,824.03,782.5725,0.024554822106551386,0.02610504712304874,0.029743154834019816,-0.19139100610149917,836.3,1
2011-09-15,RELIANCE,EQ,825.4,833.0,838.6,813.55,835.3,836.3,827.65,4664709,386073714715000.0,107864.0,1512161.0,0.3242,0.013205718439544434,-0.01894539269165363,0.0686174290825452,820.8,786.4300000000001,0.02246395537908395,0.026125865572419412,0.029953366016979635,-0.006425515817670147,825.65,0
2011-09-16,RELIANCE,EQ,836.3,850.0,850.0,821.0,828.0,825.65,832.76,6128496,510355880915000.0,97691.0,2835648.0,0.4627,-0.012734664594045153,-0.00012110202845905249,0.025079148302191268,820.78,789.9625,0.01778292154343635,0.026331407022748325,0.03512384182159511,0.3138002820754735,821.55,0
2011-09-19,RELIANCE,EQ,825.65,825.0,829.15,815.6,823.05,821.55,822.54,2924971,240590584665000.0,58507.0,1053425.0,0.3601,-0.00496578453339791,0.018913555748480748,0.04145274767065965,823.8299999999999,793.9799999999999,0.01286327711406245,0.02588144482993385,0.01649321404661914,-0.5227261305220726,851.8,1
2011-09-20,RELIANCE,EQ,821.55,823.0,853.95,816.3,852.1,851.8,837.43,4214600,352945261655000.0,102689.0,1566868.0,0.3718,0.03682064390481399,0.051280468991051986,0.03688374923919646,832.14,799.9425,0.019659015952438567,0.026455528442402693,0.04420051655318161,0.4409031747665191,837.6,0
2011-09-21,RELIANCE,EQ,851.8,850.9,850.9,832.3,835.05,837.6,838.76,3892821,326515708355000.0,88473.0,1243401.0,0.3194,-0.016670579948344644,0.014780712381875505,0.004919016196760717,834.5799999999999,803.9725000000001,0.022056018789033065,0.026285414379654856,0.022206303724928392,-0.07634864518578277,786.35,0
2011-09-22,RELIANCE,EQ,837.6,823.95,827.9,780.0,780.25,786.35,803.06,6239874,501097331740000.0,139705.0,2585867.0,0.4144,-0.06118672397325697,-0.05972737056080346,-0.07754120476274273,824.5899999999999,805.0274999999999,0.03490810917319027,0.030149717772158035,0.060914351115915276,0.6029182949845369,770.6,0
2011-09-23,RELIANCE,EQ,786.35,773.9,792.6,764.1,768.0,770.6,777.84,8803427,684767762540000.0,174028.0,3098528.0,0.352,-0.020029249062122445,-0.06667474111306237,-0.0667877686951256,813.5799999999999,805.4925000000001,0.035111522915282016,0.0305113774067423,0.03698416818063846,0.41083409697054774,759.2,0
2011-09-26,RELIANCE,EQ,770.6,769.2,770.7,747.55,760.45,759.2,758.17,6217951,471429388780000.0,129410.0,3042657.0,0.4893,-0.014793667272255395,-0.07589312884182331,-0.05841498201661899,801.11,805.7775,0.034808661237103924,0.0306167697998832,0.03049262381454174,-0.29368971878792205,797.2,1
2011-09-27,RELIANCE,EQ,759.2,774.0,800.7,772.0,798.65,797.2,787.17,5039564,396699701255000.0,124486.0,2478936.0,0.4919,0.05005268703898835,-0.06409955388588862,-0.016106140080222042,790.1899999999999,809.6674999999999,0.03988288082687307,0.030484131560707187,0.03600100351229308,-0.18951371601352274,797.2,0
2011-09-28,RELIANCE,EQ,797.2,799.75,806.3,789.1,796.05,797.2,797.08,5722488,456125286955000.0,124442.0,2187171.0,0.3822,0.0,-0.048233046800381985,-0.03416525321056452,782.11,811.775,0.04014567775305906,0.028683207081022483,0.02157551430005009,0.13551251655897212,807.7,1
2011-09-29,RELIANCE,EQ,797.2,790.5,812.75,784.45,810.05,807.7,798.21,7203038,574955891470000.0,120443.0,3675036.0,0.5102,0.013171098845960794,0.027150759839766003,-0.03419825421499456,786.3800000000001,813.03,0.02800647628559318,0.02771266065750703,0.03503776154512808,0.25872487631254093,808.35,1
2011-09-30,RELIANCE,EQ,807.7,803.5,822.9,792.5,805.55,808.35,809.05,7987653,646241277345000.0,173347.0,3601078.0,0.4508,0.00080475424043569,0.04898780171295103,-0.020953188397020428,793.9300000000001,813.175,0.02456336196660531,0.026960166863572763,0.03760747201088634,0.10892834384602712,788.2,0
2011-10-03,RELIANCE,EQ,808.35,791.2,799.9,784.1,786.75,788.2,791.13,4825259,381740306745000.0,90707.0,2473572.0,0.5126,-0.024927321086163134,0.03819810326659634,-0.04059399914795192,799.73,813.1425,0.02736323822431515,0.027154903012787206,0.020045673686881444,-0.39591028804080497,771.6,0
2011-10-04,RELIANCE,EQ,788.2,784.0,790.8,765.25,771.15,771.6,778.35,6000741,467067070990000.0,124573.0,2578492.0,0.4296999999999999,-0.021060644506470494,-0.032112393376818926,-0.09415355717304519,794.61,810.6475,0.016078654237340104,0.025736087308839348,0.03311301192327625,0.24361013574608115,767.0,0
2011-10-05,RELIANCE,EQ,771.6,772.55,777.9,761.75,765.35,767.0,768.93,4739596,364442284985000.0,108407.0,1800308.0,0.3797999999999999,-0.00596163815448425,-0.03788258906171604,-0.08428844317096473,788.57,807.3225,0.01570181151487473,0.02541227108138827,0.02105606258148628,-0.21016487797090389,802.9,1
2011-10-07,RELIANCE,EQ,767.0,786.7,808.0,784.9,806.05,802.9,795.33,4551326,361981348975000.0,148911.0,2278876.0,0.5007,0.0468057366362451,-0.005942800544756821,0.021046607744642953,787.61,804.845,0.028671075339068326,0.02724131865630332,0.028770706190061057,-0.03972279493864039,829.25,1
2011-10-10,RELIANCE,EQ,802.9,804.25,830.9,804.2,829.0,829.25,821.32,3393633,278727334620000.0,101332.0,1235323.0,0.364,0.032818532818532864,0.02585513700748443,0.07610952504541912,791.79,805.02,0.03246197339604479,0.02746131503915202,0.03219776906843525,-0.254363893072041,827.0,0
2011-10-11,RELIANCE,EQ,829.25,835.0,841.4,822.5,824.5,827.0,830.94,3592510,298515819290000.0,83747.0,1344026.0,0.3741,-0.0027132951462164323,0.049226084750063404,0.08930453108535286,799.55,806.0550000000001,0.028532922276836792,0.02688714143594662,0.02285368802902053,0.058602977988486016,849.65,1
2011-10-12,RELIANCE,EQ,827.0,829.4,851.9,826.05,847.6,849.65,838.85,3947624,331146958715000.0,90025.0,1428349.0,0.3618,0.02738814993954053,0.10115344738206322,0.06579277471149014,815.16,808.025,0.02305859222354202,0.02749524730724557,0.030424292355675894,0.09884843744345884,846.9,0
2011-10-13,RELIANCE,EQ,849.65,850.0,858.0,842.1,845.25,846.9,849.78,4195352,356510734590000.0,111283.0,1555746.0,0.3707999999999999,-0.0032366268463485115,0.10417209908735336,0.06234320120421466,831.14,809.1,0.022321827228132998,0.027261521266650695,0.01877435352461917,0.06275369690730415,866.9,1
2011-10-14,RELIANCE,EQ,846.9,842.0,869.7,841.5,865.0,866.9,860.41,4085035,351479732955000.0,112218.0,1179539.0,0.2887,0.023615539024678167,0.07971104745298296,0.07329454005199931,843.9399999999999,810.63,0.017247313166609365,0.027591354432209392,0.0325297035413543,-0.026295052238763272,833.8,0
2011-10-17,RELIANCE,EQ,866.9,867.0,868.85,831.15,833.05,833.8,840.34,5040808,423597571620000.0,134399.0,1900108.0,0.3769,-0.038182027915561245,0.005486885740126457,0.03148388693016635,844.85,811.0375,0.02633469793183272,0.02887141725177157,0.045214679779323634,0.23396935399574303,819.9,0
2011-10-18,RELIANCE,EQ,833.8,825.0,826.4,811.35,820.7,819.9,817.64,4182965,342014659930000.0,109003.0,1932200.0,0.4619,-0.016670664427920312,-0.00858524788391779,0.04021821872621145,843.43,810.955,0.027586306707103478,0.029113926355698816,0.018355897060617094,-0.17017966167328735,843.0,1
2011-10-19,RELIANCE,EQ,819.9,825.5,845.0,824.1,841.6,843.0,836.18,2713867,226927475645000.0,69847.0,949120.0,0.3497,0.028174167581412446,-0.007826752192079067,0.09253499222395023,842.1,810.515,0.027792959720701147,0.028602820814013597,0.02479240806642939,-0.3512097280278462,838.7,0
2011-10-20,RELIANCE,EQ,843.0,834.85,840.9,822.0,840.4,838.7,829.69,2279371,189117197790000.0,61441.0,572567.0,0.2512,-0.005100830367734233,-0.00968237100011804,0.09348109517601055,840.46,810.57,0.027838573070046814,0.02836670887586046,0.02253487540240846,-0.16010217155077977,835.75,0
2011-10-21,RELIANCE,EQ,838.7,840.0,849.2,831.1,839.2,835.75,841.53,2364175,198952350870000.0,62752.0,563838.0,0.2385,-0.0035173482770956,-0.03593263352174414,0.04091418607547648,834.2300000000001,813.0400000000001,0.02407686016792043,0.024429581092310228,0.02165719413700272,0.03720500085330558,846.5,1
2011-10-24,RELIANCE,EQ,835.75,848.0,854.0,843.55,845.2,846.5,848.33,2075894,176104666930000.0,53038.0,743502.0,0.3582,0.012862698175291731,0.015231470376589229,0.02080192945432624,836.7700000000001,816.835,0.01750666973880514,0.02387498708864004,0.012344949793266445,-0.1219372508380302,875.95,1
2011-10-25,RELIANCE,EQ,846.5,855.0,880.95,842.15,877.0,875.95,865.09,5197046,449589771215000.0,104429.0,2595471.0,0.4994,0.0347903130537508,0.06836199536528853,0.05918984280532058,847.9799999999999,822.6725,0.018059477251032945,0.024284892434057754,0.044294765682972845,1.5035218561256016,873.6,0
2011-10-26,RELIANCE,EQ,875.95,879.0,881.5,871.05,872.0,873.6,874.74,737231,64488320690000.0,23106.0,226438.0,0.3071,-0.002682801529767742,0.036298932384341676,0.02818807744365337,854.1,826.4925000000001,0.0170081486923243,0.02218889544134509,0.011961996336996388,-0.8581442226988177,900.0,1
2011-10-28,RELIANCE,EQ,873.6,899.7,904.0,884.1,900.4,900.0,894.68,5606883,501638921150000.0,143535.0,3574282.0,0.6375000000000001,0.030219780219780112,0.0730893048765946,0.06269925611052085,866.36,831.6325,0.017897106289995517,0.022862191643951868,0.022111111111111085,6.605327231220608,877.55,0
2011-10-31,RELIANCE,EQ,900.0,898.0,899.3,872.55,875.0,877.55,885.78,3628082,321368627515000.0,86776.0,2282284.0,0.6291,-0.024944444444444547,0.050014956625785256,0.012285153997000808,874.72,835.125,0.02456394597749055,0.023830053542586632,0.030482593584411147,-0.35292354058395725,860.6,0
2011-11-01,RELIANCE,EQ,877.55,870.5,878.5,857.6,861.0,860.6,866.16,3745221,324396433155000.0,77468.0,2094502.0,0.5592,-0.0193151387385333,0.016656822209096367,0.03214200047973148,877.54,837.7375,0.02766229336823487,0.024408549980449983,0.02428538229142456,0.03228675647353074,871.8,1
2011-11-02,RELIANCE,EQ,860.6,855.0,880.95,855.0,872.4,871.8,871.79,3143275,274026790255000.03,80915.0,1165666.0,0.3707999999999999,0.013014176156169954,-0.004737713339802552,0.06330040248810831,876.71,841.9174999999999,0.02281639063583824,0.023548843233598547,0.029766001376462545,-0.1607237596926857,885.9,1
2011-11-03,RELIANCE,EQ,871.8,867.75,889.35,863.0,889.35,885.9,876.45,3666997,321394910860000.0,79172.0,1628434.0,0.4441,0.016173434273916154,0.014079670329670169,0.05088967971530245,879.1700000000001,847.6325,0.02394573319345367,0.022814251026052144,0.029743763404447482,0.16661666573875977,879.95,0
2011-11-04,RELIANCE,EQ,885.9,905.0,905.0,872.65,879.05,879.95,883.47,4171957,368579713720000.0,96283.0,1934117.0,0.4636,-0.006716333671971886,-0.02227777777777773,0.049183259806844015,875.1600000000001,853.28,0.018550011650857238,0.022837737933819793,0.036763452468890304,0.13770395776162347,883.7,1
2011-11-08,RELIANCE,EQ,879.95,879.0,885.0,868.5,884.0,883.7,878.49,2313308,203222812185000.0,70086.0,880382.0,0.3806,0.004261605773055344,0.007008147683892796,0.05737361651211481,876.39,857.32,0.01463120961240755,0.020842801719514678,0.01867149485119384,-0.4455101047302261,864.95,0
2011-11-09,RELIANCE,EQ,883.7,890.05,892.65,861.15,864.25,864.95,877.66,2666312,234012757965000.0,58923.0,1341489.0,0.5031,-0.021217607785447568,0.005054613060655466,0.02179562906083876,877.26,859.1049999999999,0.015316024353823047,0.020548803394497137,0.03641829007457078,0.15259706014071628,885.35,1
2011-11-11,RELIANCE,EQ,864.95,859.0,888.8,850.1,887.8,885.35,868.89,4969253,431772012945000.0,112330.0,2188629.0,0.4404,0.02358517833400775,0.015542555632025667,0.010731206119070746,879.97,862.0225,0.017885358915203507,0.021045846086658642,0.04371152651493752,0.8637177494606783,876.7,0
2011-11-14,RELIANCE,EQ,885.35,891.4,896.0,873.0,873.6,876.7,887.05,3656473,324349237135000.0,86923.0,1599468.0,0.4374,-0.009770147399333573,-0.01038491929111629,0.003548534798534897,878.1300000000001,863.375,0.016924393842625906,0.020469920636137753,0.02623474392608646,-0.2641805518857663,861.45,0
2011-11-15,RELIANCE,EQ,876.7,871.0,878.0,856.25,857.9,861.45,868.12,2262503,196411303980000.0,63435.0,734879.0,0.3248,-0.017394775864035594,-0.021023921813739466,-0.04283333333333328,874.4300000000001,864.1025,0.018291387509033655,0.020892524746617964,0.025248128156016018,-0.3812335001516489,848.1,0
2011-11-16,RELIANCE,EQ,861.45,859.1,859.1,837.35,853.95,848.1,846.91,3043186,257731079225000.0,80467.0,1167846.0,0.3838,-0.015497126937140893,-0.04028516464863641,-0.03355934134807126,867.3100000000001,863.1625,0.018165306562031348,0.020496842805863964,0.02564556066501592,0.34505280213993084,809.95,0
2011-11-17,RELIANCE,EQ,848.1,845.05,848.65,806.25,807.0,809.95,825.29,5538055,457051618075000.0,144793.0,2496531.0,0.4508,-0.04498290295955665,-0.06358749060639346,-0.05885428770625145,856.3100000000001,861.97,0.02448053408543881,0.021192575545106368,0.05234891042656951,0.8198213977062196,808.1,0
2011-11-18,RELIANCE,EQ,809.95,800.3,811.95,787.0,809.95,808.1,796.95,4958044,395129900450000.0,123229.0,2213676.0,0.4465,-0.0022840916105932862,-0.08725362850849949,-0.0730672172516631,840.86,861.3799999999999,0.0161974300843711,0.020883024430541446,0.030874891721321674,-0.10473189594541765,786.35,0
2011-11-21,RELIANCE,EQ,808.1,800.0,800.0,781.5,788.55,786.35,787.84,4049501,319035767800000.0,99527.0,1872769.0,0.4625,-0.026914985769088018,-0.10305691798790928,-0.11237159950332987,822.7900000000002,858.5474999999999,0.015834069064971215,0.02052960788063891,0.023526419533286703,-0.18324625598320632,795.2,1
2011-11-22,RELIANCE,EQ,786.35,788.1,804.45,786.6,795.0,795.2,795.93,4382352,348805854070000.0,91512.0,2067545.0,0.4718,0.011254530425383047,-0.07690521794648553,-0.0963122904710495,809.54,856.3725000000001,0.021736131438545067,0.02077716056388985,0.022447183098591575,0.08219555940349199,773.4,0
2011-11-23,RELIANCE,EQ,795.2,789.9,789.9,755.8,775.0,773.4,771.24,5419769,417992238760000.0,135597.0,2440926.0,0.4504,-0.027414486921529257,-0.08807923593915812,-0.12481611406585957,794.6,853.2549999999999,0.0223549800387828,0.02151556198495916,0.04409102663563489,0.23672607768613751,773.15,0
2011-11-24,RELIANCE,EQ,773.4,775.0,778.0,753.15,775.15,773.15,765.19,6367715,487248962720000.0,144727.0,2970823.0,0.4664999999999999,-0.00032324799586247455,-0.04543490338909817,-0.10613330250303488,787.24,849.5875,0.017252408495397477,0.021182426674255534,0.032141240380262594,0.1749052404262985,753.8,0
2011-11-25,RELIANCE,EQ,773.15,769.7,771.25,751.0,751.7,753.8,761.33,3699725,281671258855000.0,106949.0,1426502.0,0.3856,-0.025027484964107893,-0.06719465412696457,-0.1485853052465127,776.3799999999999,843.4800000000001,0.017977067990270178,0.019529902665975575,0.026863889625895466,-0.41898703066955734,783.8,1
2011-11-28,RELIANCE,EQ,753.8,765.0,785.8,762.55,784.25,783.8,775.38,2522069,195555802605000.0,68490.0,862242.0,0.3419,0.03979835500132656,-0.0032428308005342243,-0.10596555264058416,775.87,838.99,0.027784981033449608,0.022187633707095516,0.029663179382495537,-0.31830906351147725,765.0,0
2011-11-29,RELIANCE,EQ,783.8,782.0,782.0,759.15,761.1,765.0,766.74,4803440,368297707135000.0,112512.0,1900259.0,0.3956,-0.023985710640469504,-0.037977867203219384,-0.11196238899529865,769.8299999999999,832.24,0.028566406819393337,0.0209104538633086,0.029869281045751664,0.904563277214065,778.25,1
2011-11-30,RELIANCE,EQ,765.0,756.7,783.3,753.1,783.25,778.25,768.64,4569146,351201641340000.0,106020.0,1758653.0,0.3849,0.017320261437908435,0.006271011119731051,-0.08236057068741898,770.8,827.275,0.027719947159465835,0.021228908941239095,0.0388050112431737,-0.048776293656213054,799.0,1
2011-12-01,RELIANCE,EQ,778.25,799.0,810.75,795.2,798.75,799.0,802.46,4714967,378355279915000.0,111809.0,2150970.0,0.4562,0.026662383552843005,0.033434650455927084,-0.01351935304648444,775.97,824.195,0.02981070482217534,0.02215439225886887,0.019461827284105074,0.03191427894840748,812.05,1
2011-12-02,RELIANCE,EQ,799.0,797.0,815.0,786.55,813.25,812.05,801.17,4479880,358913021010000.0,97387.0,1908629.0,0.426,0.01633291614518151,0.07727513929424257,0.004888008909788244,787.6200000000001,821.2075000000001,0.02386294692671864,0.022296354583448755,0.03503478849824524,-0.04985973390693932,806.75,0
2011-12-05,RELIANCE,EQ,812.05,808.35,812.2,798.35,808.35,806.75,805.48,3160834,254598962445000.0,78190.0,1298648.0,0.4109,-0.006526691706175702,0.029280428680785953,0.025942646404272907,792.21,817.25,0.020723806766577695,0.021825305081866114,0.017167647970251037,-0.29443779744100285,809.8,1
2011-12-07,RELIANCE,EQ,806.75,807.0,819.5,803.2,804.1,809.8,812.64,3514150,285572693160000.0,94146.0,1494520.0,0.4253,0.003780601177564291,0.058562091503267855,0.018360160965794625,801.17,813.7425,0.012958396539423036,0.021893840244579348,0.020128426772042424,0.11177935949815776,778.85,0
2011-12-08,RELIANCE,EQ,809.8,802.0,807.7,772.1,777.05,778.85,784.38,4442697,348476062560000.0,109467.0,1881423.0,0.4235,-0.0382193134107186,0.0007709604882750742,0.007046806309801035,801.29,808.5,0.024972131059664174,0.02308676733678126,0.045708416254734575,0.2642308950955423,755.7,0
2011-12-09,RELIANCE,EQ,778.85,769.9,769.9,752.7,753.4,755.7,760.14,5044876,383483507285000.0,114842.0,2270158.0,0.45,-0.029723310008345605,-0.05419274092615767,-0.022570005820345296,792.63,803.0375,0.022786702943748724,0.02345643109205251,0.022760354638083805,0.13554356734208972,727.5,0
2011-12-12,RELIANCE,EQ,755.7,760.55,762.0,724.0,726.8,727.5,740.66,5097034,377517244350000.0,115531.0,2029684.0,0.3982,-0.03731639539499809,-0.10411920448248257,-0.034889891217829594,775.72,795.145,0.01910873073873192,0.02330240705638937,0.05223367697594502,0.010338807138173367,742.3,1
2011-12-13,RELIANCE,EQ,727.5,723.9,746.0,721.0,743.65,742.3,734.72,5228468,384145176000000.0,132811.0,1895012.0,0.3624,0.020343642611683865,-0.07988844127672767,-0.05294718040316404,762.83,788.425,0.02668469054076246,0.02423890612463663,0.033679105482958376,0.025786369092299477,741.9,0
2011-12-14,RELIANCE,EQ,742.3,738.0,753.9,733.4,739.7,741.9,745.66,5304706,395550304480000.0,105074.0,1866481.0,0.3519,-0.000538865687727319,-0.08384786367004193,-0.03019607843137262,749.25,782.4475,0.025934403406737253,0.024188259525083834,0.027631756301388328,0.01458132669072465,750.15,1
2011-12-15,RELIANCE,EQ,741.9,731.9,754.5,723.5,750.85,750.15,741.04,6611139,489909828525000.0,135503.0,2736620.0,0.4139,0.011120097048119781,-0.03684920074468778,-0.03610664953421139,743.51,777.55,0.025263328376162048,0.02443655731380854,0.0413250683196694,0.24627811607278516,721.85,0
2011-12-16,RELIANCE,EQ,750.15,749.0,844.6,716.05,720.0,721.85,741.45,5828713,432172169100000.0,130928.0,1943797.0,0.3335,-0.03772578817569816,-0.04479290723832208,-0.096558197747184,736.74,773.1450000000001,0.02722265502669735,0.02387197429730451,0.1780840894922769,-0.11834965200398906,735.3,1
2011-12-19,RELIANCE,EQ,721.85,719.2,739.9,715.15,736.0,735.3,726.75,4714116,342600034620000.0,111416.0,1953018.0,0.4143,0.018632679919650785,0.010721649484535911,-0.09451388461301646,738.3,769.505,0.023875847879053974,0.02446957252572375,0.033659730722154224,-0.19122523274005776,713.45,0
2011-12-20,RELIANCE,EQ,735.3,741.7,741.7,709.2,711.75,713.45,724.03,5550563,401878616220000.0,154595.0,2348730.0,0.4232,-0.029715762273901714,-0.038865687727333786,-0.1156492097923768,732.53,765.86,0.024925463071316545,0.024612661232337216,0.04555329735790875,0.17743453915856122,748.0,1
2011-12-21,RELIANCE,EQ,713.45,727.0,753.75,722.7,753.05,748.0,733.89,4563405,334902252650000.0,105027.0,2102943.0,0.4608,0.04842665919125366,0.008222132362852186,-0.0763151395406273,733.75,763.5,0.035704256829083125,0.02714342336008605,0.041510695187165714,-0.17784826512193452,754.55,1
2011-12-22,RELIANCE,EQ,748.0,741.35,760.3,733.0,758.3,754.55,744.42,4473719,333031421340000.0,93790.0,1795630.0,0.4014,0.008756684491978639,0.005865493567952962,-0.031199845926686898,734.6299999999999,762.5575,0.03557117114175359,0.026610183090910188,0.03618050493671719,-0.019653307124833375,746.4,0
2011-12-23,RELIANCE,EQ,754.55,760.0,769.75,742.4,745.5,746.4,757.91,3511075,266108125705000.03,81212.0,868928.0,0.2475,-0.010801139752170119,0.034009835838470615,-0.012306470821754734,739.54,761.22,0.029662616014741804,0.026701291897125924,0.03664255091103969,-0.21517757373675017,761.0,1
2011-12-26,RELIANCE,EQ,746.4,747.05,764.8,745.55,759.3,761.0,757.75,2376469,180077472225000.0,57259.0,498900.0,0.2098999999999999,0.01956055734190776,0.03495172038623706,0.0460481099656358,744.68,761.58,0.02975587464440078,0.0264870515699989,0.025295663600525625,-0.3231506020235968,753.05,0
2011-12-27,RELIANCE,EQ,761.0,766.0,768.7,745.35,754.05,753.05,757.23,3074308,232796126785000.0,62515.0,793411.0,0.2581,-0.010446780551905399,0.05550494078071333,0.014482015357672129,752.6,760.0424999999999,0.02456763783848046,0.024931503613956168,0.031007237235243377,0.29364532001048604,739.05,0
2011-12-28,RELIANCE,EQ,753.05,757.7,758.5,735.35,736.1,739.05,743.8,2829068,210426844185000.0,79333.0,819451.0,0.2897,-0.018591063010424236,-0.011965240641711339,-0.003841488071168686,750.81,758.745,0.015844338808956436,0.024705903525039544,0.03132399702320544,-0.0797707972005407,711.9,0
2011-12-29,RELIANCE,EQ,739.05,733.65,739.0,707.2,709.7,711.9,720.1,5449524,392418052810000.0,107457.0,2101882.0,0.3857,-0.036736350720519506,-0.05652375588098868,-0.050989802039592136,742.28,755.4275,0.020331412784267526,0.025490701057327515,0.04466919511167292,0.9262612280793534,692.95,0
2011-12-30,RELIANCE,EQ,711.9,713.0,720.55,689.0,693.1,692.95,703.06,6662330,468403727235000.06,168592.0,2317483.0,0.3478,-0.026618907149880466,-0.07161039657020352,-0.040036018563413434,731.5899999999999,750.125,0.02141604560633176,0.024879402746873433,0.04552998051807483,0.22255264863500002,706.55,1
2012-01-02,RELIANCE,EQ,692.95,696.8,709.75,687.15,707.1,706.55,698.54,4299217,300317323275000.0,107910.0,813671.0,0.1893,0.019626235659138347,-0.0715505913272011,-0.03909968720250234,720.7,744.85,0.021442214817491638,0.02505087761289905,0.03198641285117829,-0.3546976808413873,724.65,1
2012-01-03,RELIANCE,EQ,706.55,712.25,726.9,710.35,723.55,724.65,719.42,4683491,336941936310000.0,116827.0,1909861.0,0.4078,0.02561743684098783,-0.03771329924971778,0.01569836708949457,715.02,740.745,0.02817702354220147,0.026068705860443787,0.022838611743600298,0.08938232240894095,716.15,0
2012-01-04,RELIANCE,EQ,724.65,727.4,730.95,713.35,714.8,716.15,721.45,4238367,305775409445000.0,103487.0,1413675.0,0.3335,-0.011729800593389905,-0.03098572491712326,-0.042580213903743336,710.4399999999999,736.0624999999999,0.02765435968016251,0.02602352280204372,0.024575857013195593,-0.09504107085932267,699.5,0
2012-01-05,RELIANCE,EQ,716.15,715.0,724.95,694.1,702.0,699.5,709.52,6619586,469671596295000.0,153163.0,3000205.0,0.4532,-0.02324931927668783,-0.017418176710212063,-0.07295739182294081,707.96,732.095,0.024365110818247604,0.025245772812868026,0.04410293066476058,0.561824636705599,717.55,1
2012-01-06,RELIANCE,EQ,699.5,697.05,724.0,696.65,718.15,717.55,710.55,4703147,334183255340000.0,132079.0,1331569.0,0.2831,0.025804145818441704,0.035500396854029725,-0.038652197213290496,712.88,730.1875,0.02305008137244769,0.025442692044170073,0.03811581074489586,-0.28951040140576767,714.75,0
2012-01-07,RELIANCE,EQ,717.55,716.7,718.9,713.3,714.45,714.75,716.26,460231,32964709905000.0,11413.0,113393.0,0.2464,-0.00390216709636948,0.011605689618569226,-0.060775295663600515,714.52,729.55,0.02227106410426953,0.02408152583979817,0.00783490731024837,-0.9021440324956885,706.25,0
2012-01-09,RELIANCE,EQ,714.75,714.45,714.45,702.45,707.0,706.25,707.61,4202878,297399032670000.0,110805.0,1668519.0,0.397,-0.01189227002448412,-0.02539156834333811,-0.06214726777770396,710.8399999999999,727.7475000000001,0.01854677671276392,0.02368083658512868,0.016991150442477877,8.132105399245162,736.2,1
2012-01-10,RELIANCE,EQ,706.25,712.0,739.0,712.0,734.35,736.2,727.18,4507724,327792743360000.0,99465.0,1708335.0,0.379,0.042407079646017865,0.027996928017873346,-0.0038563020093361766,714.85,727.4624999999999,0.0273461603172262,0.02570214683588571,0.036674816625916866,0.07253267879771919,748.25,1
2012-01-11,RELIANCE,EQ,736.2,737.9,753.0,731.5,747.85,748.25,743.19,4842143,359863805055000.0,112553.0,2180554.0,0.4503,0.01636783482749249,0.06969263759828448,0.05106054221098466,724.6,727.3675,0.022036948971490927,0.025848795359649703,0.028733711994654194,0.07418799376359342,736.9,0
2012-01-12,RELIANCE,EQ,748.25,747.5,752.95,732.6,740.0,736.9,741.89,3251624,241234382740000.0,88335.0,1150517.0,0.3538,-0.01516872702973604,0.026966761898125524,0.06342448950140689,728.47,728.1200000000001,0.0239703514989076,0.024567746611454236,0.027615687338851978,-0.3284741900435406,731.8,0
2012-01-13,RELIANCE,EQ,736.9,742.0,750.95,728.1,731.95,731.8,738.89,4692930,346755202380000.0,95577.0,2195829.0,0.4679,-0.006920884787623871,0.023854494578523955,0.03573703205717926,731.88,727.9449999999999,0.024304025077701758,0.02428266437469986,0.03122437824542228,0.4432572769791341,712.95,0
2012-01-16,RELIANCE,EQ,731.8,729.95,729.95,711.0,715.25,712.95,717.18,4067488,291710148050000.0,103688.0,2087348.0,0.5132,-0.02575840393550133,0.009486725663716777,-0.01614572552266602,733.22,727.9200000000001,0.027312411542942065,0.024042374657125658,0.02657970404656714,-0.13327324294204257,742.05,1
2012-01-17,RELIANCE,EQ,712.95,716.0,744.4,716.0,740.3,742.05,734.03,5197636,381522113110000.0,116216.0,2414189.0,0.4645,0.04081632653061207,0.007946210268948484,0.036165607763736674,734.39,727.6225000000001,0.026729805950903324,0.023287935287071813,0.03827235361498549,0.27784912948729046,779.75,1
2012-01-18,RELIANCE,EQ,742.05,762.0,787.9,758.05,773.65,779.75,773.1,9248756,715021252580000.0,197483.0,3817807.0,0.4128,0.050805201805808275,0.042098229201469994,0.1147248034310222,740.6899999999999,728.8824999999999,0.03466050079143576,0.025886736710458158,0.0382815004809234,0.779415872908376,785.65,1
2012-01-19,RELIANCE,EQ,779.75,789.0,795.95,782.1,784.4,785.65,788.82,5483508,432550805790000.0,135544.0,2746438.0,0.5009,0.00756652773324773,0.06615551635228667,0.09490627830813181,750.4399999999999,730.845,0.032136833138460955,0.02573557614819747,0.01762871507668812,-0.40710858844151576,792.65,1
2012-01-20,RELIANCE,EQ,785.65,790.0,800.0,772.05,794.1,792.65,785.32,7251864,569506628075000.0,138261.0,4121594.0,0.5683,0.008909819894354909,0.08315113418966935,0.1089891570479189,762.6099999999999,732.4275,0.030378100323208087,0.025481135840522737,0.03526146470699558,0.3224862624436766,771.55,0
2012-01-23,RELIANCE,EQ,792.65,755.3,779.75,755.2,772.0,771.55,769.6,6457585,496974229915000.0,119581.0,2654054.0,0.411,-0.02661956727433301,0.08219370222315714,0.09246017699115039,774.33,733.3525000000001,0.030678317583256298,0.026156135986148597,0.03181906551746479,-0.10952756422348797,783.75,1
2012-01-24,RELIANCE,EQ,771.55,774.6,791.6,770.4,781.5,783.75,783.24,5095499,399098947655000.0,85976.0,2558787.0,0.5022,0.015812325837599728,0.05619567414594706,0.06458842705786472,782.67,735.5875,0.027561600463975083,0.02589270926392028,0.027049441786283948,-0.21092807915033251,790.95,1
2012-01-25,RELIANCE,EQ,783.75,788.7,795.0,782.8,791.0,790.95,789.66,3837205,303010316425000.0,81068.0,1517603.0,0.3954999999999999,0.00918660287081341,0.0143635780698943,0.05706648847310403,784.91,739.54,0.01684876476715686,0.024136102655989065,0.015424489537897521,-0.24694225236821754,820.4,1
2012-01-27,RELIANCE,EQ,790.95,800.0,827.9,799.0,817.0,820.4,814.0,5565491,453032919495000.0,133537.0,2661983.0,0.4783,0.03723370630254741,0.0442308916184051,0.11331252544442938,791.8599999999999,745.9125,0.022979887693084757,0.023878264242557814,0.035226718673817624,0.4504023110571367,794.75,0
2012-01-30,RELIANCE,EQ,820.4,813.9,818.85,792.2,794.25,794.75,803.83,4829091,388174889215000.0,121847.0,2679776.0,0.5549000000000001,-0.03126523647001456,0.0026493408187724388,0.08602077070237768,792.28,750.3225,0.029168081235225553,0.025325502847830778,0.0335325574079899,-0.13231536983888748,817.1,1
2012-01-31,RELIANCE,EQ,794.75,804.5,820.8,801.4,817.5,817.1,812.78,6264462,509164473485000.06,124545.0,3741589.0,0.5972999999999999,0.02812205095942133,0.059037003434644575,0.14608317553825656,801.39,754.9449999999999,0.026414126707898722,0.025432533493631625,0.02374250397748131,0.2972341999767658,831.2,1
2012-02-01,RELIANCE,EQ,817.1,818.9,834.0,816.0,833.3,831.2,826.27,3776806,312064701465000.0,83234.0,1832664.0,0.4852,0.017256149798066334,0.06054226475279112,0.12014015228084385,810.88,760.6975,0.026476530105439926,0.025174018777149813,0.02165543792107796,-0.39710608828020666,829.25,0
2012-02-02,RELIANCE,EQ,831.2,835.0,842.7,824.15,826.15,829.25,833.57,4901979,408614150875000.0,95924.0,2900671.0,0.5917,-0.0023460057747834995,0.048422782729628855,0.06348188521962173,818.5400000000001,767.1850000000001,0.027284515137693605,0.024234543363137528,0.022369611094362456,0.2979165464151454,838.3,1
2012-02-03,RELIANCE,EQ,829.25,830.0,840.0,815.65,836.0,838.3,826.6,4569209,377692756860000.0,82545.0,2548465.0,0.5577000000000001,0.010913476032559544,0.021818625060945784,0.06701457391968435,822.1200000000001,773.2225,0.02284659026813297,0.02391190540798995,0.029046880591673655,-0.06788482773998017,833.0,0
2012-02-06,RELIANCE,EQ,838.3,845.9,849.5,824.1,832.4,833.0,834.95,3984412,332680374600000.0,94512.0,2020383.0,0.5071,-0.006322318978885799,0.048128342245989275,0.05090519144641403,829.7700000000001,779.135,0.014138662805060064,0.023981734671846423,0.030492196878751474,-0.1279864851881365,844.55,1
2012-02-07,RELIANCE,EQ,833.0,842.0,852.7,834.25,845.25,844.55,846.3,4815977,407577286735000.0,113907.0,2188488.0,0.4543999999999999,0.013865546218487346,0.033594419287724886,0.0946147365692438,835.26,786.05,0.010391561451270627,0.023547472804901503,0.021845953466343077,0.20870457171597723,858.4,1
2012-02-08,RELIANCE,EQ,844.55,847.0,864.7,845.0,860.0,858.4,857.42,3647626,312753051425000.0,98068.0,1550682.0,0.4251,0.016399265881238634,0.032723772858517686,0.09524720893141936,840.7,792.1600000000001,0.010178275505753523,0.02230497418009534,0.02294967381174283,-0.24259895759468952,853.85,0
2012-02-09,RELIANCE,EQ,858.4,856.75,859.9,842.6,855.0,853.85,851.68,4309191,367006033410000.0,90054.0,2324014.0,0.5393,-0.005300559179869491,0.02966536026530009,0.07952462228965174,845.6199999999999,797.44,0.010881824819890884,0.022400246675635067,0.0202611699947297,0.1813686490884756,843.25,0
2012-02-10,RELIANCE,EQ,853.85,850.35,859.0,838.0,843.75,843.25,844.92,3417975,288792089750000.0,62312.0,1891778.0,0.5535,-0.012414358493880728,0.005904807348204644,0.027852267186738278,846.61,802.7574999999999,0.012996313861008432,0.022265752288943303,0.02490364660539579,-0.20681747455612898,849.25,1
2012-02-13,RELIANCE,EQ,843.25,841.1,858.8,841.0,847.5,849.25,851.1,3493699,297348660570000.0,64113.0,1858717.0,0.532,0.0071153276015416544,0.019507803121248557,0.06857502359232459,849.86,808.63,0.012416573734462434,0.022023870980875243,0.020959670297321112,0.022154638345804223,848.9,0
2012-02-14,RELIANCE,EQ,849.25,846.9,856.4,843.0,850.1,848.9,851.25,3134221,266799046600000.0,65653.0,1852155.0,0.5909000000000001,-0.00041212834854287284,0.005150671955479247,0.03891812507649006,850.7299999999999,815.4275,0.011137108567785263,0.020685932490079856,0.015785133702438423,-0.10289323722507293,836.65,0
2012-02-15,RELIANCE,EQ,848.9,854.2,855.75,833.05,838.45,836.65,839.96,7182317,603287048250000.0,171214.0,5093342.0,0.7092,-0.014430439392154604,-0.02533783783783783,0.006556785370548601,846.3800000000001,820.1575,0.008828743728612658,0.019882020401816757,0.027132014581963838,1.2915796301537128,812.45,0
2012-02-16,RELIANCE,EQ,836.65,831.0,831.0,804.7,811.0,812.45,814.33,6342577,516496130960000.06,189732.0,4030363.0,0.6354,-0.02892487898165297,-0.04848626807987344,-0.020259270425082798,838.1,821.7924999999999,0.013859079997593967,0.01840693495951459,0.032371222844482676,-0.11691770218440656,818.2,1
2012-02-17,RELIANCE,EQ,812.45,822.05,826.4,810.2,815.95,818.2,818.11,8211325,671773738055000.0,194571.0,4880019.0,0.5943,0.007077358606683459,-0.02970649273643633,-0.023977096504831152,833.0899999999999,823.4200000000001,0.015579149966869484,0.018399776559758795,0.019799560009777475,0.29463544549794185,843.55,1
2012-02-21,RELIANCE,EQ,818.2,817.5,848.75,815.1,840.4,843.55,832.44,8333665,693727127870000.0,166497.0,4818688.0,0.5782,0.030982644830114703,-0.006711804533411914,0.012665066026410488,831.95,825.9649999999999,0.022630479218714226,0.019455563130729055,0.03989093711101888,0.014898935311901562,833.4,0
2012-02-22,RELIANCE,EQ,843.55,848.0,857.4,830.1,834.0,833.4,845.82,5748129,486188366165000.0,109390.0,3000043.0,0.5219,-0.012032481773457393,-0.018258923312522102,-0.013202297081285841,828.85,829.0574999999999,0.023128065205131422,0.01852626692861256,0.032757379409647173,-0.31025197197151555,839.6,1
2012-02-23,RELIANCE,EQ,833.4,832.0,849.9,826.6,832.6,839.6,841.68,4367293,367586644230000.0,84221.0,2335523.0,0.5347999999999999,0.0074394048476122965,0.003525966652722312,-0.021901211556383915,829.4399999999999,831.85,0.022597904950367873,0.018339566108831223,0.02775131014768932,-0.24022355796120787,819.95,0
2012-02-24,RELIANCE,EQ,839.6,833.5,841.7,814.5,819.85,819.95,823.53,4285036,352884495390000.0,76297.0,2539627.0,0.5927,-0.02340400190566938,0.009231337313065469,-0.03970252386250506,830.9399999999999,833.3,0.020842465440238288,0.019243343463657418,0.03317275443624616,-0.01883477934729816,781.45,0
2012-02-27,RELIANCE,EQ,819.95,821.8,825.6,765.35,779.0,781.45,794.49,6348215,504359510915000.0,107784.0,3658232.0,0.5763,-0.04695408256601008,-0.04491566854069906,-0.07328787429587902,823.5899999999999,831.3525,0.029689378268047347,0.02030395452237391,0.07710026233284278,0.48148463630177196,796.5,1
2012-02-28,RELIANCE,EQ,781.45,789.05,800.35,787.7,795.9,796.5,795.37,5289418,420706646515000.0,97422.0,3391505.0,0.6412000000000001,0.019259069678162266,-0.0557761839843518,-0.06211362967324108,814.1800000000001,831.4399999999999,0.02599590585930903,0.019633535868618955,0.01588198367859382,-0.16678656913793877,820.75,1
2012-02-29,RELIANCE,EQ,796.5,805.05,827.9,804.15,814.9,820.75,818.27,6365349,520855287715000.0,128315.0,3486982.0,0.5478000000000001,0.030445699937225346,-0.015178785697144148,-0.03316056072564488,811.65,831.6225000000001,0.03190105345163106,0.019812929596469256,0.028936947913493757,0.2034119821878324,810.95,0
2012-03-01,RELIANCE,EQ,820.75,811.8,818.7,801.1,810.45,810.95,807.58,2962594,239252148060000.0,63042.0,1360574.0,0.4593,-0.011940298507462588,-0.03412339209147208,-0.030717743381342144,805.92,830.61,0.031545156468062725,0.019580661686820898,0.021702940995129195,-0.5345747735120259,814.1,1
2012-03-02,RELIANCE,EQ,810.95,816.25,818.0,805.75,814.0,814.1,812.82,2900087,235725595055000.03,61930.0,1384143.0,0.4773,0.0038843331894691246,-0.0071345813769132516,0.0020308942088742565,804.75,829.8525,0.030226510948272573,0.019608484963555807,0.015047291487532245,-0.021098739820576196,813.45,0
2012-03-03,RELIANCE,EQ,814.1,811.0,815.05,811.0,813.7,813.45,813.64,118842,9669466475000.0,3345.0,29097.0,0.2448,-0.0007984277115833383,0.04094951692366755,-0.005805426546076742,811.15,828.61,0.016751104558208083,0.019416158486336446,0.004978794025447113,-0.9590212293631191,797.5,0
2012-03-05,RELIANCE,EQ,813.45,812.05,814.0,794.25,798.0,797.5,800.32,2988613,239184377070000.0,97877.0,1894191.0,0.6338,-0.019607843137254943,0.0012554927809165228,-0.05459071779977476,811.35,826.835,0.019163230358174105,0.01981927153987034,0.024764890282131663,24.147784453307754,776.55,0
2012-03-06,RELIANCE,EQ,797.5,797.0,809.0,774.0,775.45,776.55,786.75,8029991,631762326165000.0,144277.0,4713916.0,0.5870000000000001,-0.02626959247648908,-0.05385318306427056,-0.06821454283657313,802.51,823.4350000000001,0.01258710299902597,0.020158611882394227,0.04507114802652759,1.6868620995759573,761.8,0
2012-03-07,RELIANCE,EQ,776.55,776.55,777.5,751.0,764.0,761.8,762.46,6446729,491540138645000.0,211060.0,3847312.0,0.5968,-0.018994269525465235,-0.06060792897219325,-0.09266317293949511,792.6800000000001,818.605,0.013110776096036277,0.01982487739296721,0.03478603307954844,-0.19716858960364958,773.8,1
2012-03-09,RELIANCE,EQ,761.8,775.3,779.6,769.2,773.5,773.8,774.3,3942927,305299919040000.0,152248.0,2601431.0,0.6598,0.015752165922814365,-0.049502518118167416,-0.0562839197512045,784.6200000000001,814.6025,0.01721735178394127,0.02040131350599011,0.013440165417420493,-0.3883833181137287,798.55,1
2012-03-12,RELIANCE,EQ,773.8,790.0,803.0,779.7,797.0,798.55,791.46,3438333,272131797490000.0,79141.0,1518727.0,0.4417,0.03198500904626522,-0.018317044686213202,0.02188239810608472,781.64,812.3675,0.025728361715727822,0.0218809922345123,0.02917788491641094,-0.12797447175664167,819.95,1
2012-03-13,RELIANCE,EQ,798.55,803.45,821.95,803.3,821.0,819.95,814.17,3684077,299946249895000.0,131843.0,1942939.0,0.5274,0.026798572412497723,0.02815047021943573,0.02944130571249226,786.1299999999999,810.9024999999999,0.02678077728170276,0.022760791823168747,0.02274528934691151,0.07147184405931606,814.5,0
2012-03-14,RELIANCE,EQ,819.95,828.0,830.0,806.7,815.65,814.5,816.64,4028509,328983023185000.0,142841.0,2340802.0,0.5811000000000001,-0.006646746752850818,0.04887000193162061,-0.007614986293024706,793.7199999999999,809.1825,0.021886968666125863,0.022787682919128402,0.028606507059545677,0.09349207413417249,796.65,0
2012-03-15,RELIANCE,EQ,814.5,818.0,821.2,793.4,795.0,796.65,804.07,4630686,372339466165000.0,121552.0,2601054.0,0.5617,-0.02191528545119703,0.045746915200840066,-0.01763363955854258,800.6899999999999,807.1825,0.02286415043062204,0.02306547134388177,0.034896127534048915,0.1494788766762094,772.35,0
2012-03-16,RELIANCE,EQ,796.65,780.0,797.7,767.35,769.0,772.35,782.66,5753096,450269988795000.0,138283.0,3231523.0,0.5617,-0.030502730182639715,-0.0018738692168518423,-0.051283626090160905,800.4,805.1775,0.028266871076817003,0.023164203111960203,0.03929565611445591,0.24238525350239692,755.1,0
2012-03-19,RELIANCE,EQ,772.35,781.0,783.0,751.1,755.8,755.1,760.68,3652448,277835399645000.0,85882.0,1850480.0,0.5065999999999999,-0.02233443387065448,-0.05441112015528138,-0.07173151392218335,791.71,802.0225,0.022779488153930015,0.023470989331529985,0.04224606012448679,-0.3651334863871557,760.55,1
2012-03-20,RELIANCE,EQ,755.1,756.1,766.4,750.3,758.0,760.55,759.86,2389920,181601279645000.0,58192.0,886518.0,0.3709,0.0072175870745596615,-0.07244344167327288,-0.04633228840125403,779.83,797.8725,0.015043385578975742,0.022186886314497695,0.021168890934192393,-0.3456662490472143,768.05,1
2012-03-21,RELIANCE,EQ,760.55,760.0,773.5,755.1,768.95,768.05,764.34,3248548,248298360550000.0,84703.0,1422844.0,0.438,0.009861284596673459,-0.05702885205647645,-0.010945850235013821,770.54,794.605,0.018665565906118644,0.022357514624603482,0.02395677364754896,0.3592706032001072,736.35,0
2012-03-22,RELIANCE,EQ,768.05,765.9,771.45,732.0,736.0,736.35,748.02,6684658,500024156335000.06,172189.0,4169734.0,0.6238,-0.04127335459930981,-0.07569196008284684,-0.03340771856130209,758.48,789.4424999999999,0.022887206330944047,0.02367884079355839,0.05357506620492978,1.0577371798107955,744.05,1
2012-03-23,RELIANCE,EQ,736.35,743.8,749.5,738.1,744.6,744.05,744.18,6161836,458554469825000.0,121535.0,4387901.0,0.7121,0.010456983771304218,-0.03664141904576945,-0.038446627035409686,752.82,785.6475,0.023456165886631478,0.023599820054744296,0.015321550971036864,-0.07821222865851929,730.1,0
2012-03-26,RELIANCE,EQ,744.05,743.9,743.9,727.0,728.65,730.1,733.37,5288348,387833995200000.0,135070.0,3304093.0,0.6248,-0.018748740004031927,-0.033108197589723165,-0.08571786362782541,747.8199999999999,783.08,0.02292717225981698,0.021700624776874167,0.023147514039172683,-0.1417577488268107,731.05,1
2012-03-27,RELIANCE,EQ,730.1,738.0,738.8,725.1,733.2,731.05,730.37,6216251,454016148890000.0,101372.0,3931098.0,0.6324000000000001,0.0013011916175864613,-0.03878771941358228,-0.10842124519787799,741.92,779.8075,0.022182984050942073,0.021086640027218932,0.01874016825114552,0.17546178882327723,725.7,0
2012-03-28,RELIANCE,EQ,731.05,730.0,735.9,720.5,727.0,725.7,728.27,4131114,300857465370000.0,76165.0,2388359.0,0.5781000000000001,-0.00731824088639621,-0.05513963934639665,-0.10902394106813995,733.45,775.0550000000001,0.02001079712439134,0.019461786649613774,0.021220890175003414,-0.3354332056411493,724.65,0
2012-03-29,RELIANCE,EQ,725.7,718.0,729.7,718.0,725.0,724.65,725.25,5480717,397491411040000.0,71743.0,3477313.0,0.6345000000000001,-0.0014468788755684914,-0.015889183133021012,-0.09037845980041426,731.11,770.74,0.010823107814664912,0.019433351553368745,0.016145725522666177,0.3266922675094417,750.6,1
2012-03-30,RELIANCE,EQ,724.65,729.5,753.0,727.1,747.9,750.6,742.83,3949204,293360623560000.0,88340.0,2038825.0,0.5163,0.03581039122334917,0.008803171829850243,-0.028160807923868658,732.42,767.565,0.020450056976943853,0.021445764445966246,0.03450572875033304,-0.2794366138590991,740.55,0
2012-04-02,RELIANCE,EQ,750.6,749.35,750.85,739.05,741.0,740.55,744.1,2564862,190851366015000.0,62714.0,870346.0,0.3393,-0.013389288569144786,0.01431310779345285,-0.019268970997219026,734.51,763.92,0.01919802699414193,0.021536585952771605,0.015934103031530714,-0.3505369689689365,752.7,1
2012-04-03,RELIANCE,EQ,740.55,744.25,762.9,744.25,752.0,752.7,754.98,4003770,302275208460000.0,89633.0,2000389.0,0.4996,0.016406724731618416,0.029614937418781295,-0.010321477877851426,738.84,761.6800000000001,0.02003580928358395,0.021708606140430953,0.0247774677826491,0.5610079606622111,747.0,0
2012-04-04,RELIANCE,EQ,752.7,745.0,757.0,743.45,748.0,747.0,747.85,2700412,201950725585000.0,53281.0,1193802.0,0.4421,-0.0075727381426864415,0.029350971475816445,-0.027407069852223076,743.1,760.2025000000001,0.0200784195392158,0.02103048461922856,0.018139223560910248,-0.32553268544396907,742.15,0
2012-04-09,RELIANCE,EQ,747.0,740.05,748.0,734.1,742.0,742.15,741.61,2608520,193451421960000.0,50970.0,1388637.0,0.5323,-0.00649263721552884,0.024149589456979204,0.007876689074489018,746.6,759.22,0.020662179696745924,0.020673016408918398,0.018729367378562255,-0.03402888151882011,742.65,1
2012-04-10,RELIANCE,EQ,742.15,746.0,747.0,738.1,743.55,742.65,742.39,1913265,142039260900000.0,61737.0,1021252.0,0.5338,0.0006737182510274664,-0.01059152677857722,-0.0018815939788991987,745.01,757.6625,0.011476970092721384,0.020297529010563045,0.011984110954015994,-0.26653236317912077,730.3,0
2012-04-11,RELIANCE,EQ,742.65,739.0,739.0,726.3,732.0,730.3,732.04,3726842,272819642760000.0,75394.0,2305996.0,0.6188,-0.01662963711034815,-0.013841064073999099,0.00027393507738660006,742.96,754.25,0.012334998415641316,0.018893934610655496,0.01739011365192393,0.9478963969967569,743.3,1
2012-04-12,RELIANCE,EQ,730.3,733.3,745.6,733.3,742.1,743.3,740.81,2692505,199464748620000.0,58859.0,1467444.0,0.545,0.017800903738189877,-0.01248837518267587,0.01675671978660831,741.0799999999999,750.4175,0.01287928581964597,0.018209519607565835,0.016547827256827755,-0.2775371212409863,751.55,1
2012-04-13,RELIANCE,EQ,743.3,746.05,762.0,737.5,748.95,751.55,753.58,3249224,244856432895000.0,68408.0,1527141.0,0.47,0.011099152428360126,0.006091030789825869,0.035620779936612834,741.99,747.27,0.013701204806090106,0.018540907326971143,0.03259929479076575,0.20676618984922968,748.1,0
2012-04-16,RELIANCE,EQ,751.55,747.1,753.45,736.0,748.05,748.1,745.73,2404246,179290960180000.0,54361.0,1197296.0,0.498,-0.004590512939924074,0.008017247187226406,0.032360449872352204,743.1800000000001,744.8425,0.013455280434326535,0.018050687692370518,0.02332575858842407,-0.26005532397889464,746.4,0
2012-04-17,RELIANCE,EQ,748.1,754.8,754.8,740.35,746.7,746.4,745.68,3175927,236821891915000.0,66682.0,1853918.0,0.5837,-0.002272423472797769,0.005049484952534877,-0.005595523581135131,743.9300000000001,743.545,0.013573841872601288,0.016849289894640268,0.019359592711682652,0.32096590781475776,748.6,1
2012-04-18,RELIANCE,EQ,746.4,750.0,756.8,742.7,750.0,748.6,749.83,3428345,257069156455000.03,91185.0,1863243.0,0.5435,0.002947481243301242,0.025058195262221084,0.010870299102018866,747.5899999999999,743.22,0.009356036344227677,0.016143213525014005,0.01883515896339822,0.07947852705682457,741.65,0
2012-04-19,RELIANCE,EQ,748.6,753.9,753.9,738.5,742.0,741.65,745.07,4205746,313358245440000.0,80155.0,2719719.0,0.6467,-0.009283996794015592,-0.002219830485671981,-0.014680483592400817,747.26,742.275,0.007801055900369656,0.01616002875023994,0.020764511562057546,0.22675693373916572,730.85,0
2012-04-20,RELIANCE,EQ,741.65,740.05,741.0,728.0,731.0,730.85,732.78,3410977,249948045205000.03,66990.0,1632941.0,0.4786999999999999,-0.014562124991572833,-0.02754307763954489,-0.021619812583667963,743.12,740.415,0.006690131032098995,0.01620822485404957,0.017787507696517754,-0.18897218234291846,736.3,1
2012-04-23,RELIANCE,EQ,730.85,725.85,745.75,724.2,736.0,736.3,737.9,5053199,372874396945000.0,84580.0,2532023.0,0.5011,0.007457070534309329,-0.015773292340596212,-0.007882503537020802,740.76,740.4125,0.008920784965344647,0.013483425211333288,0.02926796142876539,0.4814520883606075,735.1,0
2012-04-24,RELIANCE,EQ,736.3,739.0,740.5,723.7,738.1,735.1,731.22,3809316,278546586250000.0,104969.0,2557140.0,0.6713,-0.0016297704739914876,-0.015139335476956006,-0.010166296371103445,738.5,739.9649999999999,0.008941067027876632,0.013263018381969392,0.022854033464834653,-0.24615753307954036,736.3,1
2012-04-25,RELIANCE,EQ,735.1,734.1,742.9,728.05,736.0,736.3,735.38,3105631,228381052370000.0,63027.0,1984195.0,0.6389,0.0016324309617739008,-0.01643067058509229,0.008215801725318439,736.04,740.275,0.00873891017071299,0.012552844331656888,0.020168409615645828,-0.1847273893790906,745.05,1
2012-04-26,RELIANCE,EQ,736.3,737.1,749.0,733.6,740.0,745.05,741.21,3469984,257198392355000.03,59016.0,2185542.0,0.6298,0.011883743039521999,0.00458437268253209,0.002354365666621838,736.72,740.975,0.0101197264872889,0.012808950254640666,0.020669753707804817,0.11732011948618504,742.0,0
2012-04-27,RELIANCE,EQ,745.05,741.3,747.15,736.5,738.0,742.0,740.84,2857701,211711022625000.0,60974.0,1674332.0,0.5859000000000001,-0.004093684987584667,0.015256208524320858,-0.012707072051094337,738.95,741.79,0.006565045232954863,0.012718363786380063,0.01435309973045819,-0.1764512458847073,739.95,0
2012-04-28,RELIANCE,EQ,742.0,739.8,741.3,739.0,739.6,739.95,740.02,184780,13674084500000.0,2991.0,126872.0,0.6866,-0.0027628032345012876,0.004957218525057927,-0.010894265472530362,739.68,742.5550000000001,0.006439636250729162,0.012736100489753602,0.00310831812960329,-0.9353396314030055,745.1,1
2012-04-30,RELIANCE,EQ,739.95,737.5,747.9,737.5,745.0,745.1,744.36,2776770,206690980930000.0,60846.0,1936747.0,0.6975,0.006959929724981384,0.01360359134811584,-0.001741693461950633,741.68,742.28,0.006701144574711441,0.00992369109461837,0.013957858005636797,14.02743803441931,743.55,0
2012-05-02,RELIANCE,EQ,745.1,747.9,751.4,740.0,744.0,743.55,744.64,2861902,213108363470000.0,43602.0,2098178.0,0.7331000000000001,-0.0020802576835324826,0.0098465299470325,-0.006745925728025792,743.13,742.4300000000001,0.007048995335659873,0.009450791190761925,0.015331853943917662,0.03065864295566434,738.85,0
2012-05-03,RELIANCE,EQ,743.55,738.5,744.45,735.15,740.75,738.85,739.96,1897162,140382352884999.98,28612.0,1243563.0,0.6555,-0.006321027503194077,-0.008321589155090181,-0.003775365738555858,741.89,741.7375,0.005082912035255137,0.00874520628259008,0.012587128645868672,-0.3370974966997472,726.45,0
2012-05-04,RELIANCE,EQ,738.85,733.4,740.0,722.0,727.0,726.45,730.63,3778468,276067099865000.0,55620.0,2269296.0,0.6006,-0.016782838194491445,-0.020956873315363778,-0.006020387220359802,738.78,740.7099999999999,0.008572184878713258,0.009337930002233793,0.024778030146603344,0.9916422530073867,715.7,0
2012-05-07,RELIANCE,EQ,726.45,715.0,722.0,705.1,715.5,715.7,712.61,4591050,327162964480000.0,105327.0,2885022.0,0.6284000000000001,-0.01479799022644368,-0.032772484627339726,-0.027977726470188702,733.9300000000001,739.3875,0.00968600445786046,0.009753960883386306,0.023613245773368697,0.21505594330824018,708.35,0
2012-05-08,RELIANCE,EQ,715.7,718.0,718.9,699.0,708.65,708.35,708.09,3885415,275121391820000.0,84182.0,1846331.0,0.4752,-0.010269666061198834,-0.04932223862568785,-0.036389606856210066,726.5800000000002,737.6725,0.006027951608162576,0.009915410167549708,0.028093456624549977,-0.15369795580531687,695.1,0
2012-05-09,RELIANCE,EQ,708.35,702.0,708.3,691.05,697.6,695.1,697.35,3670660,255974872785000.0,89661.0,1734379.0,0.4725,-0.01870544222488879,-0.06516037926165008,-0.055955452940377515,716.8900000000001,735.9125,0.005036206477666776,0.010082593012246968,0.024816573154941735,-0.05527208805237016,694.15,0
2012-05-10,RELIANCE,EQ,695.1,697.25,708.4,690.55,694.5,694.15,699.89,3391819,237388436675000.0,64228.0,1678739.0,0.4949,-0.0013667098259243504,-0.06049942478175552,-0.06831756257969257,707.95,733.455,0.006909935735247054,0.008901281863831724,0.025714903118922456,-0.07596481286744072,697.2,1
2012-05-11,RELIANCE,EQ,694.15,693.0,703.0,688.3,698.0,697.2,696.57,3042510,211932020225000.0,73508.0,1515336.0,0.4981,0.004393862997911224,-0.040264298988230474,-0.060377358490566024,702.1,730.7375,0.009532413650708366,0.008441760884820208,0.021084337349397655,-0.10298574304819919,681.3,0
2012-05-14,RELIANCE,EQ,697.2,698.0,702.8,678.55,681.0,681.3,689.34,4081094,281327213800000.0,85267.0,2283455.0,0.5595,-0.022805507745266906,-0.048064831633366056,-0.07926211230488556,695.22,727.3975,0.011415391944577824,0.009462378540529304,0.035593717892264794,0.34135762906284617,681.65,1
2012-05-15,RELIANCE,EQ,681.3,679.0,688.0,674.1,682.3,681.65,681.37,3696346,251856537250000.0,63494.0,2172691.0,0.5878,0.0005137237633936476,-0.03769323074751185,-0.08515635485169781,689.8799999999999,724.1600000000001,0.012278816137891531,0.00951914430804191,0.020391696618499197,-0.0942757015643354,676.1,0
2012-05-16,RELIANCE,EQ,681.65,675.0,682.8,673.05,676.15,676.1,676.94,3101760,209969288590000.0,51753.0,1894078.0,0.6106,-0.00814200836206258,-0.027334196518486564,-0.09071346916817957,686.0799999999999,720.5350000000001,0.010695753239542992,0.009385544465979627,0.01442094364738944,-0.1608577768423194,685.15,1
2012-05-17,RELIANCE,EQ,676.1,680.25,689.85,677.8,686.8,685.15,684.71,3560488,243790156790000.0,79035.0,2188419.0,0.6146,0.013385593847063948,-0.01296549737088526,-0.0726805170196928,684.28,717.71,0.013721343858121977,0.010180973512089193,0.017587389622710455,0.14789280924378412,688.55,1
2012-05-18,RELIANCE,EQ,685.15,676.9,696.4,675.0,689.0,688.55,686.29,2363960,162236119135000.0,73241.0,1232477.0,0.5214,0.004962416988980589,-0.012406769936890494,-0.05217151903090378,682.55,715.595,0.013795233577871654,0.010040381254204435,0.031079805388134454,-0.33605730450432636,695.5,1
2012-05-21,RELIANCE,EQ,688.55,686.5,700.7,686.0,697.0,695.5,696.19,2334127,162499947580000.0,50396.0,1264425.0,0.5417000000000001,0.01009367511437076,0.020842506971965324,-0.02822411624982546,685.39,713.5550000000001,0.008449832238463564,0.010199961205240424,0.021135873472322136,-0.012619925887070838,691.1,0
2012-05-22,RELIANCE,EQ,695.5,704.6,704.6,688.75,690.0,691.1,696.04,2938047,204499299270000.0,57806.0,1828277.0,0.6223,-0.006326383896477328,0.01386341964351212,-0.024352368179572204,687.28,711.355,0.009655915652841256,0.010225715217509835,0.022934452322384637,0.2587348503316229,686.85,0
2012-05-23,RELIANCE,EQ,691.1,685.2,689.95,679.55,689.0,686.85,686.04,2583348,177229037140000.0,51559.0,1513352.0,0.5858,-0.0061496165533208025,0.015900014790711348,-0.0118687958567113,689.4300000000001,708.8824999999999,0.009117870866916752,0.010186892998507037,0.01514158841086131,-0.12072611500088326,695.3,1
2012-05-24,RELIANCE,EQ,686.85,694.0,700.0,686.1,699.95,695.3,693.06,2399818,166320767595000.0,54052.0,1402172.0,0.5843,0.012302540583824628,0.01481427424651538,0.001656702441835245,691.46,706.395,0.008823303420481023,0.010220383174452674,0.019991370631382104,-0.07104346762418379,691.2,0
2012-05-25,RELIANCE,EQ,695.3,695.0,695.3,688.55,690.65,691.2,691.44,3085023,213311134380000.0,55663.0,1938658.0,0.6284000000000001,-0.005896735222206129,0.003848667489652291,-0.008605851979345935,691.99,703.855,0.00952115417197604,0.010234769836137561,0.009765625,0.2855237355499458,701.65,1
2012-05-28,RELIANCE,EQ,691.2,692.0,703.0,692.0,701.0,701.65,700.04,2575102,180268004795000.0,47165.0,1684288.0,0.6541,0.015118634259259078,0.008842559309848896,0.029869367385879864,693.22,701.9399999999999,0.01091058155684894,0.011050164125877022,0.015677332003135466,-0.16528920529927982,701.85,1
2012-05-29,RELIANCE,EQ,701.65,702.2,709.8,697.55,700.95,701.85,704.69,3434316,242013592230000.03,63055.0,2400425.0,0.6990000000000001,0.0002850424000571117,0.015554912458399572,0.029633976380840643,695.37,699.7775,0.010044275093213841,0.010845269300018553,0.01745387190995227,0.33366212289843267,706.25,1
2012-05-30,RELIANCE,EQ,701.85,699.65,708.65,695.15,707.5,706.25,703.25,3521032,247615951365000.0,60912.0,2235469.0,0.6349,0.006269145828880829,0.028244886074106468,0.04459399497115801,699.25,697.9125,0.008608116274345204,0.011038651263004334,0.01911504424778761,0.025249860525356382,705.6,0
2012-05-31,RELIANCE,EQ,706.25,697.0,729.05,682.35,718.0,705.6,697.75,9024961,629716927980000.0,110649.0,6610876.0,0.7325,-0.0009203539823008366,0.014813749460664605,0.029847478654309256,701.3100000000001,696.25,0.00805351655975716,0.011006578204800119,0.06618480725623573,1.5631579037055046,685.25,0
2012-06-01,RELIANCE,EQ,705.6,707.35,709.45,678.05,680.15,685.25,693.37,4096569,284042930245000.0,79097.0,2488962.0,0.6076,-0.028840702947845798,-0.00860821759259267,-0.004792680270132799,700.1200000000001,694.19,0.01648867665369059,0.01211900985613882,0.045822692448011806,-0.5460845758779456,692.75,1
2012-06-04,RELIANCE,EQ,685.25,677.0,697.0,673.4,695.7,692.75,686.83,3261847,224034370020000.0,66265.0,1915088.0,0.5871000000000001,0.01094491061656333,-0.012684386802536807,-0.003953989935298385,698.3399999999999,693.0425,0.015505939037694804,0.012149683452650583,0.03406712378202818,-0.20376124508094462,702.55,1
2012-06-05,RELIANCE,EQ,692.75,696.0,706.0,695.1,700.3,702.55,700.86,3036638,212826986700000.0,73950.0,1897379.0,0.6248,0.014146517502706457,0.0009973641091400864,0.01656779047894652,698.48,692.7524999999999,0.017257887488936214,0.012451161267487845,0.015514909970820551,-0.06904339780498592,715.9,1
2012-06-06,RELIANCE,EQ,702.55,704.45,718.0,698.5,714.0,715.9,710.2,5315222,377488150190000.0,98778.0,3496219.0,0.6578,0.019002206248665665,0.013663716814159343,0.04229453301303043,700.4100000000001,693.7925,0.019186893384237024,0.012378034442045526,0.027238441123061882,0.7503640539306957,721.25,1
2012-06-07,RELIANCE,EQ,715.9,721.05,731.9,716.25,722.0,721.25,724.75,6387716,462952758470000.0,132909.0,3214601.0,0.5032,0.007473110769660618,0.022179705215419565,0.03732201927225676,703.54,695.1474999999999,0.019139865468147728,0.012426190966814866,0.02169844020797224,0.20177783731328636,729.7,1
2012-06-08,RELIANCE,EQ,721.25,718.0,731.9,712.3,729.0,729.7,722.57,2907005,210050990790000.0,54345.0,1283417.0,0.4415,0.011715771230502714,0.06486683692083184,0.0557002314814814,712.43,696.7725,0.004276978276221857,0.012607262722768398,0.026860353569960287,-0.5449069745743236,722.25,0
2012-06-11,RELIANCE,EQ,729.7,732.7,736.4,718.1,718.7,722.25,729.44,2275396,165976803015000.0,47835.0,1126866.0,0.4952,-0.010209675208990077,0.04258390472753515,0.029359367205871845,718.3299999999999,698.8199999999999,0.01122051069900377,0.011554824180649244,0.02533748701972995,-0.2172713841221463,722.95,1
2012-06-12,RELIANCE,EQ,722.25,715.0,726.0,714.4,722.0,722.95,721.99,2734310,197415531190000.0,52480.0,1597362.0,0.5842,0.0009691934925579737,0.02903707921144405,0.03006340386122397,722.4100000000001,700.885,0.01108760346736662,0.011550142184760859,0.016045369665952033,0.20168533301456093,716.3,0
2012-06-13,RELIANCE,EQ,722.95,722.25,723.95,712.4,716.05,716.3,716.7,2274408,163005993065000.0,42593.0,1234446.0,0.5428000000000001,-0.009198423127463995,0.0005587372538062851,0.014230088495575055,722.49,702.895,0.009782407409286119,0.01160610239526989,0.016124528828703154,-0.16819672970511756,716.35,1
2012-06-14,RELIANCE,EQ,716.3,716.0,720.8,711.05,716.55,716.35,715.76,1709717,122374575640000.02,57338.0,887896.0,0.5193,6.980315510274337e-05,-0.006793760831889095,0.015235260770975145,721.51,704.455,0.008919061031008382,0.01135556431867702,0.01361066517763663,-0.24828043165518232,726.75,1
2012-06-15,RELIANCE,EQ,716.35,718.5,729.8,718.5,726.45,726.75,725.6,2271367,164810490375000.0,51486.0,1378193.0,0.6068,0.014518042856145774,-0.0040427572975195725,0.060561838744983554,720.9200000000001,706.365,0.009969956142804246,0.011670554747450634,0.015548675610595053,0.3285046589581784,718.9,0
2012-06-18,RELIANCE,EQ,726.75,730.35,734.5,712.0,719.8,718.9,719.94,2293698,165131705900000.0,58428.0,1214792.0,0.5296000000000001,-0.010801513587891276,-0.004638283142956112,0.037748105377120034,720.25,707.5350000000001,0.010112536694298306,0.011913028820829107,0.03129781610794269,0.009831524363962396,737.45,1
2012-06-19,RELIANCE,EQ,718.9,717.0,739.4,717.0,737.0,737.45,730.64,1783875,130336890880000.0,55284.0,721432.0,0.4044,0.025803310613437214,0.020056712082439976,0.04967617963134319,723.15,709.8525,0.015769532280714347,0.012896145440488614,0.030374940673943963,-0.22227119699280373,737.4,0
2012-06-20,RELIANCE,EQ,737.45,738.0,742.95,733.0,739.2,737.4,738.14,2357462,174012980335000.0,49251.0,1321535.0,0.5606,-6.780120686156188e-05,0.02945693145330175,0.03003212739209382,727.3700000000001,712.38,0.014308727609867823,0.012731503696535649,0.013493355031190733,0.3215399061032864,718.7,0
2012-06-21,RELIANCE,EQ,737.4,734.0,734.0,710.4,718.5,718.7,716.92,5168092,370512767105000.0,116403.0,2943745.0,0.5696,-0.025359370762137123,0.0032805192992253485,-0.0035355285961871097,727.8399999999999,713.55,0.02020525549889338,0.014094222229996619,0.03283706692639491,1.192227064529566,711.0,0
2012-06-22,RELIANCE,EQ,718.7,713.55,714.9,703.55,710.2,711.0,709.6,4372864,310298966585000.0,105038.0,2649186.0,0.6058,-0.010713788785306821,-0.021671826625387025,-0.025626969987666226,724.6899999999999,714.54,0.01904598539301643,0.01427183156170378,0.015963431786216627,-0.15387264777794207,716.2,1
2012-06-25,RELIANCE,EQ,711.0,714.2,722.95,712.0,717.05,716.2,717.79,2540620,182361972475000.0,50405.0,1146007.0,0.4511,0.007313642756680894,-0.0037557379329530294,-0.00837660089996528,724.15,715.2675,0.019205200060434604,0.013983943730588606,0.015289025411896182,-0.4190031979041653,723.5,1
2012-06-26,RELIANCE,EQ,716.2,717.5,725.5,714.45,724.0,723.5,720.12,3676587,264758696975000.0,64679.0,1840218.0,0.5005,0.010192683607930686,-0.01891653671435356,0.0007607718376096972,721.36,716.35,0.014541473466670575,0.014127562184785301,0.01527297857636483,0.4471219623556455,722.5,0
2012-06-27,RELIANCE,EQ,723.5,726.4,729.6,718.0,724.1,722.5,722.47,1761932,127293974055000.0,39671.0,804837.0,0.4568,-0.0013821700069108767,-0.02020612964469759,0.008655591232723747,718.3800000000001,717.1625,0.014470495614927335,0.014098473617808503,0.01605536332179934,-0.520769670349158,719.9,0
2012-06-28,RELIANCE,EQ,722.5,724.4,727.8,716.65,717.2,719.9,721.43,2720915,196294467320000.0,41481.0,1743425.0,0.6406999999999999,-0.0035986159169550946,0.001669681369138587,0.004955678090318827,718.62,717.8774999999999,0.00846122599381191,0.014132679374084176,0.015488262258647004,0.54427923438589,737.85,1
2012-06-29,RELIANCE,EQ,719.9,725.1,740.9,725.1,735.4,737.85,733.77,3833575,281297623100000.0,74188.0,2398203.0,0.6256,0.024934018613696374,0.037763713080168904,0.015273477812177472,723.99,720.5074999999999,0.011328086458742467,0.01322292982829872,0.021413566443043916,0.40892861408754033,737.4,0
2012-07-02,RELIANCE,EQ,737.85,735.5,740.8,730.15,737.5,737.4,735.36,1561673,114839387184999.98,31873.0,685482.0,0.4389,-0.0006098800569221963,0.029600670203853596,0.02573375991097504,728.23,722.74,0.011899085890574469,0.013145954946866644,0.014442636289666366,-0.5926327253281858,736.35,0
2012-07-03,RELIANCE,EQ,737.4,739.95,742.65,731.3,735.7,736.35,736.89,2353246,173408151615000.0,75453.0,1380759.0,0.5867,-0.001423921887713564,0.017760884588804426,-0.001491626550952585,730.8,724.4300000000001,0.011986909758708333,0.012923348538221892,0.015413865688870812,0.5068749987993646,734.25,0
2012-07-04,RELIANCE,EQ,736.35,740.0,740.0,728.85,733.8,734.25,733.14,2136594,156642982185000.0,56329.0,1091017.0,0.5106,-0.0028519046649012614,0.01626297577854663,-0.004271765663140692,733.15,725.3475000000001,0.012155962404489396,0.012360131965470122,0.01518556350017021,-0.09206517295684347,738.7,1
2012-07-05,RELIANCE,EQ,734.25,734.95,742.4,732.05,737.4,738.7,738.79,1784218,131816285940000.02,34006.0,881405.0,0.494,0.0060606060606061,0.026114738158077522,0.02782802281897867,736.9100000000001,726.22,0.011539432145812907,0.01232722663681444,0.014011100582103725,-0.16492417370824775,734.85,0
2012-07-06,RELIANCE,EQ,738.7,738.0,738.0,729.5,735.35,734.85,733.31,2116579,155210507690000.0,37398.0,1114362.0,0.5265,-0.00521185867063767,-0.004065867046147642,0.03354430379746831,736.31,726.4775,0.004218052753352511,0.01215200923109618,0.011566986459821732,0.18627824626811296,731.8,0
2012-07-09,RELIANCE,EQ,734.85,729.0,733.8,726.1,727.35,731.8,730.75,1782674,130268894255000.0,30563.0,892118.0,0.5004,-0.0041505069061714694,-0.007594250067805786,0.021781625244345015,735.19,726.955,0.004466488437145778,0.011946810812205614,0.010522000546597339,-0.15775692757038595,739.7,1
2012-07-10,RELIANCE,EQ,731.8,731.45,742.0,730.8,741.6,739.7,737.48,1365637,100712792680000.0,32126.0,621393.0,0.455,0.01079529926209366,0.004549466965437565,0.022391154111955913,735.86,727.7925,0.007097253259774741,0.012157586908924082,0.01514127348925246,-0.23393901520973548,725.65,0
2012-07-11,RELIANCE,EQ,739.7,733.45,736.6,722.0,725.25,725.65,728.54,2728637,198793073545000.0,56159.0,1709119.0,0.6264000000000001,-0.01899418683249976,-0.011712631937351059,0.004359861591695546,734.1400000000001,728.26,0.01153240832509218,0.012780583056926855,0.020119892510163336,0.9980690329860717,721.2,0
2012-07-12,RELIANCE,EQ,725.65,721.9,729.8,717.1,721.2,721.2,722.97,2301028,166357189825000.0,43523.0,1419459.0,0.6169,-0.006132432991111325,-0.02369026668471641,0.0018058063619947884,730.64,728.5024999999999,0.010571617423472589,0.012872263235177085,0.01760953965612858,-0.15671157431347593,718.5,0
2012-07-13,RELIANCE,EQ,721.2,720.0,726.5,715.0,718.05,718.5,721.11,2599717,187467219410000.0,40269.0,1556102.0,0.5986,-0.0037437603993345503,-0.022249438660951193,-0.026224842447651997,727.3700000000001,728.0899999999999,0.010575578616266715,0.012460397771044976,0.016005567153792623,0.1298067646286789,720.35,1
2012-07-16,RELIANCE,EQ,718.5,720.0,724.15,715.05,719.35,720.35,720.59,1670329,120361616880000.0,34075.0,860712.0,0.5153,0.002574808629088432,-0.01564635146214799,-0.023121779224301586,725.08,728.1625,0.011039905422022326,0.012235148518388365,0.012632747969736964,-0.3574958351235923,719.35,0
2012-07-17,RELIANCE,EQ,720.35,724.8,727.95,717.3,718.5,719.35,722.26,2605134,188158745125000.0,53005.0,1836149.0,0.7048000000000001,-0.0013882140626084727,-0.02751115317020414,-0.023086847287295487,721.01,727.2575,0.008180464379413235,0.010644404777067025,0.014805032320845334,0.5596532180187257,715.8,0
2012-07-18,RELIANCE,EQ,719.35,718.0,721.85,712.2,715.1,715.8,715.42,1955014,139864750620000.0,43341.0,1126804.0,0.5764,-0.004935010773615134,-0.013574037070212985,-0.025127681307456684,719.04,726.1775,0.0034426584232433426,0.010673049566209639,0.013481419390891279,-0.24955338189897336,727.8,1
2012-07-19,RELIANCE,EQ,715.8,720.2,729.9,718.0,727.0,727.8,724.95,2670132,193571691535000.0,62059.0,1587202.0,0.5944,0.016764459346185978,0.009151414309483963,-0.014755651820766325,720.36,726.6325,0.00881446116833323,0.009825241227971897,0.01635064578180816,0.3657866388680593,722.65,0
2012-07-20,RELIANCE,EQ,727.8,722.3,728.85,717.05,721.9,722.65,723.51,2836027,205190072725000.0,52794.0,1601541.0,0.5647,-0.007076119813135495,0.005775922059846783,-0.016602027624685323,721.19,727.215,0.009446866412360479,0.009635149254683546,0.01632878987061519,0.062129887211568535,719.0,0
2012-07-23,RELIANCE,EQ,722.65,715.0,725.8,713.3,717.55,719.0,719.63,2336356,168132159940000.0,41568.0,1275628.0,0.546,-0.005050854493876655,-0.0018740889845214603,-0.01749111779174628,720.92,727.355,0.009776794282696944,0.009595647593696442,0.017385257301808066,-0.17618696860079264,724.5,1
2012-07-24,RELIANCE,EQ,719.0,721.0,726.85,718.35,723.2,724.5,722.79,1836693,132753804070000.0,31005.0,923045.0,0.5025999999999999,0.007649513212795611,0.007159240981441606,-0.020548871163985405,721.95,727.405,0.010352399959068786,0.009472862019303979,0.011732229123533472,-0.21386423986755443,719.25,0
2012-07-25,RELIANCE,EQ,724.5,720.4,724.55,712.15,718.9,719.25,717.39,1999696,143456863785000.0,35557.0,1125917.0,0.563,-0.007246376811594235,0.004819782062028599,-0.008819678908564721,722.64,727.2425000000001,0.010753756974720094,0.009611272459283357,0.01724018074383035,0.08874809235947434,710.15,0
2012-07-26,RELIANCE,EQ,719.25,720.9,720.9,706.65,709.55,710.15,713.28,3204015,228537545800000.0,44202.0,2224274.0,0.6942,-0.012652068126520755,-0.024251167903270088,-0.015321686078757724,719.11,726.755,0.007547276013820908,0.00998654430027542,0.02006618320073224,0.602251042158408,721.0,1
2012-07-27,RELIANCE,EQ,710.15,719.0,726.8,716.15,722.0,721.0,721.34,3078195,222042042200000.0,74111.0,2077735.0,0.675,0.015278462296697937,-0.0022832629903826174,0.003479471120389599,718.78,725.9125,0.011502448091128657,0.008854685241988262,0.014771151178918137,-0.03926947907547251,729.6,1
2012-07-30,RELIANCE,EQ,721.0,723.0,731.8,721.85,730.45,729.6,727.07,1591825,115737525095000.0,38766.0,1008612.0,0.6336,0.011927877947295551,0.01474269819193319,0.012840980079128261,720.9,725.5225,0.012268462879724737,0.00932388109472602,0.013637609649122712,-0.48287064334780605,743.6,1
2012-07-31,RELIANCE,EQ,729.6,731.6,746.1,721.0,742.65,743.6,736.08,3081258,226806093685000.0,57226.0,1810528.0,0.5876,0.01918859649122817,0.026363008971704627,0.03371098908737058,724.72,725.885,0.014283556166473808,0.010303050971911797,0.03375470683162994,0.9356763463320403,746.75,1
2012-08-01,RELIANCE,EQ,743.6,740.25,750.9,738.6,743.4,746.75,746.09,3298891,246126113200000.0,54024.0,1907157.0,0.5781000000000001,0.004236148466917777,0.0382342718109141,0.04323833473037175,730.22,726.51,0.012584182054132568,0.01030213139118618,0.016471375962504125,0.07063121621104118,739.55,0
2012-08-02,RELIANCE,EQ,746.75,742.1,747.6,736.75,740.25,739.55,741.94,1822852,135244207790000.02,36433.0,1137410.0,0.624,-0.009641781051222043,0.041399704287826466,0.016144545204726635,736.1,726.5525,0.01138850519711142,0.010484443392741353,0.014671083767155734,-0.44743491070180863,742.55,1
2012-08-03,RELIANCE,EQ,739.55,735.0,748.0,730.55,741.9,742.55,739.12,2501572,184897203285000.0,34583.0,1505516.0,0.6018,0.004056520857278034,0.029889042995838944,0.027537535459766005,740.41,726.9375,0.010731048273679492,0.010441598576107223,0.023500101003299505,0.3723396084816539,786.05,1
2012-08-06,RELIANCE,EQ,742.55,748.05,789.4,748.05,783.5,786.05,778.06,8545516,664889134260000.0,160090.0,4352405.0,0.5093,0.05858191367584675,0.07737116228070162,0.09325452016689839,751.7,729.65,0.02626481046219436,0.016571162343176554,0.052604796132561575,2.4160583824890907,783.75,0
2012-08-07,RELIANCE,EQ,786.05,786.05,795.95,777.75,781.15,783.75,786.49,4496299,353631106060000.0,102703.0,1591940.0,0.3540999999999999,-0.0029260225176515053,0.053994082840236546,0.08178053830227738,759.7299999999999,731.8525000000001,0.02728516637479059,0.016546388882362154,0.023221690590111702,-0.4738411349297105,790.8,1
2012-08-08,RELIANCE,EQ,783.75,785.05,799.0,782.55,788.4,790.8,792.54,4199284,332808165050000.0,86248.0,2301766.0,0.5481,0.008995215311004667,0.058988952125878846,0.09947862356621484,768.54,735.11,0.027078499682646154,0.015750664332832325,0.020801719777440626,-0.06605766209053265,780.15,0
2012-08-09,RELIANCE,EQ,790.8,788.9,796.4,776.65,781.7,780.15,783.59,2914451,228372119570000.0,59295.0,1668461.0,0.5725,-0.013467374810318677,0.05489824893516326,0.09857072449482507,776.66,738.0575,0.02787850678536602,0.016091095985348577,0.025315644427353713,-0.3059647787575215,782.1,1
2012-08-10,RELIANCE,EQ,780.15,777.65,789.0,774.15,782.5,782.1,783.51,2440868,191245106745000.0,41855.0,1212556.0,0.4968,0.0024995193232071333,0.05326240657194803,0.08474341192787804,784.5699999999999,741.2375,0.02798461903491354,0.015992066731480167,0.018987341772151927,-0.16249475458671292,788.15,1
2012-08-13,RELIANCE,EQ,782.1,779.5,790.0,779.5,788.0,788.15,786.75,1413458,111203266555000.0,36302.0,733280.0,0.5188,0.007735583684950642,0.0026715857769861184,0.08024945175438591,784.99,744.6274999999999,0.009155912272933497,0.01600323391411813,0.0133223371185688,-0.4209199350395023,799.55,1
2012-08-14,RELIANCE,EQ,788.15,787.9,802.0,787.0,800.4,799.55,797.0,3773614,300756191910000.0,77245.0,2410278.0,0.6386999999999999,0.014464251728731892,0.02015948963317382,0.07524206562668101,788.1499999999999,748.6375,0.010674240338347157,0.016082036362135975,0.018760552810956163,1.6697744114080502,816.15,1
2012-08-16,RELIANCE,EQ,799.55,802.05,821.85,799.1,816.8,816.15,813.36,4944737,402186088655000.0,108711.0,2800341.0,0.5663,0.02076167844412491,0.03205614567526549,0.0929360562437227,793.22,753.655,0.013067135022421135,0.016237020602033053,0.027874777920725357,0.3103452022384907,816.1,0
2012-08-17,RELIANCE,EQ,816.15,817.9,824.9,809.65,815.45,816.1,817.6,3275638,267816727480000.03,80786.0,1703222.0,0.52,-6.126324817734563e-05,0.04608088188168957,0.10350889054154555,800.41,758.0699999999999,0.008575031383003237,0.016123822157576406,0.018686435485847322,-0.3375506118930087,814.25,0
2012-08-21,RELIANCE,EQ,816.1,816.0,823.9,812.3,812.5,814.25,816.52,2527532,206377975700000.0,47774.0,1574678.0,0.623,-0.0022668790589388532,0.04110727528449054,0.09655915426570605,806.8399999999999,762.65,0.009682838452312633,0.015955688665082898,0.01424623887012591,-0.22838482152179207,807.8,0
2012-08-22,RELIANCE,EQ,814.25,809.2,815.5,805.7,807.5,807.8,809.8,1999746,161939515875000.0,47976.0,1227620.0,0.6139,-0.007921400061406292,0.02493180232189296,0.02766999554735694,810.77,767.0899999999999,0.012076722994309275,0.016073777442464323,0.012131715771230447,-0.20881476475866578,794.5,0
2012-08-23,RELIANCE,EQ,807.8,810.55,811.4,787.95,793.8,794.5,800.02,3808432,304681401165000.0,72141.0,2515703.0,0.6606000000000001,-0.016464471403812797,-0.006316052779688497,0.01371610845295046,809.76,770.5899999999999,0.013810603933559217,0.01682709178708589,0.02951541850220256,0.904457866149001,782.1,0
2012-08-24,RELIANCE,EQ,794.5,791.75,794.5,778.7,785.2,782.1,784.18,3455630,270983981885000.0,79574.0,2103121.0,0.6086,-0.015607300188797968,-0.04172027200882189,-0.011001517450682785,802.95,773.7325,0.007488975021608518,0.017239712461639075,0.020202020202020145,-0.09263707478563354,787.35,1
2012-08-27,RELIANCE,EQ,782.1,786.0,796.2,783.5,786.85,787.35,788.68,2092529,165032802475000.0,45462.0,1245556.0,0.5952000000000001,0.006712696586114397,-0.03522852591594172,0.009228994424149262,797.2,777.5925,0.009681055931099504,0.016772872771105958,0.016130056518702033,-0.3944580293607822,790.2,1
2012-08-28,RELIANCE,EQ,787.35,786.85,793.9,778.55,788.4,790.2,785.52,2005624,157544901510000.0,42221.0,1071872.0,0.5344,0.003619737092779518,-0.029536383174700642,0.010356731875719172,792.3900000000001,781.0525,0.010719446503380307,0.016609776462157465,0.019425461908377652,-0.041531085112798904,782.15,0
2012-08-29,RELIANCE,EQ,790.2,791.0,797.5,780.3,780.3,782.15,787.32,2021201,159133930455000.0,65723.0,1032209.0,0.5107,-0.010187294355859411,-0.031752909135924656,-0.007612764067753575,787.26,783.68,0.010871389360907823,0.016839302551939665,0.02199066675190187,0.007766660151653504,783.4,1
2012-08-30,RELIANCE,EQ,782.15,779.75,791.85,768.6,783.0,783.4,780.44,6227911,486051409160000.06,68903.0,3013801.0,0.4839,0.0015981589209230762,-0.013971050975456256,-0.020198861859796136,785.04,785.6700000000001,0.009613058559915242,0.016437687550371168,0.029678325248914988,2.0812922613832074,766.4,0
2012-08-31,RELIANCE,EQ,783.4,780.0,784.4,762.7,765.05,766.4,770.65,3378863,260393270815000.0,59356.0,2198137.0,0.6506000000000001,-0.021700280827163687,-0.020074159314665718,-0.06095693193653129,781.9,786.6525,0.01178710977636145,0.017312900874829597,0.028314196242171102,-0.45746446922571626,763.05,0
2012-09-03,RELIANCE,EQ,766.4,768.0,769.95,760.05,762.3,763.05,764.13,2237861,171001264070000.0,66474.0,1409015.0,0.6296,-0.004371085594989554,-0.030863021527910206,-0.06500428869011154,777.04,787.8275,0.010207109491380349,0.01717491735207975,0.012974248083349835,-0.3376881513100709,779.6,1
2012-09-04,RELIANCE,EQ,763.05,763.95,781.15,762.2,780.8,779.6,773.88,2001239,154872214895000.0,57608.0,980792.0,0.4901,0.021689273311054302,-0.013414325487218437,-0.04255449800429845,774.92,789.6800000000001,0.0160710740015161,0.01774521221374251,0.02430733709594655,-0.10573578966700792,771.15,0
2012-09-05,RELIANCE,EQ,779.6,775.25,779.95,764.2,768.45,771.15,770.94,3012632,232255909630000.03,43141.0,1892753.0,0.6283,-0.010838891739353596,-0.014063798504123204,-0.045370141124040586,772.7199999999999,788.935,0.01615048422517707,0.012110100550423783,0.020424042015172145,0.5053834149744234,768.2,0
2012-09-06,RELIANCE,EQ,771.15,766.3,774.6,764.0,766.5,768.2,769.14,1212105,93227803400000.0,33270.0,385824.0,0.3182999999999999,-0.003825455488555951,-0.0194026040336992,-0.03310258023914403,769.6800000000001,788.1575,0.015968683883878315,0.012119738091378762,0.01379848997656863,-0.597659123318082,791.75,1
2012-09-07,RELIANCE,EQ,768.2,778.7,796.5,778.5,793.2,791.75,790.48,3159455,249748485780000.03,65260.0,1805517.0,0.5715,0.030656079146055726,0.03307672233820469,0.012338575629714743,774.75,788.205,0.018299806619704834,0.013891801627905829,0.022734449005367856,1.6065852380775594,796.0,1
2012-09-08,RELIANCE,EQ,791.75,793.5,799.0,793.2,797.65,796.0,795.39,166487,13242224110000.0,4060.0,45312.0,0.2722,0.005367856015156214,0.04318196710569433,0.01098621959738355,781.3399999999999,788.9975000000001,0.017324177011588737,0.013554312010255686,0.007286432160803963,-0.9473051523126615,792.05,0
2012-09-10,RELIANCE,EQ,796.0,800.0,803.35,789.15,792.35,792.05,793.11,2006068,159104243490000.0,60399.0,1356542.0,0.6762,-0.004962311557789034,0.015969728065674538,0.00234117944824086,783.8299999999999,789.495,0.01636746125801565,0.013616114765939658,0.017928161100940657,11.049397250235755,791.0,0
2012-09-11,RELIANCE,EQ,792.05,789.5,795.85,783.2,790.05,791.0,791.39,3122198,247087494670000.0,83151.0,2025566.0,0.6487999999999999,-0.001325673884224443,0.025740776761978834,0.011314965160135637,787.8,789.6375,0.014793194224813504,0.01352080832606973,0.015992414664981008,0.5563769523266409,798.1,1
2012-09-12,RELIANCE,EQ,791.0,793.5,799.7,789.45,797.35,798.1,794.67,1776753,141192763205000.0,43958.0,869908.0,0.4896,0.008975979772440024,0.038922155688622784,0.01876436047995922,793.78,789.5649999999999,0.013926921141575644,0.01327088185647446,0.01284300213005889,-0.430928787988462,799.15,1
2012-09-13,RELIANCE,EQ,798.1,798.1,808.5,794.3,795.15,799.15,802.23,2669369,214144965285000.0,85982.0,1450557.0,0.5434,0.0013156246084449208,0.009346384591095713,0.04273225469728592,795.26,788.7149999999999,0.005475627769171825,0.012349499426161674,0.017768879434399105,0.5023860941841662,841.75,1
2012-09-14,RELIANCE,EQ,799.15,813.0,845.7,809.55,838.75,841.75,831.09,8300472,689840287165000.0,160916.0,5519785.0,0.665,0.05330663830319726,0.057474874371859386,0.10313871961208321,804.4100000000001,789.9975,0.023944652839344573,0.01732273289957684,0.04294624294624305,2.1095258842070916,873.75,1
2012-09-17,RELIANCE,EQ,841.75,848.1,881.6,848.1,873.65,873.75,869.46,9698936,843280276030000.0,145980.0,6554185.0,0.6758,0.03801603801603792,0.1031500536582286,0.12076706003078508,820.75,792.9725,0.02428637681110008,0.01909032508453806,0.03834048640915594,0.16848005751962059,855.6,0
2012-09-18,RELIANCE,EQ,873.75,870.2,873.9,851.3,855.0,855.6,860.8,3953604,340326669760000.0,104086.0,2536600.0,0.6416,-0.02077253218884123,0.08166877370417192,0.1095117681384945,833.6699999999998,795.3625,0.02955307237697368,0.01970843971815337,0.02641421224871438,-0.5923672452318481,832.5,0
2012-09-20,RELIANCE,EQ,855.6,840.7,848.3,828.25,829.4,832.5,839.09,3499635,293651552320000.0,71540.0,2389205.0,0.6827,-0.026998597475455854,0.04310236812429524,0.08370216089560012,840.55,797.2625,0.0355188592492694,0.020386783860885334,0.02408408408408403,-0.11482409467412513,850.3,1
2012-09-21,RELIANCE,EQ,832.5,833.0,854.7,832.0,852.55,850.3,844.48,8214274,693679104110000.0,105920.0,5142694.0,0.6261,0.021381381381381237,0.06400550584996556,0.0739501105146827,850.7800000000001,800.6724999999999,0.03557086460119066,0.020332174402343098,0.026696460072915495,1.347180205935762,836.35,0
2012-09-24,RELIANCE,EQ,850.3,850.0,857.8,832.75,836.1,836.35,845.74,3407033,288145594095000.0,85428.0,1696675.0,0.498,-0.01640597436198976,-0.006415206415206431,0.05069095477386942,849.7,803.1225,0.028841774794241586,0.020843493462453542,0.02995157529742327,-0.5852301737195521,839.75,1
2012-09-25,RELIANCE,EQ,836.35,838.0,844.8,830.25,838.0,839.75,839.53,3163188,265558459225000.0,58856.0,1669471.0,0.5278,0.004065283673103437,-0.038912732474964185,0.06022347074048362,842.9,805.6,0.020020358229022428,0.02084417347021314,0.01732658529324198,-0.07157107078211455,844.75,1
2012-09-26,RELIANCE,EQ,839.75,838.0,849.7,833.85,841.9,844.75,842.59,3807711,320833564915000.0,84253.0,2243761.0,0.5893,0.005954153021732633,-0.012681159420289911,0.06795195954487987,840.7299999999999,808.73,0.019225010915867945,0.02060769083752421,0.01876294761763838,0.2037574118262968,829.85,0
2012-09-27,RELIANCE,EQ,844.75,845.2,848.0,824.25,830.0,829.85,833.95,6953585,579894854425000.0,94007.0,3810327.0,0.5479999999999999,-0.01763835454276408,-0.0031831831831831137,0.03978198220774343,840.2,811.0525,0.016492512355364815,0.021169708086550935,0.028619630053624147,0.826185075495488,837.2,1
2012-09-28,RELIANCE,EQ,829.85,837.0,847.9,834.35,834.8,837.2,841.02,3227049,271400836405000.03,70481.0,1966134.0,0.6093000000000001,0.008857022353437438,-0.015406327178642765,0.047613088906963696,837.5800000000002,814.5925,0.012890694367102098,0.02037376400678653,0.016184902054467216,-0.5359157902003068,833.5,0
2012-10-01,RELIANCE,EQ,837.2,840.0,842.3,829.25,834.1,833.5,834.99,1991469,166286018875000.0,49735.0,972193.0,0.4882,-0.004419493549928433,-0.003407664255395515,-0.009801009801009841,837.01,818.115,0.010712662384790026,0.020374891497864138,0.01565686862627469,-0.38288231756009905,846.1,1
2012-10-03,RELIANCE,EQ,833.5,834.45,853.45,834.25,847.45,846.1,845.93,5006639,423526175820000.0,110536.0,2908157.0,0.5809000000000001,0.015116976604679033,0.007561774337600413,-0.03164520743919885,838.28,821.4399999999999,0.01285181798813639,0.020136708107478543,0.022692353149745947,1.51404315106085,852.9,1
2012-10-04,RELIANCE,EQ,846.1,850.55,858.9,849.1,852.0,852.9,853.87,2886232,246446288810000.0,70943.0,1522797.0,0.5276,0.008036875073868188,0.009647824800236737,-0.003155680224403934,839.9100000000001,825.5274999999999,0.013061318049235063,0.019830260810057142,0.011490209872200674,-0.4235190514035464,857.8,1
2012-10-05,RELIANCE,EQ,852.9,859.9,862.0,682.35,859.55,857.8,846.95,3592138,304234823850000.0,60282.0,1052935.0,0.2930999999999999,0.005745104936100365,0.033680785684159664,0.030390390390390376,845.5,830.0074999999999,0.007103433844738496,0.0197152529173189,0.20943110282117042,0.2445770125201301,819.4,0
2012-10-08,RELIANCE,EQ,857.8,854.55,854.55,816.25,817.0,819.4,828.39,4775793,395620218880000.0,96671.0,2860535.0,0.599,-0.04476567964560496,-0.021261347348303983,-0.03634011525343994,841.9399999999999,831.39,0.02380815224919615,0.021796597567863063,0.046741518184037045,0.3295126746244159,815.3,0
2012-10-09,RELIANCE,EQ,819.4,825.5,826.7,813.1,815.85,815.3,819.34,2651961,217285572350000.0,74466.0,1291748.0,0.4871,-0.005003661215523536,-0.02183563287342538,-0.025168888623184116,838.3,832.3549999999999,0.023811807393180277,0.02183415919440253,0.01668097632773215,-0.444707716603295,816.0,1
2012-10-10,RELIANCE,EQ,815.3,811.0,822.3,807.4,817.25,816.0,816.42,2144325,175067223205000.0,81285.0,872057.0,0.4067,0.00085857966392755,-0.03557499113579954,-0.02828222685323012,832.28,833.5525,0.021682545957933636,0.021783287814065296,0.0182598039215686,-0.19141910457959221,819.95,1
2012-10-11,RELIANCE,EQ,816.0,819.0,822.0,809.3,821.9,819.95,816.32,2710338,221249265910000.0,75759.0,1226282.0,0.4524,0.004840686274509842,-0.038632899519287056,-0.029357798165137616,825.6899999999999,835.0,0.021168476965598843,0.021781624486051133,0.015488749313982614,0.2639585883669686,818.9,0
2012-10-12,RELIANCE,EQ,819.95,818.8,826.4,816.05,818.6,818.9,820.73,2429045,199357962990000.0,42122.0,1517173.0,0.6246,-0.0012805658881639426,-0.045348566099323806,-0.013195155751039356,817.91,836.04,0.020269902731285226,0.021729993980093974,0.012638905849310078,-0.10378521055307488,823.05,1
2012-10-15,RELIANCE,EQ,818.9,819.0,829.9,819.0,823.45,823.05,824.08,2555825,210619422150000.0,61201.0,1007657.0,0.3943,0.005067773842960088,0.004454478886990465,-0.01690157668418546,818.64,837.235,0.0042576133873295325,0.021744415622384196,0.013243423850312833,0.05219335170818162,812.45,0
2012-10-16,RELIANCE,EQ,823.05,838.9,839.95,810.0,810.0,812.45,822.71,5068137,416960988205000.0,106707.0,2186840.0,0.4315,-0.012878925946175679,-0.0034956457745614067,-0.02525494901019787,818.0699999999999,835.7700000000001,0.007332403608394693,0.018228942184460726,0.03686380700350796,0.9829749689434919,805.15,0
2012-10-17,RELIANCE,EQ,812.45,816.05,817.4,801.55,803.1,805.15,805.58,4780912,385139958615000.0,98231.0,3090416.0,0.6464,-0.008985168318050407,-0.013296568627450989,-0.04839853445219244,815.9,832.3399999999999,0.008098070901199293,0.01570650971211059,0.019685772837359526,-0.05667269846888512,811.3,1
2012-10-18,RELIANCE,EQ,805.15,807.25,816.0,797.0,810.0,811.3,807.81,6080686,491206647205000.0,118815.0,4026535.0,0.6622,0.007638328261814431,-0.010549423745350395,-0.04877476843709694,814.1700000000001,830.125,0.008810129450816885,0.01538756672955775,0.0234192037470726,0.27186737593162147,802.8,0
2012-10-19,RELIANCE,EQ,811.3,807.7,810.5,799.35,800.7,802.8,804.11,2891282,232490743375000.0,59696.0,1765227.0,0.6104999999999999,-0.010477012202637748,-0.019660520210037835,-0.06411750990906973,810.95,828.64,0.009530050878979204,0.014418401206082461,0.013888888888888862,-0.5245138459706684,815.6,1
2012-10-22,RELIANCE,EQ,802.8,795.2,816.95,791.7,816.5,815.6,810.4,3237961,262405224695000.0,56686.0,1741399.0,0.5378000000000001,0.015944195316392795,-0.009051697952736637,-0.004637539663168155,809.4599999999999,826.9050000000001,0.012782670260982062,0.014005348142546895,0.03095880333496812,0.11990494182165556,809.95,0
2012-10-23,RELIANCE,EQ,815.6,813.5,814.8,804.8,809.25,809.95,809.42,2170107,175653328240000.0,38499.0,1242475.0,0.5725,-0.006927415399705761,-0.0030771124376884895,-0.00656200171715926,808.96,825.585,0.011720448054720695,0.013647526996953749,0.012346441138341872,-0.32979211299950806,810.4,1
2012-10-25,RELIANCE,EQ,809.95,810.1,818.7,807.2,809.15,810.4,812.99,4127449,335558433750000.0,65582.0,2609363.0,0.6322,0.0005555898512252799,0.0065205241259391755,-0.006862745098039191,810.01,824.1175,0.010741955907282188,0.013594491611763041,0.014190523198420534,0.9019564473088193,798.95,0
2012-10-26,RELIANCE,EQ,810.4,803.2,806.0,792.15,799.5,798.95,798.26,1936406,154576093155000.0,73319.0,890238.0,0.4597,-0.014128825271470746,-0.015222482435597096,-0.025611317763278296,807.54,821.8275,0.011902789447031251,0.013741211890153582,0.017335252518931126,-0.5308467772709002,811.2,1
2012-10-29,RELIANCE,EQ,798.95,802.35,814.4,802.35,810.9,811.2,810.81,2511242,203612887095000.0,73063.0,1593965.0,0.6347,0.01533262406909075,0.010463378176382765,-0.009402857491757177,809.22,820.8950000000001,0.01336041757483062,0.013831218609016128,0.014854536489151816,0.2968571673502354,803.25,0
2012-10-30,RELIANCE,EQ,811.2,810.0,811.8,799.15,803.0,803.25,805.21,2134370,171862120830000.0,49419.0,1300443.0,0.6093000000000001,-0.00980029585798825,-0.015142226581657647,-0.024056861673045327,806.75,819.1975,0.01155688637953827,0.013757295346806394,0.015748521630874545,-0.1500739474730034,805.5,1
2012-10-31,RELIANCE,EQ,803.25,803.15,807.35,798.0,805.0,805.5,803.84,2153819,173131656775000.0,61771.0,1401827.0,0.6509,0.0028011204481792618,-0.005494166306562187,-0.00855437257677405,805.86,817.7974999999999,0.011547973264688018,0.013784528187463672,0.011607697082557445,0.009112290746215557,807.1,1
2012-11-01,RELIANCE,EQ,805.5,795.0,808.8,788.7,807.0,807.1,801.72,4201156,336815663985000.0,95346.0,2306706.0,0.5491,0.0019863438857852245,-0.004072063178677143,0.0024219089610633127,805.2,815.8475000000001,0.011615172782136304,0.013247896277673348,0.024903977202329213,0.9505613052907418,807.95,1
2012-11-02,RELIANCE,EQ,807.1,812.0,814.9,802.5,805.7,807.95,806.54,2639614,212895982130000.0,67140.0,1617690.0,0.6129,0.001053153264775064,0.011264785030352442,-0.00412917539751001,807.0,813.6,0.008918623072906477,0.013052471536829648,0.015347484374033018,-0.37169341009950596,806.15,0
2012-11-05,RELIANCE,EQ,807.95,803.65,808.95,801.85,805.0,806.15,805.78,1158128,93319718405000.0,23679.0,541538.0,0.4676,-0.002227860634940404,-0.00622534516765294,0.00417289486796224,805.99,811.0175,0.00515395488911851,0.012904414707537695,0.008807293927929075,-0.5612510010933417,805.45,0
2012-11-06,RELIANCE,EQ,806.15,804.0,807.4,796.25,806.0,805.45,800.49,3531643,282704537220000.0,60274.0,2377693.0,0.6733,-0.000868324753457661,0.0027388733271087595,-0.012444825895046585,806.43,810.3199999999999,0.0020683289663173225,0.008365091649374927,0.013843193246011517,2.0494409944323944,800.85,0
2012-11-07,RELIANCE,EQ,805.45,802.0,805.3,798.0,798.3,800.85,802.34,2381384,191068946985000.0,44537.0,1518012.0,0.6374000000000001,-0.005711093177726778,-0.005772811918063336,-0.011235261435891153,805.5,809.5975,0.0030304772524712836,0.008385162665918083,0.009115314977835992,-0.3257008140403772,796.6,0
2012-11-08,RELIANCE,EQ,800.85,793.0,798.3,789.75,797.25,796.6,793.77,2837737,225249636105000.03,65711.0,1910385.0,0.6731999999999999,-0.005306861459699053,-0.01300954032957502,-0.01702862783810455,803.4,808.6275,0.0028934396264616363,0.00843184490154024,0.01073311574190303,0.19163352067537187,787.65,0
2012-11-09,RELIANCE,EQ,796.6,793.35,803.5,785.0,786.3,787.65,792.48,2421910,191931710020000.0,49954.0,1241188.0,0.5125,-0.011235249811699766,-0.02512531716071542,-0.014143563426998074,799.34,807.0125,0.004006533415173751,0.008593533166263769,0.023487589665460547,-0.14653472115280597,786.65,0
2012-11-12,RELIANCE,EQ,787.65,785.85,789.4,779.0,789.2,786.65,782.91,2894127,226584969040000.0,108446.0,1900410.0,0.6566,-0.001269599441376279,-0.02418904670346711,-0.030263806706114504,795.4399999999999,805.4,0.0041949565397675515,0.008593579984355426,0.013220619080912703,0.19497710484700082,789.6,1
2012-11-13,RELIANCE,EQ,786.65,789.15,792.2,783.4,790.8,789.6,789.24,765533,60419286160000.0,15037.0,461881.0,0.6033,0.0037500794508358304,-0.01967844062325408,-0.01699346405228752,792.2700000000001,803.7275,0.005578822780034144,0.00854166264026863,0.011144883485309103,-0.7354874198678911,784.6,0
2012-11-15,RELIANCE,EQ,789.6,788.85,788.85,777.05,786.4,784.6,781.69,3486440,272532555575000.0,62640.0,2534492.0,0.7270000000000001,-0.0063323201621073855,-0.020290940875320018,-0.02594661700806944,789.02,802.335,0.005634363833011328,0.008223872428241238,0.015039510578638884,3.5542648063506084,775.15,0
2012-11-16,RELIANCE,EQ,784.6,787.4,792.65,771.0,777.4,775.15,782.62,3281968,256852912950000.0,59871.0,2355224.0,0.7176,-0.01204435381085911,-0.026926939492844637,-0.03958617271713549,784.73,800.8349999999999,0.0067053617734529345,0.008393009973866916,0.02793007804940976,-0.05864778972246765,774.3,0
2012-11-19,RELIANCE,EQ,775.15,775.25,778.25,761.35,775.0,774.3,769.48,4737114,364512733465000.0,121207.0,3381388.0,0.7138,-0.0010965619557504747,-0.016949152542372947,-0.04164861686985588,782.06,798.985,0.006006068043283076,0.008094508182725028,0.021826165568900914,0.4433760475422064,765.35,0
2012-11-20,RELIANCE,EQ,774.3,780.7,780.7,762.2,763.2,765.35,770.55,2156459,166165047225000.0,68554.0,1289732.0,0.5981000000000001,-0.011558827327909027,-0.027076844848407777,-0.050610928487254125,777.8,797.1125,0.00680395918725763,0.00815541067351763,0.024171947475011432,-0.5447736744355318,771.2,1
2012-11-21,RELIANCE,EQ,765.35,766.5,773.9,761.1,773.5,771.2,767.19,1968764,151041405450000.0,48935.0,1048684.0,0.5327000000000001,0.007643561769125284,-0.023302938196555156,-0.04252281333416108,774.12,794.8925,0.008200507771291322,0.007346256778498303,0.016597510373443924,-0.0870385200924293,765.85,0
2012-11-22,RELIANCE,EQ,771.2,773.05,773.7,761.4,765.1,765.85,766.6,2397131,183764088485000.0,52558.0,1329076.0,0.5544,-0.006937240663900446,-0.023897527402498064,-0.0437035649622276,770.37,792.6875,0.008235409534995498,0.007346549803171054,0.016060586276686124,0.21758169084765866,773.75,1
2012-11-23,RELIANCE,EQ,765.85,766.0,775.8,766.0,772.75,773.75,771.91,1707395,131795759150000.0,43891.0,835250.0,0.4892,0.010315335901286193,-0.0018061020447655007,-0.02868440873713285,770.0899999999999,790.855,0.00931706257884122,0.007883570474033434,0.012665589660743075,-0.2877339619737094,773.65,0
2012-11-26,RELIANCE,EQ,773.75,774.9,779.45,771.0,773.15,773.65,774.64,1038412,80439404170000.0,34707.0,471144.0,0.4537,-0.0001292407108239857,-0.0008394679064961386,-0.017774392179267462,769.96,789.59,0.009307119196193505,0.007381855222767694,0.010922251664189291,-0.39181501644317807,786.8,1
2012-11-27,RELIANCE,EQ,773.65,777.0,788.0,774.0,785.5,786.8,782.99,2470660,193449695340000.0,53386.0,1491511.0,0.6037,0.016997350222969,0.028026393153459006,0.0001906820059747183,774.25,788.37,0.009304760902008819,0.007589093264842495,0.017793594306049824,1.3792675739494538,798.3,1
2012-11-29,RELIANCE,EQ,786.8,786.0,804.0,782.65,794.25,798.3,797.35,4483489,357491950610000.0,91399.0,3105558.0,0.6927,0.014616166751397985,0.03514004149377592,0.01101823708206684,779.67,788.1225000000001,0.010173659883735576,0.008128083360600497,0.026744331704872885,0.8146928351128848,793.7,0
2012-11-30,RELIANCE,EQ,798.3,796.05,808.0,790.0,792.8,793.7,797.44,4170481,332571867790000.0,79740.0,2725922.0,0.6536,-0.0057622447701364266,0.03636482339883784,0.011598266632679044,785.24,787.5325,0.009777911306454383,0.008182726403358036,0.022678593927176513,-0.06981348677335886,804.0,1
2012-12-03,RELIANCE,EQ,793.7,795.0,807.0,789.75,807.0,804.0,799.83,2359017,188680410075000.0,53936.0,1206043.0,0.5112,0.012977195413884202,0.03909531502423258,0.037218602851061044,791.29,787.3774999999999,0.010057882247582547,0.008724200958505617,0.021455223880597014,-0.43435373521663323,824.7,1
2012-12-04,RELIANCE,EQ,804.0,806.15,825.7,806.0,824.8,824.7,817.63,3492574,285565056515000.0,84069.0,1807382.0,0.5175,0.025746268656716476,0.0659859109416403,0.06509104998062787,801.5,788.2149999999999,0.011543876596046795,0.010475829484543606,0.023887474233054498,0.48052091188829915,832.6,1
2012-12-05,RELIANCE,EQ,824.7,828.25,837.1,820.6,832.0,832.6,831.25,3089629,256825752690000.0,76724.0,1783300.0,0.5772,0.009579240936097966,0.05821047280122027,0.08786829555105502,810.66,789.5375,0.011363313788605141,0.010611517498390345,0.01981743934662503,-0.11537192912734273,843.9,1
2012-12-06,RELIANCE,EQ,832.6,835.95,845.85,822.0,843.9,843.9,833.3,2636685,219715167225000.0,73071.0,1359338.0,0.5155,0.01357194331011291,0.05712138293874491,0.09426867219917012,819.78,791.46,0.011299563610076294,0.010916687965389948,0.02826164237468897,-0.14660142042944313,834.6,0
2012-12-07,RELIANCE,EQ,843.9,841.05,849.7,830.45,830.45,834.6,842.05,3014740,253857102975000.0,87641.0,1775403.0,0.5889,-0.011020263064344116,0.05153080509008445,0.08976953711562308,827.96,793.1475,0.013336509577141354,0.011185311610215421,0.023064941289240352,0.14338269455774966,828.3,0
2012-12-10,RELIANCE,EQ,834.6,834.6,837.95,821.25,828.0,828.3,828.13,1869316,154804018600000.0,61104.0,986506.0,0.5277000000000001,-0.00754852624011515,0.030223880597014974,0.07050080775444267,832.82,794.7325,0.015274903691511183,0.011274580151652861,0.020161777133888743,-0.37994122212860815,820.05,0
2012-12-11,RELIANCE,EQ,828.3,832.0,838.35,814.5,817.55,820.05,825.7,3715258,306767689730000.0,67145.0,2495980.0,0.6718000000000001,-0.009960159362549792,-0.005638413968716005,0.05997544109093256,831.89,796.3525000000001,0.011702634885187406,0.011199073686958558,0.029083592463874184,0.9874959610895109,832.6,1
2012-12-12,RELIANCE,EQ,820.05,825.0,834.8,819.35,833.0,832.6,828.21,2314044,191651579415000.0,64104.0,1123615.0,0.4856,0.015303944881409848,0.0,0.05821047280122027,831.89,798.65,0.013191053044315905,0.011546217516961929,0.018556329570021537,-0.37715119649833206,834.25,1
2012-12-13,RELIANCE,EQ,832.6,832.6,841.0,830.4,835.0,834.25,835.71,2652270,221652686080000.03,63311.0,1670056.0,0.6297,0.00198174393466255,-0.011435004147410832,0.04503319554052365,829.96,800.8824999999999,0.011073471457418774,0.011546180819724867,0.01270602337428831,0.14616230287755982,839.25,1
2012-12-14,RELIANCE,EQ,834.25,834.5,846.8,828.5,840.35,839.25,839.87,2045918,171829508365000.0,50394.0,1082807.0,0.5293,0.005993407252022687,0.005571531272465791,0.05738944185460504,830.89,803.615,0.010290583851045003,0.011359556955050488,0.02180518319928502,-0.22861624193615282,834.15,0
2012-12-17,RELIANCE,EQ,839.25,834.5,844.4,831.0,832.3,834.15,838.33,1656401,138861097259999.98,50217.0,940950.0,0.5681,-0.006076854334227,0.0070626584570807616,0.03749999999999987,832.0600000000001,806.565,0.009996278684547773,0.011004435062360164,0.016064257028112424,-0.19038739578028052,831.4,0
2012-12-18,RELIANCE,EQ,834.15,834.5,839.45,826.0,829.2,831.4,831.21,1827793,151927724850000.0,40129.0,948232.0,0.5188,-0.0032967691662171283,0.013840619474422278,0.008124166363526086,834.3299999999999,809.42,0.008414026689302244,0.011066069388449049,0.016177531873947614,0.1034725286932332,839.5,1
2012-12-19,RELIANCE,EQ,831.4,835.2,843.05,834.05,840.7,839.5,839.0,1993015,167213522575000.0,52871.0,1240307.0,0.6223,0.009742602838585634,0.008287292817679592,0.008287292817679592,835.7099999999998,813.1275,0.006493044206557072,0.01054071081775738,0.01072066706372841,0.09039426236997294,837.85,0
2012-12-20,RELIANCE,EQ,839.5,841.95,841.95,829.5,838.2,837.85,835.8,2189272,182978699120000.0,64584.0,1208211.0,0.5519,-0.0019654556283501545,0.004315253221456317,-0.0071690958644388125,836.43,816.46,0.006682673520832362,0.010617562205783427,0.014859461717491251,0.09847241490906988,825.25,0
2012-12-21,RELIANCE,EQ,837.85,833.0,834.5,822.2,824.0,825.25,828.79,2149301,178130957895000.0,51483.0,1412489.0,0.6572,-0.015038491376738072,-0.01668156091748585,-0.01120297148334537,833.6299999999999,819.43,0.00890772087102365,0.011203439043964659,0.01490457437140255,-0.018257667388976828,820.7,0
2012-12-24,RELIANCE,EQ,825.25,825.6,827.35,815.6,820.4,820.7,819.68,1303847,106874133810000.0,50478.0,650331.0,0.4988,-0.005513480763404965,-0.016124198285679903,-0.009175419533985152,830.9399999999999,821.7774999999999,0.00886771501700493,0.011277902658624144,0.014317046423784573,-0.3933623070942599,828.25,1
2012-12-26,RELIANCE,EQ,820.7,822.0,835.9,822.0,828.4,828.25,829.29,1331218,110396993925000.0,34300.0,681236.0,0.5117,0.009199463872304081,-0.0037887899927832036,0.009999390281080434,830.3100000000001,824.5075,0.010457168750592105,0.011334009338186981,0.01678237247207966,0.02099249375118406,817.7,0
2012-12-27,RELIANCE,EQ,828.25,830.3,832.0,815.1,818.5,817.7,823.18,3680616,302980941255000.0,59718.0,2129799.0,0.5787,-0.012737699969815774,-0.02596783799880875,-0.017895748258467403,825.95,826.0525,0.009637392295155181,0.011416989055243345,0.020667726550079462,1.7648484320374274,840.25,1
2012-12-28,RELIANCE,EQ,817.7,823.5,846.0,821.55,844.0,840.25,835.03,3326023,277731715010000.0,67975.0,1851478.0,0.5567000000000001,0.027577351106762737,0.0028644745479500244,0.007192088702427268,826.4300000000001,828.15,0.01775888573407165,0.012488959974079197,0.029098482594465985,-0.09634066688836873,839.55,0
2012-12-31,RELIANCE,EQ,840.25,840.3,849.8,836.8,837.05,839.55,841.78,2224287,187235635815000.0,55804.0,1203165.0,0.5409,-0.0008330853912527081,0.01732808239927297,0.0003574620196602485,829.29,830.4425000000001,0.01561951243259235,0.012362466832745975,0.015484485736406409,-0.3312472583623144,840.7,1
2013-01-01,RELIANCE,EQ,839.55,844.0,846.6,839.1,840.6,840.7,842.74,1561532,131595820720000.0,25825.0,841458.0,0.5389,0.0013697814305284606,0.02436944072133551,0.007852304741353455,833.29,832.2774999999999,0.014909440506122862,0.012134048566872165,0.008921137147615082,-0.2979628977735337,847.95,1
2013-01-02,RELIANCE,EQ,840.7,844.0,856.0,842.55,844.0,847.95,849.46,3072592,261004853035000.0,82129.0,1551437.0,0.5049,0.008623765909361314,0.023785089043163454,0.019906182343035983,837.2299999999999,833.4399999999999,0.014870254535973123,0.010938101946051182,0.015861784303319824,0.9676778958100123,860.75,1
2013-01-03,RELIANCE,EQ,847.95,848.6,862.0,844.6,860.1,860.75,855.58,3946902,337688336735000.0,103363.0,2331395.0,0.5907,0.01509522967156074,0.052647670294729165,0.025312686122691996,845.8399999999999,834.8475000000001,0.011488940988313745,0.011219841589044965,0.020214928841126897,0.28455128438790434,861.85,1
2013-01-04,RELIANCE,EQ,860.75,861.9,864.6,853.55,862.65,861.85,860.42,3041614,261705066005000.03,67079.0,1787304.0,0.5876,0.0012779552715656006,0.025706634930080297,0.028644745479501132,850.1600000000001,835.7450000000001,0.006634104587105311,0.010867784230689516,0.012821256599176269,-0.22936672863932273,856.6,0
2013-01-07,RELIANCE,EQ,861.85,865.7,871.0,851.8,852.0,856.6,860.91,3498964,301229791790000.0,76315.0,2240626.0,0.6404000000000001,-0.006091547253002316,0.020308498600440705,0.03798848833686774,853.57,836.845,0.008072098402451506,0.01063158879044143,0.022414195657249645,0.15036424740285903,850.65,0
2013-01-08,RELIANCE,EQ,856.6,855.1,858.1,847.9,848.95,850.65,852.15,3194175,272190999755000.03,82769.0,2112754.0,0.6614,-0.006946065841699767,0.01183537528250267,0.036493237480199836,855.5600000000001,837.9625,0.00949497358691097,0.010605856126296737,0.011990830541350786,-0.08710835550179996,852.7,1
2013-01-09,RELIANCE,EQ,850.65,852.4,859.85,848.65,854.6,852.7,854.64,3902332,333507775660000.0,56709.0,2920516.0,0.7484000000000001,0.0024099218244872933,0.005601745385930723,0.029520072441895584,856.51,839.5949999999999,0.008860861848842515,0.010264602959744693,0.013134748446112402,0.22170263056970896,850.05,0
2013-01-10,RELIANCE,EQ,852.7,857.75,858.95,847.0,848.15,850.05,851.17,2112066,179773474015000.0,54778.0,1323235.0,0.6265,-0.0031077753019820298,-0.01243101945977354,0.039562186621010076,854.3700000000001,840.4675000000001,0.004225400018209943,0.009825219060052822,0.014057996588436029,-0.4587682442190977,839.9,0
2013-01-11,RELIANCE,EQ,850.05,852.5,853.0,836.25,838.3,839.9,841.17,1840162,154788106110000.0,46216.0,1062682.0,0.5775,-0.0119404740897594,-0.02546846899112376,-0.00041654269562629853,849.9799999999999,840.75,0.0052807410666841645,0.010242535040789874,0.01994285033932611,-0.12873840116738777,847.55,1
2013-01-14,RELIANCE,EQ,839.9,841.0,853.0,839.0,850.0,847.55,844.16,1614000,136247306420000.0,64347.0,873130.0,0.541,0.009108227169901228,-0.010565024515526544,0.009528914299327118,848.1700000000001,841.165,0.008174633524783115,0.010355327382140707,0.01651819951625273,-0.12290330959991569,847.15,0
2013-01-15,RELIANCE,EQ,847.55,846.15,851.8,838.0,847.1,847.15,844.51,2374487,200527578985000.0,88697.0,1209356.0,0.5093,-0.00047194855760723797,-0.004114500675953647,0.007672177946948855,847.47,841.8149999999999,0.007713951167655678,0.010241972736181116,0.016289913238505524,0.4711815365551426,861.35,1
2013-01-16,RELIANCE,EQ,847.15,846.05,870.9,846.05,860.0,861.35,864.11,4469088,386180278880000.0,95112.0,2147337.0,0.4805,0.01676208463672313,0.010144247683827823,0.015802818562415277,849.2,843.3125,0.011123828437551313,0.010785036234357781,0.02885006095083302,0.8821278027632915,890.0,1
2013-01-17,RELIANCE,EQ,861.35,862.1,893.55,859.75,888.0,890.0,879.41,5055697,444603937885000.06,127554.0,2576730.0,0.5097,0.03326174029140305,0.04699723545673784,0.03398199244844613,857.1899999999999,845.8375,0.017150244549916357,0.012789588601137155,0.03797752808988759,0.13125921888313674,900.2,1
2013-01-18,RELIANCE,EQ,890.0,895.0,902.95,885.65,898.0,900.2,895.99,5201345,466033202860000.06,134895.0,2625056.0,0.5047,0.011460674157303341,0.07179426122157406,0.04449730231478788,869.25,848.9549999999999,0.012434385241680702,0.01286725574040093,0.01921795156631867,0.028808688495374657,919.95,1
2013-01-21,RELIANCE,EQ,900.2,938.1,955.0,918.05,919.9,919.95,930.67,10047910,935132600365000.0,216013.0,5344307.0,0.5319,0.021939568984669977,0.08542268892690719,0.07395517160868548,883.7300000000001,853.6899999999999,0.012490141082794321,0.012692552964158749,0.04016522637099847,0.9317907195158175,920.05,1
2013-01-22,RELIANCE,EQ,919.95,920.0,930.7,915.55,921.7,920.05,925.11,4266371,394684700675000.0,92922.0,2701782.0,0.6333,0.000108701559867308,0.08605323732514902,0.081584670546053,898.3100000000001,858.6575,0.012292982587363157,0.012496013172298096,0.016466496386066076,-0.5753971721482378,923.05,1
2013-01-23,RELIANCE,EQ,920.05,922.1,928.8,916.2,923.25,923.05,922.25,2674869,246689196985000.0,53437.0,1484553.0,0.555,0.003260692353676431,0.07163174087188717,0.08250263867714303,910.65,863.3975,0.013682107610112437,0.012481615861082117,0.01365039813661222,-0.37303413134957086,915.55,0
2013-01-24,RELIANCE,EQ,923.05,925.0,928.35,907.0,918.0,915.55,915.97,3071712,281358198025000.0,86396.0,2066252.0,0.6727,-0.00812523698607881,0.028707865168539293,0.07705429092406324,915.76,868.29,0.011459219160131708,0.012165384399366982,0.023319316257987027,0.14835978883451872,912.2,0
2013-01-25,RELIANCE,EQ,915.55,916.25,917.35,905.1,911.0,912.2,910.25,3220389,293135160670000.0,113798.0,2221014.0,0.6897,-0.0036590027852110296,0.013330371028660304,0.08608167639004649,918.1600000000001,871.8875,0.011563009645174952,0.011179002978585826,0.013429072571804429,0.048401998624871156,897.55,0
2013-01-28,RELIANCE,EQ,912.2,911.35,913.15,895.0,896.75,897.55,900.48,3063239,275838323055000.03,82131.0,1972532.0,0.6439,-0.01606007454505598,-0.02434914941029409,0.058993569700902526,913.68,874.7875,0.0075527040979470805,0.012024582693954204,0.02022171466770651,-0.048798452609296605,882.85,0
2013-01-29,RELIANCE,EQ,897.55,895.0,902.0,880.1,882.95,882.85,891.4,3529188,314593219675000.0,88307.0,2290423.0,0.649,-0.016377917664753938,-0.04043258518558768,0.04214129729091676,906.24,876.8950000000001,0.008376045125592273,0.012812425326272333,0.024806025938721162,0.1521099071930072,899.4,1
2013-01-30,RELIANCE,EQ,882.85,887.5,903.4,887.5,899.75,899.4,898.26,4032649,362235583095000.0,122000.0,2789738.0,0.6918000000000001,0.01874610636008378,-0.02562158062943498,0.044174841818076294,901.51,879.4675,0.014380367408556707,0.013258133554235612,0.017678452301534333,0.1426563277445123,886.65,0
2013-01-31,RELIANCE,EQ,899.4,896.65,898.0,883.1,887.25,886.65,887.69,3825017,339543498000000.0,87191.0,2312936.0,0.6047,-0.014176117411607736,-0.03156572552017911,-0.0037640449438202106,895.7299999999999,880.7625,0.014942714523203657,0.013470382706129215,0.016804827158405207,-0.051487744160228166,894.0,1
2013-02-01,RELIANCE,EQ,886.65,891.35,899.8,883.6,895.0,894.0,892.3,1863597,166288408140000.0,58544.0,895902.0,0.4807,0.008289629504314,-0.01995176496382378,-0.006887358364807916,892.0899999999999,882.3700000000001,0.016359984745426267,0.013553397926862179,0.01812080536912744,-0.5127872634291559,886.7,0
2013-02-04,RELIANCE,EQ,894.0,896.05,901.0,884.1,890.5,886.7,892.96,3130914,279578758825000.0,75743.0,2198711.0,0.7023,-0.00816554809843395,-0.012088463038270714,-0.036143268655905225,889.9200000000001,883.875,0.015237344511403381,0.013625660391637909,0.019059433855870053,0.6800381198295555,874.75,0
2013-02-05,RELIANCE,EQ,886.7,884.0,885.9,873.0,873.95,874.75,876.88,2219184,194596644750000.0,75475.0,1406404.0,0.6337,-0.013476936957257268,-0.009174831511581827,-0.04923645454051406,888.3,885.0799999999999,0.014611408404008095,0.013921735130950302,0.014747070591597574,-0.29120250508318013,875.65,1
2013-02-06,RELIANCE,EQ,874.75,880.45,882.9,870.8,875.45,875.65,877.32,2257604,198064421950000.0,63286.0,1355726.0,0.6005,0.0010288653901113776,-0.02640649321770072,-0.05135149775201775,883.55,886.2275,0.009728716403004628,0.01392035352912282,0.013818306400959313,0.017312669882262988,872.9,0
2013-02-07,RELIANCE,EQ,875.65,871.6,882.0,868.35,871.2,872.9,874.4,1952688,170742434340000.0,72846.0,1140205.0,0.5839,-0.003140524182036253,-0.015507810297186064,-0.04658402053410515,880.8,887.3700000000001,0.008368291016846977,0.013920916107868834,0.01563753007217319,-0.13506177345539783,863.55,0
2013-02-08,RELIANCE,EQ,872.9,869.95,874.0,857.0,860.15,863.55,865.98,2190791,189718104725000.0,76919.0,1311707.0,0.5987,-0.010711421697789048,-0.034060402684563784,-0.05333260249945193,874.71,888.5525,0.0058391988907202565,0.013861425413057528,0.019686179144230213,0.12193601845251267,868.4,1
2013-02-11,RELIANCE,EQ,863.55,865.0,875.0,860.6,870.0,868.4,868.66,1904074,165400243380000.0,52486.0,1006646.0,0.5287,0.0056163511087952145,-0.020638321867599063,-0.03247729931480137,871.05,889.5949999999999,0.007957141914753487,0.013782050896261864,0.01658222017503452,-0.13087373464652718,875.45,1
2013-02-12,RELIANCE,EQ,868.4,868.6,880.35,865.2,876.5,875.45,873.93,2223818,194346077950000.0,72638.0,1216816.0,0.5472,0.008118378627360645,0.0008002286367534417,-0.00838194483774135,871.1899999999999,891.01,0.0074656088392290355,0.013857394353678882,0.017305385801587726,0.1679262465639466,879.0,1
2013-02-13,RELIANCE,EQ,875.45,884.0,888.0,872.5,881.7,879.0,881.76,2407720,212303754770000.0,56398.0,1463013.0,0.6076,0.004055057399051876,0.0038257294581167667,-0.022681787858572333,871.86,891.8924999999999,0.007671230181648257,0.013416439581542015,0.01763367463026166,0.08269651563212466,856.05,0
2013-02-14,RELIANCE,EQ,879.0,880.0,883.45,851.0,852.45,856.05,868.12,2808132,243780768145000.0,99837.0,1731363.0,0.6165999999999999,-0.02610921501706487,-0.019303471187994026,-0.03451192691591953,868.49,890.1949999999999,0.01447313008884558,0.012459815091385886,0.03790666433035459,0.1663033907597229,845.8,0
2013-02-15,RELIANCE,EQ,856.05,854.9,857.4,834.1,843.75,845.8,844.06,3289431,277647912570000.0,102410.0,1771944.0,0.5387,-0.011973599672916335,-0.020554687047652176,-0.05391498881431778,864.9399999999999,887.475,0.014633794503569894,0.01224027448398665,0.027547883660439768,0.17139472076098983,847.5,1
2013-02-18,RELIANCE,EQ,845.8,848.0,854.6,843.2,846.55,847.5,849.98,1213793,103170545755000.0,37609.0,497085.0,0.4095,0.002009931425869027,-0.024067250115154315,-0.04420886432840876,860.76,883.8525,0.014117479136380204,0.01082954313610281,0.013451327433628292,-0.6310021398837671,848.4,1
2013-02-19,RELIANCE,EQ,847.5,849.0,855.0,834.25,854.25,848.4,842.32,2212004,186320501415000.0,67628.0,906442.0,0.4098,0.001061946902654931,-0.03089839511108583,-0.030122892254930034,855.35,880.2699999999999,0.012796639749734039,0.01085082642932872,0.024457802923149457,0.8223898144082229,874.8,1
2013-02-20,RELIANCE,EQ,848.4,857.95,878.85,856.6,875.5,874.8,869.85,3399774,295728177215000.0,83256.0,1304042.0,0.3836,0.03111739745403108,-0.004778156996587124,-0.0009707074744476074,854.51,877.8574999999998,0.02118658920616246,0.013334154027030488,0.025434385002286237,0.5369655751074591,859.2,0
2013-02-21,RELIANCE,EQ,874.8,869.0,876.8,853.65,856.0,859.2,863.96,3706369,320215144930000.0,78597.0,1849224.0,0.4989,-0.017832647462276974,0.0036796916067987073,-0.01569481040210785,855.14,875.04,0.01891420231260928,0.013717168075630497,0.026943668528864033,0.09018099438374438,862.6,1
2013-02-22,RELIANCE,EQ,859.2,858.5,872.0,858.0,862.5,862.6,865.72,2223041,192453072965000.0,80843.0,1056149.0,0.4750999999999999,0.003957169459962717,0.01986285173799951,-0.0011001100110010764,858.5,872.5600000000001,0.01749708839686101,0.013805737688052488,0.01623000231857176,-0.40021055647724224,854.35,0
2013-02-25,RELIANCE,EQ,862.6,864.0,864.95,851.0,851.15,854.35,854.99,2258056,193061672655000.0,90782.0,1251247.0,0.5540999999999999,-0.009564108509158342,0.008082595870206433,-0.01617918010133579,859.8700000000001,870.4,0.018569317161121195,0.013548934770145925,0.016328202727219576,0.015750946563738655,823.5,0
2013-02-26,RELIANCE,EQ,854.35,849.7,849.7,818.75,828.8,823.5,831.39,3080139,256079233765000.0,109004.0,1537957.0,0.4993,-0.03610932287704105,-0.02934936350777928,-0.05934091038894285,854.89,867.4325000000001,0.025177570007836582,0.015235522512845646,0.03758348512446879,0.36406670162298904,831.3,1
2013-02-27,RELIANCE,EQ,823.5,830.0,840.95,827.15,830.0,831.3,833.99,4048013,337599534130000.0,116288.0,2685974.0,0.6635,0.00947176684881601,-0.049725651577503416,-0.054266211604095616,846.1899999999999,864.0274999999999,0.018146543762602038,0.014657351409797669,0.016600505232768036,0.31423062400755297,813.85,0
2013-02-28,RELIANCE,EQ,831.3,837.2,839.55,805.75,817.0,813.85,819.0,6324405,517969245970000.0,130981.0,3832737.0,0.606,-0.02099121857331887,-0.052781657355679745,-0.049296185970445605,837.1200000000001,860.3875,0.018537475173271634,0.014986151064209103,0.04153099465503465,0.5623479964120668,810.4,0
2013-03-01,RELIANCE,EQ,813.85,816.0,818.5,805.5,808.2,810.4,811.41,3178835,257933995965000.0,71387.0,1704933.0,0.5363,-0.0042391104011796354,-0.060514722930674725,-0.041853866162213316,826.68,856.2075000000001,0.017240164487825397,0.014697097424675046,0.016041461006910167,-0.49737010833430184,812.6,1
2013-03-04,RELIANCE,EQ,810.4,808.9,818.25,804.9,812.1,812.6,812.14,3416863,277496972045000.0,79898.0,2243926.0,0.6567000000000001,0.002714708785784836,-0.04886756013343474,-0.04117994100294986,818.3299999999999,852.5024999999999,0.01854967369936639,0.014766925452760402,0.016428747231110045,0.0748790044151395,826.35,1
2013-03-05,RELIANCE,EQ,812.6,819.1,834.45,819.1,825.75,826.35,827.47,3008011,248902793050000.0,80798.0,1699963.0,0.5651,0.01692099433915817,0.003460837887067525,-0.025990099009900902,818.9,850.0825000000001,0.014482739124353711,0.015321196259119704,0.018575664064863582,-0.11965712409306428,835.25,1
2013-03-06,RELIANCE,EQ,826.35,831.9,838.4,826.7,834.55,835.25,833.46,2463693,205338084485000.0,59431.0,1323917.0,0.5374,0.010770254734676632,0.004751593889089412,-0.0452103337905807,819.6899999999999,848.0625,0.014687851847548764,0.01559929781449474,0.014007782101167234,-0.1809561201737626,836.5,1
2013-03-07,RELIANCE,EQ,835.25,831.25,841.5,824.05,841.5,836.5,830.21,2406954,199826748555000.0,87301.0,1378229.0,0.5726,0.0014965579167913745,0.027830681329483298,-0.02641992551210437,824.22,846.2425000000001,0.008319330253512832,0.015619700916836144,0.02086072922893012,-0.02303006096944704,851.3,1
2013-03-08,RELIANCE,EQ,836.5,843.0,854.7,840.0,852.1,851.3,847.87,2315993,196366717255000.0,77766.0,1162031.0,0.5017,0.0176927674835623,0.050468904244817425,-0.013099930442847296,832.4,845.6299999999999,0.007632551388060631,0.016071759576932177,0.01726770821097151,-0.03779091748325891,844.5,0
2013-03-11,RELIANCE,EQ,851.3,852.1,860.6,840.05,841.5,844.5,852.03,2415898,205841667680000.0,71745.0,1229665.0,0.509,-0.007987783390109193,0.039256706866847235,-0.011529232750043916,838.78,844.4350000000001,0.010941514830299572,0.016083107774892375,0.02433392539964484,0.04313700430009937,847.85,1
2013-03-12,RELIANCE,EQ,844.5,850.5,854.5,843.55,845.85,847.85,849.93,1954963,166157333035000.0,67429.0,792518.0,0.4054,0.003966844286560134,0.026018031100623285,0.029568913175470612,843.0799999999999,843.055,0.009698582515561386,0.01598201875666754,0.01291502034558005,-0.19079240928218,845.0,0
2013-03-13,RELIANCE,EQ,847.85,842.2,856.6,840.2,841.75,845.0,849.89,2149116,182651377445000.0,81751.0,987912.0,0.4597,-0.003361443651589302,0.011673151750972721,0.016480211716588533,845.03,841.3549999999999,0.009724103665687196,0.015932831626170353,0.019408284023668614,0.09931287702120195,860.05,1
2013-03-14,RELIANCE,EQ,845.0,844.0,863.45,835.25,861.3,860.05,851.07,3380827,287731281955000.0,77247.0,1688905.0,0.4996,0.017810650887573942,0.028153018529587515,0.05676721754623082,849.74,841.555,0.011863121616453757,0.015431988439718948,0.03278879134934021,0.5731244846718371,843.65,0
2013-03-15,RELIANCE,EQ,860.05,864.75,869.4,838.3,843.6,843.65,849.45,2924340,248409222285000.0,96702.0,1174871.0,0.4018,-0.019068658798907068,-0.008986256313872842,0.041029121421520154,848.21,841.4475,0.013754468399016907,0.015807105105963632,0.036863628281870474,-0.13502228892516532,834.3,0
2013-03-18,RELIANCE,EQ,843.65,835.0,843.5,830.8,834.5,834.3,836.76,1833998,153460723005000.0,42162.0,942438.0,0.5139,-0.011082794997925749,-0.012078152753108418,0.02670440561161702,846.1700000000001,840.7875,0.014169973554164973,0.01598919141964412,0.015222342083183562,-0.3728506261241853,825.0,0
2013-03-19,RELIANCE,EQ,834.3,836.6,839.0,811.9,825.05,825.0,824.98,4107716,338877927625000.0,76721.0,2460720.0,0.599,-0.011147069399496501,-0.02695052190835645,-0.0016336903249228873,841.6,839.6175,0.014098232907943672,0.016152110365202373,0.03284848484848488,1.2397603487026703,822.7,0
2013-03-20,RELIANCE,EQ,825.0,829.4,829.8,813.35,820.5,822.7,820.16,4612611,378307321390000.0,132894.0,2732973.0,0.5925,-0.0027878787878787836,-0.02639053254437862,-0.0150254414845854,837.14,837.0125,0.01412097538760007,0.014239648558388987,0.019995137960374294,0.12291380416757147,812.6,0
2013-03-21,RELIANCE,EQ,822.7,825.0,832.8,804.75,806.0,812.6,820.76,3808222,312564148590000.0,86056.0,2019385.0,0.5303,-0.012276650054698024,-0.055171210976106,-0.02857142857142858,827.65,834.6824999999999,0.005784222662244057,0.013986346220746067,0.03451882845188279,-0.17438908245243312,810.6,0
2013-03-22,RELIANCE,EQ,812.6,808.3,821.0,804.35,810.95,810.6,811.54,2714879,220324199320000.0,87272.0,1515220.0,0.5581,-0.0024612355402412467,-0.03917501333491369,-0.04780923293785966,821.0400000000002,832.0825000000001,0.004886961794067871,0.013899144639650614,0.020540340488526987,-0.2871006469685854,809.25,0
2013-03-25,RELIANCE,EQ,810.6,820.6,823.35,802.25,806.9,809.25,814.29,3213575,261677015275000.0,80772.0,2036794.0,0.6338,-0.0016654330125832617,-0.030025170801869727,-0.04174067495559508,816.03,829.8275,0.005183985483651677,0.013815125450399625,0.02607352486870562,0.1836899545062598,783.35,0
2013-03-26,RELIANCE,EQ,809.25,802.5,805.0,780.0,782.0,783.35,790.33,4449515,351658680570000.0,122048.0,2794347.0,0.628,-0.03200494284831634,-0.050484848484848466,-0.076074777378074,807.7,827.82,0.012917305870018395,0.013312769669122005,0.03191421459117891,0.38459970593497905,772.9,0
2013-03-28,RELIANCE,EQ,783.35,785.0,785.95,764.4,778.0,772.9,773.51,6060564,468792863275000.0,148724.0,4094247.0,0.6756000000000001,-0.013340141699112795,-0.06053239333900584,-0.08532544378698226,797.74,824.9,0.012239793430737934,0.013217953604013283,0.027882002846422654,0.36207294502884024,778.75,1
2013-04-01,RELIANCE,EQ,772.9,781.0,790.8,773.8,779.35,778.75,779.78,1903323,148417731540000.0,55306.0,867814.0,0.4559,0.007568896364342104,-0.04165641151858235,-0.09452938782628917,790.97,823.1450000000001,0.01514286470939697,0.012769907380418796,0.021829855537720707,-0.6859495254897069,793.9,1
2013-04-02,RELIANCE,EQ,778.75,780.2,796.5,778.3,795.45,793.9,788.57,2539732,200276508020000.0,72451.0,1455258.0,0.573,0.01945425361155695,-0.020602023192696772,-0.05896995199431043,787.63,822.3199999999999,0.019754155370226567,0.013633206741863758,0.022924801612293797,0.3343673144285022,776.55,0
2013-04-03,RELIANCE,EQ,793.9,797.8,799.0,771.0,775.5,776.55,786.99,2130749,167687596050000.0,61301.0,854795.0,0.4012,-0.021854137800730644,-0.040407784986098316,-0.06921970514203524,781.0899999999999,820.5175000000002,0.02117080480162712,0.014373429937935282,0.03605691842122207,-0.16103392011440576,767.55,0
2013-04-04,RELIANCE,EQ,776.55,772.5,777.95,764.2,769.15,767.55,769.23,2723719,209515513295000.0,79959.0,1371301.0,0.5035000000000001,-0.01158972377824996,-0.020169783621625137,-0.06963636363636372,777.9300000000001,817.5775,0.016937697068466744,0.01378225230214341,0.017914142401146506,0.2782918119403084,780.1,1
2013-04-05,RELIANCE,EQ,767.55,769.0,782.4,767.7,779.15,780.1,776.36,2969243,230518799375000.0,90676.0,1768038.0,0.5955,0.016350726337046595,0.009315564756113393,-0.05178072201288442,779.37,814.8199999999999,0.017995182864116627,0.014140191731220645,0.01884373798230987,0.09014292590388373,789.4,1
2013-04-08,RELIANCE,EQ,780.1,778.1,794.35,778.0,789.5,789.4,788.45,2029499,160015922430000.0,69182.0,1153982.0,0.5686,0.011921548519420622,0.013675762439807393,-0.02855033226679804,781.5,812.4649999999999,0.01843274040945494,0.014514075517115725,0.020711933113757314,-0.3164927895763331,776.95,0
2013-04-09,RELIANCE,EQ,789.4,792.1,795.6,771.1,777.7,776.95,783.91,2990299,234412421620000.0,88403.0,1806928.0,0.6043000000000001,-0.0157714720040536,-0.021350296007053737,-0.041512459906242305,778.1099999999999,808.7475000000001,0.017193106136829013,0.01394591675959482,0.03153356071819293,0.4734173310753047,779.4,1
2013-04-10,RELIANCE,EQ,776.95,780.1,783.95,771.6,778.0,779.4,777.87,2786488,216752688490000.0,65571.0,1534462.0,0.5507,0.0031533560718191023,0.003670079196445908,-0.03688600556070443,778.6800000000001,805.4925000000001,0.01413480036280255,0.014020165648902076,0.015845522196561487,-0.06815739830699208,771.1,0
2013-04-11,RELIANCE,EQ,779.4,784.0,785.1,764.15,768.1,771.1,771.37,2612370,201509708200000.0,71229.0,1087952.0,0.4165,-0.010649217346676898,0.004625105856296052,-0.015637965149677635,779.39,801.655,0.013933309877753335,0.013968853020931284,0.0271689793801064,-0.06248654219935634,775.35,1
2013-04-12,RELIANCE,EQ,771.1,767.0,780.4,765.0,775.0,775.35,774.4,2594372,200909365475000.0,68482.0,1475117.0,0.5686,0.005511606795487012,-0.006088962953467503,0.0031698796739552115,778.4399999999999,798.1725,0.011595068087907888,0.014151312597552987,0.01986199780744177,-0.006889529431129637,793.6,1
2013-04-15,RELIANCE,EQ,775.35,773.05,799.95,773.05,794.2,793.6,789.79,3699483,292181863640000.0,101959.0,2299733.0,0.6215999999999999,0.023537757141935955,0.005320496579680922,0.019069020866773645,779.28,794.85,0.015409463478822657,0.014668560533847042,0.03389616935483882,0.4259647421418362,804.95,1
2013-04-16,RELIANCE,EQ,793.6,797.0,810.0,785.4,801.95,804.95,801.67,4062976,325716070030000.0,106932.0,1856134.0,0.4568,0.014301915322580738,0.036038355106506215,0.013918629550321304,784.88,792.915,0.012798201899774734,0.014751235271696228,0.030560904404000274,0.09825508050719511,773.7,0
2013-04-17,RELIANCE,EQ,804.95,805.85,809.6,769.2,778.05,773.7,781.78,7338828,573733060175000.0,209414.0,4047805.0,0.5516,-0.0388222870985776,-0.007313317936874397,-0.003670079196445686,783.74,789.885,0.024505269724247904,0.016789548202268592,0.052216621429494604,0.8062690993006112,781.6,1
2013-04-18,RELIANCE,EQ,773.7,776.5,785.2,772.65,781.0,781.6,779.71,3152921,245837567930000.03,86171.0,1828587.0,0.58,0.01021067597259906,0.013616910906497193,0.018304996417171537,785.84,787.715,0.024274085557836205,0.016964477073644613,0.016056806550665388,-0.5703781312220426,789.75,1
2013-04-22,RELIANCE,EQ,781.6,786.0,794.7,778.3,789.85,789.75,788.06,2923783,230411842730000.03,64893.0,1589688.0,0.5437,0.010427328556806614,0.01857225769007531,0.012370208947570793,788.72,786.0675,0.024502351841164047,0.0172107359697649,0.02076606521050977,-0.07267483073632353,803.7,1
2013-04-23,RELIANCE,EQ,789.75,791.5,805.8,786.05,803.55,803.7,796.84,2824426,225061984415000.0,67551.0,1647834.0,0.5834,0.01766381766381775,0.012726814516129004,0.018115024068913188,790.74,785.6225,0.023445290686232342,0.017559248996261403,0.024573845962423787,-0.03398234410693268,819.65,1
2013-04-25,RELIANCE,EQ,803.7,807.6,826.6,807.6,819.0,819.65,818.62,5925225,485053581340000.0,135376.0,3701991.0,0.6248,0.01984571357471676,0.018262003851170716,0.05495849153742194,793.6800000000001,786.075,0.02424524084607696,0.018121089789705606,0.02318062587689868,1.0978510323867576,792.4,0
2013-04-26,RELIANCE,EQ,819.65,813.0,825.0,789.7,793.7,792.4,803.95,4766434,383196932260000.0,118690.0,3185043.0,0.6681999999999999,-0.033245897639236244,0.02416957477058279,0.01667949704901206,797.42,785.2325,0.02179519029476033,0.019650574766861478,0.044548207975769756,-0.19556911340919547,792.65,1
2013-04-29,RELIANCE,EQ,792.4,793.1,798.9,788.45,793.5,792.65,792.93,4793061,380054084505000.0,63458.0,3925953.0,0.8190999999999999,0.0003154972236243392,0.014137666325486187,0.027947088574763246,799.63,785.6975,0.021650302921064717,0.018232881461915252,0.013183624550558168,0.005586356592790276,788.2,0
2013-04-30,RELIANCE,EQ,792.65,793.65,796.65,777.15,786.1,788.2,785.65,4011397,315156926250000.0,99417.0,2817576.0,0.7023999999999999,-0.005614079354065438,-0.0019626464070907623,0.016573160508157603,799.3199999999999,786.4625,0.021462500514783173,0.017998996656215852,0.024739913727480335,-0.16308242269397366,802.9,1
2013-05-02,RELIANCE,EQ,788.2,787.4,807.0,783.4,805.1,802.9,796.38,6225752,495806854240000.0,121839.0,4266015.0,0.6851999999999999,0.018650088809946563,-0.0009953962921488424,0.01171875,799.16,787.67,0.021671322187059944,0.018374094128988383,0.029393448748287487,0.5520159186438041,800.5,0
2013-05-03,RELIANCE,EQ,802.9,803.0,815.9,794.9,799.7,800.5,806.48,2952640,238124187675000.0,78141.0,1344220.0,0.4553,-0.002989164279486811,-0.023363630818032055,-0.005528293682837471,795.33,788.0,0.01863422007330724,0.017911587268289064,0.02623360399750156,-0.5257376137051395,821.6,1
2013-05-06,RELIANCE,EQ,800.5,802.2,824.95,802.2,822.5,821.6,817.64,2139146,174905256090000.0,67170.0,978596.0,0.4575,0.02635852592129928,0.03685007571933374,0.06191030115031659,801.17,790.2525,0.014260660888349208,0.017979343119369842,0.027689873417721517,-0.2755141161807738,828.15,1
2013-05-07,RELIANCE,EQ,821.6,821.5,835.9,819.65,830.0,828.15,826.94,3778450,312454736860000.0,120686.0,2197368.0,0.5816,0.007972249269717624,0.044786475745915544,0.059557318321391994,808.27,793.2825,0.013717988299764203,0.017674626583808306,0.019622049145686167,0.7663357246302964,829.65,1
2013-05-08,RELIANCE,EQ,828.15,830.1,832.9,822.05,830.2,829.65,827.8,2710630,224386586585000.0,67270.0,1466038.0,0.5408,0.001811266074986495,0.05258817558995177,0.05052231718898392,816.5600000000001,795.76,0.012058822440473113,0.017435398889179762,0.013077803893208007,-0.28260794770342335,818.1,0
2013-05-09,RELIANCE,EQ,829.65,828.4,831.65,815.0,819.3,818.1,819.62,1870391,153300887510000.0,68117.0,891386.0,0.4765999999999999,-0.013921533176640688,0.01893137377008358,0.017917133258678497,819.6,797.195,0.014919656531636537,0.01771273783417614,0.020352035203520323,-0.3099792299207196,812.95,0
2013-05-10,RELIANCE,EQ,818.1,814.7,820.5,809.2,811.0,812.95,814.66,2075931,169117738505000.0,62912.0,1006149.0,0.4847,-0.0062950739518395915,0.015552779512804538,-0.008174220703958901,822.0899999999999,798.995,0.01536491525774224,0.017336851045456503,0.013899993849560187,0.10989146119715065,814.1,1
2013-05-11,RELIANCE,EQ,812.95,813.4,814.9,812.0,813.8,814.1,813.79,111054,9037442210000.0,3338.0,31741.0,0.2858,0.0014146011439817308,-0.009128529698149923,0.02738515901060068,820.5899999999999,800.73,0.008455899523008384,0.017337292747733716,0.003562215943987197,-0.9465040023006545,803.0,0
2013-05-13,RELIANCE,EQ,814.1,813.35,825.5,798.8,803.0,803.0,812.59,2077188,168790745210000.0,64524.0,868532.0,0.4181,-0.013634688613192503,-0.030368894523938872,0.013057465463950146,815.5600000000001,802.325,0.007698054662984916,0.017467237799085975,0.03325031133250317,17.704306013290832,798.15,0
2013-05-14,RELIANCE,EQ,803.0,800.55,809.0,795.6,798.8,798.15,803.28,2017950,162098402320000.0,66193.0,1105015.0,0.5476,-0.006039850560398574,-0.037967817754474775,0.012623699568637292,809.26,803.4649999999999,0.006358729459454143,0.01754192062543231,0.0167888241558604,-0.028518362324450153,819.0,1
2013-05-15,RELIANCE,EQ,798.15,802.0,820.8,802.0,818.2,819.0,813.64,2572806,209333272870000.0,78795.0,1355216.0,0.5267000000000001,0.026122909227588753,0.0011001100110010764,0.02005231037489108,809.4399999999999,804.7349999999999,0.015377973752938551,0.017720710571964816,0.0229548229548229,0.27496023191853114,840.65,1
2013-05-16,RELIANCE,EQ,819.0,816.0,843.8,815.5,839.0,840.65,834.91,3473901,290038286575000.0,89003.0,1749832.0,0.5037,0.02643467643467634,0.03407343625069181,0.05015615240474691,814.98,806.5200000000001,0.018508905983737264,0.018369652253345477,0.03366442633676316,0.35023822239220515,835.5,0
2013-05-17,RELIANCE,EQ,840.65,840.65,844.7,823.3,836.55,835.5,833.22,2853857,237787727120000.0,80977.0,1587823.0,0.5564,-0.006126211859870279,0.026286696965974743,0.016918208373904564,819.26,809.61,0.01935153653441306,0.015787689547239223,0.0256134051466189,-0.1784863759790506,831.15,0
2013-05-20,RELIANCE,EQ,835.5,837.4,855.0,828.75,831.85,831.15,842.53,3025949,254945311665000.0,83570.0,1498905.0,0.4954,-0.00520646319569118,0.03505603985056038,0.003622532149972768,824.89,812.0875,0.017569279582402286,0.015843126281928136,0.03158274679660711,0.06030154979734448,828.6,0
2013-05-21,RELIANCE,EQ,831.15,831.1,840.0,825.3,826.3,828.6,832.71,2421664,201654627820000.0,68950.0,1122189.0,0.4634,-0.0030680382602418232,0.038150723548205256,-0.0012655939251491333,830.9800000000001,814.03,0.01705915965685601,0.015806328134642625,0.017740767559739374,-0.19970098636824352,818.75,0
2013-05-22,RELIANCE,EQ,828.6,830.1,834.0,813.5,819.0,818.75,820.9,2875414,236042667800000.0,78955.0,1618570.0,0.5629,-0.011887521119961386,-0.00030525030525030417,0.0007945238968340984,830.9300000000001,814.7825,0.015117469836732985,0.015697268296417113,0.025038167938931297,0.18737116296893386,784.45,0
2013-05-23,RELIANCE,EQ,818.75,811.65,816.0,780.1,782.6,784.45,796.68,2925439,233062512410000.0,87540.0,1527421.0,0.5221,-0.041893129770992354,-0.06685303039314805,-0.03505750661172269,819.6899999999999,813.0224999999999,0.016129618601304678,0.017742743274520727,0.04576454840971378,0.017397494760754473,786.45,1
2013-05-24,RELIANCE,EQ,784.45,793.4,794.7,779.2,785.6,786.45,788.58,1823040,143761715830000.0,59018.0,731249.0,0.4011,0.002549557014468684,-0.05870736086175932,-0.03396388650042992,809.88,812.725,0.017544120553322256,0.016164668841730484,0.019708818106681923,-0.37683199000218426,828.3,1
2013-05-27,RELIANCE,EQ,786.45,802.75,832.8,801.0,826.7,828.3,820.2,4333130,355402240980000.0,220572.0,2116124.0,0.4884,0.05321380888804117,-0.0034289839379173515,0.03150684931506853,809.3100000000001,814.5074999999999,0.034437386846221274,0.02010894893705557,0.03839188699746463,1.3768705020186065,843.4,1
2013-05-28,RELIANCE,EQ,828.3,830.0,846.9,826.2,843.05,843.4,836.84,4968154,415756942025000.0,169650.0,2895556.0,0.5828,0.018230109863575983,0.01786145305334297,0.05669360395915546,812.2700000000001,817.2674999999999,0.0353029121514118,0.02031504423908465,0.024543514346691882,0.14655087661805677,847.9,1
2013-05-29,RELIANCE,EQ,843.4,840.5,849.8,833.45,847.05,847.9,841.59,5886563,495407536795000.0,140572.0,4354489.0,0.7397,0.005335546597106999,0.035603053435114385,0.03528693528693516,818.1,819.5174999999999,0.034182450803172254,0.020011257250557506,0.019282934308290964,0.18485920525007882,836.8,0
2013-05-30,RELIANCE,EQ,847.9,845.0,846.0,830.0,833.0,836.8,836.76,4165950,348588717175000.0,102328.0,2601603.0,0.6245,-0.013091166411133393,0.0667346548537191,-0.004579789448641014,828.5699999999999,821.3324999999999,0.024964487708792202,0.02029373251826686,0.019120458891013385,-0.29229501153729265,806.3,0
2013-05-31,RELIANCE,EQ,836.8,834.1,835.75,802.1,805.0,806.3,812.13,3922347,318545837080000.0,116724.0,2290365.0,0.5839,-0.03644837476099427,0.025240002543073237,-0.03494913225613405,832.54,820.5674999999999,0.03370450409957627,0.02123128506426506,0.04173384596304103,-0.05847477766175779,787.9,0
2013-06-03,RELIANCE,EQ,806.3,803.7,805.35,785.25,787.5,787.9,790.36,3237910,255912350885000.0,103285.0,2025707.0,0.6256,-0.022820290214560335,-0.048774598575395345,-0.052036335198219374,824.4599999999998,818.555,0.021824636125171867,0.02167905656478864,0.02551085163091766,-0.17449680000265144,780.2,0
2013-06-04,RELIANCE,EQ,787.9,790.6,799.8,779.15,780.3,780.2,790.21,3372217,266475026275000.0,84860.0,2042975.0,0.6058,-0.00977281380885886,-0.07493478776381302,-0.058411778904175704,811.82,816.0825,0.015532589793748292,0.0217191004239612,0.02646757241732886,0.041479534638084514,802.0,1
2013-06-05,RELIANCE,EQ,780.2,780.5,804.3,780.5,802.0,802.0,794.01,2914171,231388349295000.0,90942.0,1342123.0,0.4606,0.027941553447833778,-0.054133742186578626,-0.02045801526717561,802.64,815.2774999999999,0.02402879376944229,0.022595039101078664,0.029675810473815404,-0.1358293371986441,792.0,0
2013-06-06,RELIANCE,EQ,802.0,800.0,803.9,788.1,790.95,792.0,794.02,3911834,310608680540000.0,109397.0,1507549.0,0.3854,-0.012468827930174564,-0.053537284894837445,0.009624577729619332,793.68,814.23,0.024015814433705974,0.022716597390129052,0.01994949494949489,0.3423488189265489,783.6,0
2013-06-07,RELIANCE,EQ,792.0,794.2,802.0,781.0,783.95,783.6,792.51,2153414,170660568185000.0,70114.0,757357.0,0.3517,-0.010606060606060619,-0.02815329281904988,-0.0036238794583254297,789.1400000000001,812.705,0.01943716189844166,0.02280650113071995,0.02679938744257274,-0.4495129394549974,789.35,1
2013-06-10,RELIANCE,EQ,783.6,789.0,795.5,782.0,792.0,789.35,788.95,2597020,204892349840000.0,94795.0,1344787.0,0.5178,0.007337927514037723,0.0018403350679021546,-0.04702402511167447,789.4300000000001,812.0225,0.01729783917939998,0.022708964570861512,0.017102679419775765,0.2060012612530615,785.6,0
2013-06-11,RELIANCE,EQ,789.35,783.5,791.5,775.3,786.0,785.6,784.74,3026936,237537024085000.0,99272.0,1550592.0,0.5123,-0.004750744283271047,0.006921302230197268,-0.0685321318472848,790.51,811.3950000000001,0.01668826969483554,0.022694576026664092,0.02062118126272918,0.1655420443431317,790.8,1
2013-06-12,RELIANCE,EQ,785.6,783.05,797.5,782.2,791.45,790.8,790.15,2920051,230728327350000.0,71199.0,1592378.0,0.5453,0.006619144602851179,-0.013965087281795574,-0.06734284703384841,788.2700000000001,809.985,0.00935040939022215,0.021893060816838762,0.019347496206373237,-0.03531128507507264,789.8,0
2013-06-13,RELIANCE,EQ,790.8,783.0,792.9,780.55,791.3,789.8,787.26,2223263,175028442410000.0,56095.0,1171114.0,0.5268,-0.0012645422357107083,-0.002777777777777879,-0.05616634799235187,787.83,807.4424999999999,0.007630461046051474,0.02088419315452119,0.015636870093694636,-0.23862185968669725,814.65,1
2013-06-14,RELIANCE,EQ,789.8,796.2,819.85,796.1,816.55,814.65,809.25,4017490,325114301405000.0,92478.0,2500798.0,0.6225,0.03146366168650294,0.03962480857580397,0.010355946918020553,794.04,806.4,0.014153012447633277,0.02222765870788738,0.029153624255815382,0.8070241802251916,825.55,1
2013-06-17,RELIANCE,EQ,814.65,815.5,827.9,811.1,825.0,825.55,820.95,2534907,208102366915000.0,70468.0,1310689.0,0.5171,0.013379979132142505,0.04586051814784309,0.04778525193552485,801.28,806.12,0.01435158989959661,0.022431432943559048,0.020350069650535953,-0.36903215689398106,823.4,0
2013-06-18,RELIANCE,EQ,825.55,823.7,837.5,817.45,820.1,823.4,828.19,3579236,296428434335000.0,96881.0,1681471.0,0.4698,-0.0026043243898007384,0.048116089613034596,0.055370417841579034,808.8399999999999,805.8599999999999,0.013857707917384318,0.02242844310522953,0.02435025504007767,0.41197921659453374,831.7,1
2013-06-19,RELIANCE,EQ,823.4,822.0,833.25,814.9,830.0,831.7,824.7,3961700,326722197250000.0,112637.0,2107167.0,0.5319,0.010080155452999895,0.05171977744056666,0.03703241895261855,817.02,806.5074999999999,0.013762773944728256,0.02235739478003296,0.022063243958158014,0.10685632352826135,798.0,0
2013-06-20,RELIANCE,EQ,831.7,817.9,817.9,795.0,800.05,798.0,804.43,3982470,320362578010000.0,89316.0,1950168.0,0.4897,-0.04051941805939652,0.010382375284882395,0.007575757575757569,818.6600000000001,807.1850000000001,0.026885650790025598,0.02222030464948472,0.028696741854636564,0.00524269884140649,792.85,0
2013-06-21,RELIANCE,EQ,798.0,799.9,810.35,783.6,792.8,792.85,799.99,4682806,374620043910000.0,112187.0,2464432.0,0.5263,-0.006453634085213045,-0.026759958264285233,0.01180449208779999,814.3,807.5049999999999,0.021415335909291382,0.022280301030924793,0.033739042694078326,0.17585468314890007,792.65,0
2013-06-24,RELIANCE,EQ,792.85,790.0,796.15,778.5,796.0,792.65,789.94,3728564,294532598070000.0,89157.0,2216419.0,0.5944,-0.0002522545248155872,-0.03985221973229969,0.004180654969278441,807.72,805.7225000000001,0.019208879082426886,0.018532607458128125,0.022267078786349558,-0.203775684920537,803.8,1
2013-06-25,RELIANCE,EQ,792.65,799.7,819.9,795.0,802.15,803.8,807.56,4396198,355021036025000.0,125381.0,2458898.0,0.5593,0.014066738156815806,-0.023803740587806654,0.02316700610997957,803.8,803.7425000000001,0.021659272215279402,0.018315125598765674,0.030977855187857648,0.1790592839495313,803.6,0
2013-06-26,RELIANCE,EQ,803.8,809.45,814.45,801.1,803.5,803.6,808.71,3808494,307995064675000.0,135269.0,2552982.0,0.6703,-0.0002488181139586043,-0.03378622099314654,0.016186140617096667,798.18,801.5274999999999,0.02036087302712042,0.018235930174429017,0.016612742658038852,-0.13368460656230674,830.0,1
2013-06-27,RELIANCE,EQ,803.6,816.5,836.95,814.4,829.35,830.0,826.62,5886358,486580099165000.0,140987.0,3332236.0,0.5661,0.03285216525634649,0.040100250626566414,0.05089896176247155,804.5799999999999,801.1875,0.015807319639216333,0.019671500225561106,0.02716867469879526,0.5455867857478574,862.6,1
2013-06-28,RELIANCE,EQ,830.0,869.5,873.0,846.0,860.45,862.6,858.94,11002553,945052320100000.0,230821.0,7324824.0,0.6657,0.039277108433734886,0.08797376552941927,0.05885963297121477,818.53,804.0025,0.018379541295557404,0.01961970051926318,0.031300718757245535,0.8691613727877237,885.7,1
2013-07-01,RELIANCE,EQ,862.6,862.0,888.0,855.65,887.2,885.7,878.74,4685396,411723084350000.0,118061.0,2829715.0,0.6039,0.026779503825643536,0.11739103008894225,0.07286051723093712,837.14,808.8925,0.015776336697937345,0.019240387525828385,0.036524782657784825,-0.5741537441355656,871.85,0
2013-07-02,RELIANCE,EQ,885.7,883.1,891.8,868.75,875.0,871.85,878.64,4064138,357092867580000.0,113284.0,2262903.0,0.5568,-0.015637348989499866,0.08466036327444648,0.05884138936118544,850.75,813.475,0.023479436002772434,0.019536515884317485,0.026438034065492864,-0.13259455550822175,850.85,0
2013-07-03,RELIANCE,EQ,871.85,860.5,863.35,848.55,850.0,850.85,853.16,2929628,249944210345000.0,112181.0,1624484.0,0.5545,-0.02408671216378966,0.058797909407665605,0.02302512925333655,860.2,815.9175,0.029424598936066963,0.019886796894653107,0.017394370335546885,-0.27915144613691756,861.65,1
2013-07-04,RELIANCE,EQ,850.85,853.1,870.6,847.35,862.5,861.65,860.99,3024958,260446464760000.0,85140.0,1306005.0,0.4317,0.012693189163777374,0.03813253012048201,0.0797619047619047,866.53,819.4,0.027115700381738623,0.019641214432909223,0.026983113793303547,0.032539967531713954,880.35,1
2013-07-05,RELIANCE,EQ,861.65,866.35,884.75,866.35,878.8,880.35,879.11,2915951,256344657190000.0,102945.0,1338994.0,0.4592,0.021702547438054998,0.020577324368189265,0.1103613546067983,870.0799999999999,824.2375,0.02281405931342609,0.019670130439554,0.020900778099619443,-0.03603587223359794,866.95,0
2013-07-08,RELIANCE,EQ,880.35,870.0,873.45,858.15,865.75,866.95,866.68,3258017,282365588395000.0,90474.0,1874117.0,0.5752,-0.015221218833418537,-0.021169696285423978,0.09373620134990235,866.3300000000002,828.1175,0.02002525130203445,0.020229539007515243,0.017648076590345542,0.11730855559644171,874.8,1
2013-07-09,RELIANCE,EQ,866.95,869.1,881.8,867.05,874.35,874.8,874.73,2953811,258377831335000.0,62780.0,1604809.0,0.5433,0.00905473210681107,0.0033836095658656973,0.08833043045533717,866.9199999999998,832.5775,0.019509797999162363,0.02011835822911443,0.016860996799268405,-0.09337152016088313,856.0,0
2013-07-10,RELIANCE,EQ,874.8,874.25,879.85,839.0,857.0,856.0,858.34,5083109,436302000040000.0,119684.0,2441102.0,0.4802,-0.021490626428897985,0.00605277075865307,0.06520657043305134,867.95,835.8375,0.01869863970898371,0.021004606220883223,0.047721962616822454,0.7208646727905068,870.05,1
2013-07-11,RELIANCE,EQ,856.0,865.0,873.3,859.25,871.85,870.05,867.49,2598534,225421455755000.03,89698.0,1151647.0,0.4432,0.016413551401869064,0.00974873788661279,0.04825301204819277,869.6300000000001,839.85,0.01932645763727018,0.02113505273861221,0.01614849721280381,-0.4887904233413055,889.95,1
2013-07-12,RELIANCE,EQ,870.05,874.25,896.0,869.6,895.0,889.95,882.49,3285192,289916441940000.0,92734.0,1590684.0,0.4842,0.022872248721337973,0.010904753791105781,0.031706468815209776,871.55,843.615,0.019627912902810955,0.020651994862147912,0.029664587898196502,0.2642482261151864,896.85,1
2013-07-15,RELIANCE,EQ,889.95,886.0,899.9,886.0,896.7,896.85,893.87,2951748,263847293355000.03,64868.0,1305191.0,0.4422,0.007753244564301376,0.03448872483995613,0.01258891272439877,877.53,847.18,0.01700747502759118,0.020564705134477498,0.015498689858950747,-0.10149909046411898,900.6,1
2013-07-16,RELIANCE,EQ,896.85,887.0,904.45,883.05,903.0,900.6,896.39,2965797,265850934700000.0,85566.0,1053571.0,0.3552,0.004181301220939959,0.029492455418381525,0.03297585593852159,882.6899999999999,851.04,0.01699423646862747,0.0204997785925726,0.023761936486786688,0.00475955264473793,914.95,1
2013-07-17,RELIANCE,EQ,900.6,903.0,917.9,903.0,915.55,914.95,912.79,5287638,482647862480000.0,178085.0,3337776.0,0.6312,0.01593382189651349,0.0688668224299065,0.07533642827760478,894.4799999999999,855.2025,0.007451354606395974,0.02062219598431681,0.01628504289851902,0.7828725297112378,917.25,1
2013-07-18,RELIANCE,EQ,914.95,918.0,919.95,909.2,916.3,917.25,915.24,2812387,257400732860000.0,109834.0,1718067.0,0.6109,0.002513798568227754,0.0542497557611632,0.06452736029710437,903.9200000000001,861.165,0.008569351834134428,0.017656391183730143,0.01171981466339602,-0.46812035922277584,923.7,1
2013-07-19,RELIANCE,EQ,917.25,919.05,927.9,913.05,923.0,923.7,922.82,3268422,301616083080000.0,110341.0,1718146.0,0.5257000000000001,0.007031888798037622,0.037923478847126324,0.04924177883796221,910.6700000000001,867.7075000000001,0.005178974360001622,0.017365236039318294,0.016076648262422888,0.16215229269655995,909.05,0
2013-07-22,RELIANCE,EQ,923.7,915.0,915.0,898.95,907.5,909.05,907.88,3876482,351937614675000.0,87702.0,2130065.0,0.5495,-0.015860127747104102,0.013603166638791242,0.04856104734990474,913.11,873.5274999999999,0.011625279424542084,0.01808249278219603,0.017655794510752935,0.18604084784645303,909.55,1
2013-07-23,RELIANCE,EQ,909.05,912.05,925.0,907.25,908.15,909.55,915.99,2841507,260280439845000.0,74458.0,1743498.0,0.6136,0.0005500247511138756,0.00993781923162329,0.03972336534064924,914.9,878.8149999999999,0.011627726972165164,0.01805819245262494,0.019515144851849818,-0.2669882125081453,909.35,0
2013-07-24,RELIANCE,EQ,909.55,908.0,916.9,895.15,907.35,909.35,908.89,3151838,286467465340000.0,71256.0,1848024.0,0.5863,-0.00021988895607705228,-0.006120553035685039,0.06232476635514028,913.78,884.1025000000002,0.008667450512819934,0.0180576369484451,0.02391818331775444,0.10921352648436189,890.75,0
2013-07-25,RELIANCE,EQ,909.35,905.95,912.2,877.45,892.0,890.75,898.18,3618768,325029338455000.0,71754.0,2102879.0,0.5811000000000001,-0.020454170561389984,-0.028890705914418113,0.023791736107120265,908.4799999999999,887.1400000000001,0.011748066365344466,0.017873832897576734,0.03901206848161662,0.14814530442237195,890.15,0
2013-07-26,RELIANCE,EQ,890.75,892.2,903.7,885.45,890.0,890.15,895.66,2186491,195834828810000.0,68650.0,1156907.0,0.5291,-0.0006735896716250078,-0.03632131644473324,0.00022473172650139261,901.7700000000001,888.5174999999999,0.010024509811978829,0.015799312767099352,0.020502162556872438,-0.3957913300880299,885.7,0
2013-07-29,RELIANCE,EQ,890.15,887.05,898.65,882.55,889.0,885.7,889.87,2091846,186146731065000.0,77548.0,962720.0,0.4602,-0.004999157445374269,-0.025686155877014394,-0.012432402296928102,897.1,888.5174999999999,0.008818651807903349,0.014703436394645152,0.01817771254375073,-0.043286251807119314,857.35,0
2013-07-30,RELIANCE,EQ,885.7,887.05,892.0,853.9,864.0,857.35,872.39,2604256,227192029745000.0,86052.0,1419179.0,0.5449,-0.03200858078356106,-0.05739101753614417,-0.048023539862314,886.6600000000001,887.7924999999999,0.01402984086111547,0.016022385470299248,0.04443926051204295,0.2449558906343967,872.05,1
2013-07-31,RELIANCE,EQ,857.35,858.65,879.7,842.6,875.55,872.05,860.0,3610644,310516795465000.0,97081.0,2183263.0,0.6047,0.017145856418032235,-0.04101830978171228,-0.04688780807694415,879.2,888.8525000000002,0.018883311922644693,0.015501177376942598,0.042543432142652396,0.38643973557131095,850.0,0
2013-08-01,RELIANCE,EQ,872.05,875.15,882.85,844.85,848.45,850.0,858.47,2530722,217256106640000.0,76997.0,1236936.0,0.4888,-0.025285247405538613,-0.04574796519786695,-0.07331698010357046,871.05,888.2700000000001,0.019769996299761325,0.01634139990726595,0.04470588235294118,-0.2990940120377418,857.35,1
2013-08-02,RELIANCE,EQ,850.0,860.0,871.95,850.0,857.0,857.35,861.98,2930875,252636053300000.0,117881.0,1675213.0,0.5716,0.008647058823529452,-0.036847722293995355,-0.07183068095702072,864.49,887.1200000000001,0.021161200026041185,0.015651795931638544,0.02560214614801428,0.15811811807065346,861.55,1
2013-08-05,RELIANCE,EQ,857.35,860.0,872.9,855.75,860.0,861.55,865.05,2870806,248338553710000.0,61329.0,1741529.0,0.6066,0.0048988161194376545,-0.02726656881562617,-0.052252351355810966,859.6600000000001,886.85,0.021880979679759018,0.015347187869409248,0.019905983402007985,-0.020495244594191164,841.05,0
2013-08-06,RELIANCE,EQ,861.55,858.45,864.2,830.15,841.1,841.05,848.22,2837977,240721650375000.0,84214.0,1435697.0,0.5059,-0.0237943241831583,-0.019012072082580156,-0.07531196745643454,856.4,885.1625,0.019561706750831104,0.016046466493346047,0.04048510790083832,-0.01143546446538013,872.45,1
2013-08-07,RELIANCE,EQ,841.05,845.0,881.85,831.0,867.5,872.45,861.8,4296180,370244116720000.0,119260.0,2221663.0,0.5171,0.03733428452529597,0.00045868929533865455,-0.04057843514598336,856.4799999999999,885.985,0.025968654196143286,0.017573920603421955,0.05828414235772826,0.513817765260254,865.65,0
2013-08-08,RELIANCE,EQ,872.45,867.35,872.45,857.15,863.15,865.65,865.3,2598354,224835001785000.0,69069.0,1457520.0,0.5609000000000001,-0.0077941429308270305,0.01841176470588235,-0.028178501262980715,859.6099999999999,885.765,0.02261141014657387,0.017295062976665533,0.01767457979552945,-0.39519433543287297,845.65,0
2013-08-12,RELIANCE,EQ,865.65,869.0,872.85,840.45,842.0,845.65,853.2,1995272,170236545565000.0,67414.0,1011327.0,0.5069,-0.02310402587650895,-0.013646702047005355,-0.0499915744537438,857.2699999999999,883.55,0.025236454029461276,0.017134133114162748,0.03831372317152484,-0.2321015535219605,852.9,1
2013-08-13,RELIANCE,EQ,845.65,843.0,859.95,835.0,851.75,852.9,851.92,2637165,224665791060000.0,82934.0,1419166.0,0.5381,0.008573286820788839,-0.010040044106552126,-0.0370328553686351,855.54,881.3525,0.025556944346543736,0.01716069486826935,0.029253136358307008,0.32170701538436863,865.0,1
2013-08-14,RELIANCE,EQ,852.9,856.0,868.0,847.45,865.8,865.0,858.17,2573906,220886100570000.0,63414.0,1288680.0,0.5007,0.014186891780982647,0.02847630937518586,0.008922843646118839,860.3299999999999,879.5725,0.022872898273175967,0.017504117038560786,0.023757225433525958,-0.023987501730077576,826.7,0
2013-08-16,RELIANCE,EQ,865.0,865.0,867.0,817.15,832.0,826.7,836.66,6245328,522521548075000.0,165720.0,3740376.0,0.5989,-0.044277456647398794,-0.052438535159607946,-0.052003898859010245,851.18,875.1600000000001,0.02387640663106814,0.019360526671727062,0.06029998790371358,1.4264009641377733,820.25,0
2013-08-19,RELIANCE,EQ,826.7,823.0,834.0,807.55,817.15,820.25,818.16,3691650,302036838615000.0,138594.0,1906046.0,0.5163,-0.0078021047538405774,-0.05244613873967541,-0.03500000000000003,842.1,870.3100000000001,0.023876182731592935,0.019290481646623194,0.03224626638220061,-0.4088941365449501,825.35,1
2013-08-20,RELIANCE,EQ,820.25,811.1,830.8,805.05,822.0,825.35,818.99,2610167,213770130360000.0,65838.0,1205286.0,0.4618,0.006217616580310947,-0.024005203098208416,-0.03732431329095465,838.04,865.3924999999999,0.023601141850129896,0.019263713808555925,0.031198885321378808,-0.2929538282339875,783.6,0
2013-08-21,RELIANCE,EQ,825.35,833.0,834.7,780.2,785.75,783.6,807.96,3591352,290167172035000.0,110439.0,1830839.0,0.5098,-0.050584600472526775,-0.08125219838199083,-0.09047646683303345,824.1800000000001,859.1200000000001,0.02943961763450725,0.021667548494204658,0.0695507912200102,0.3759088977831686,806.1,1
2013-08-22,RELIANCE,EQ,783.6,782.45,808.65,774.2,804.65,806.1,791.47,5095979,403333289775000.0,184175.0,2714395.0,0.5327000000000001,0.02871362940275657,-0.06809248554913294,-0.04155519885856962,812.4000000000001,853.9475,0.03363684550134202,0.023065889060175555,0.042736633172062936,0.4189583755644113,819.5,1
2013-08-23,RELIANCE,EQ,806.1,813.7,824.7,808.5,818.45,819.5,816.25,3276098,267411074925000.0,118664.0,1689875.0,0.5158,0.01662324773601287,-0.008709326236845394,-0.06069115708636608,810.96,849.4550000000002,0.03061781530192195,0.02358069728207537,0.019768151311775527,-0.35712097714688384,822.6,1
2013-08-26,RELIANCE,EQ,819.5,822.5,831.45,808.4,823.0,822.6,819.7,2266639,185796922085000.0,109619.0,994696.0,0.4388,0.0037827943868211644,0.002864980188966859,-0.04973141569918549,811.4300000000001,846.0475,0.030446910209007506,0.02336223001420944,0.02802090931193784,-0.30812845036992176,803.25,0
2013-08-27,RELIANCE,EQ,822.6,814.0,824.9,800.0,806.0,803.25,811.58,2993270,242927177790000.0,116005.0,1279492.0,0.4275,-0.023522975929978096,-0.026776519052523207,-0.050138946372612736,807.01,841.7025,0.03202486352697141,0.0237612157618833,0.030999066293183913,0.3205764129179811,811.8,1
2013-08-28,RELIANCE,EQ,803.25,795.1,818.55,763.9,808.0,811.8,790.24,5900451,466275112635000.06,171718.0,2848679.0,0.4828,0.010644257703081195,0.03598774885145484,-0.04818853323953576,812.65,838.0075,0.019487583813783523,0.024012280771591114,0.06731953683173193,0.9712391464852821,845.25,1
2013-08-29,RELIANCE,EQ,811.8,816.0,853.4,812.5,837.3,845.25,834.9,7049010,588524868020000.0,166354.0,3473613.0,0.4928,0.04120473022912052,0.0485671752884258,-0.022832369942196507,820.4799999999999,837.4024999999999,0.023345983009518,0.025085613672575717,0.048388050872522896,0.194656137302047,853.85,1
2013-08-30,RELIANCE,EQ,845.25,843.8,860.0,828.3,849.5,853.85,843.77,4901683,413588411565000.0,122883.0,2489878.0,0.508,0.010174504584442579,0.041915802318486906,0.03284141768477067,827.35,836.4925000000001,0.023047314439225784,0.024876400993660668,0.037125958892077114,-0.3046281676433996,886.75,1
2013-09-02,RELIANCE,EQ,853.85,853.2,890.0,853.2,888.0,886.75,874.01,4812235,420594594840000.0,109127.0,2854908.0,0.5933,0.03853135796685603,0.07798443958181367,0.08107284364523015,840.18,838.3300000000002,0.02629574377522638,0.025645698337909265,0.04149985903580485,-0.018248426101810322,831.0,0
2013-09-03,RELIANCE,EQ,886.75,888.2,891.7,828.3,828.45,831.0,852.09,3960633,337479775025000.0,134081.0,1904821.0,0.4809,-0.06287003101212296,0.03454715219421112,0.006845580662749207,845.7299999999999,837.0125,0.042035484359527295,0.029438982822308783,0.0762936221419977,-0.17696600436179866,849.35,1
2013-09-04,RELIANCE,EQ,831.0,833.75,864.55,833.0,846.9,849.35,852.22,3045550,259548364795000.0,117776.0,959853.0,0.3152,0.02208182912154033,0.04625523527962572,0.08390760592138835,853.24,836.4024999999999,0.04255485284616445,0.02987214344322863,0.03714605286395473,-0.2310446335219648,862.55,1
2013-09-05,RELIANCE,EQ,849.35,863.0,869.75,851.1,857.9,862.55,861.71,3258258,280766917365000.0,87931.0,1527492.0,0.4688,0.01554129628539469,0.020467317361727355,0.07002853244014373,856.7,837.4775,0.03924251974949349,0.029535793693945704,0.021621934960292133,0.06984222882566371,868.0,1
2013-09-06,RELIANCE,EQ,862.55,870.0,873.5,841.5,864.7,868.0,859.67,3439791,295709230015000.0,97411.0,1470346.0,0.4275,0.006318474291345577,0.01657199742343507,0.059182428309945134,859.53,837.2549999999999,0.03914560506786269,0.028356059578393027,0.03686635944700461,0.055714740821629194,890.35,1
2013-09-10,RELIANCE,EQ,868.0,872.9,893.55,866.25,886.45,890.35,881.07,4227364,372458385655000.0,124854.0,2068132.0,0.4892,0.025748847926267304,0.004059768818720055,0.08236080719669348,860.25,838.49,0.03665856836196561,0.028850251746740434,0.030662099174481892,0.22895955015871605,887.75,0
2013-09-11,RELIANCE,EQ,890.35,889.0,892.9,874.15,885.8,887.75,884.41,3396942,300429936140000.0,160682.0,1740251.0,0.5123,-0.002920199921379263,0.06829121540312877,0.10519763460939924,871.6,840.595,0.011714731392525164,0.02828030508108861,0.021120811039143903,-0.19643967257137074,875.4,0
2013-09-12,RELIANCE,EQ,887.75,888.0,901.0,871.15,872.15,875.4,883.99,4109760,363300684170000.0,124450.0,1789014.0,0.4353,-0.01391157420444944,0.03067051274504018,0.07834441980783446,876.8100000000001,841.72,0.015468312865291213,0.028485662566339134,0.03409869773817686,0.20984108648307798,873.0,0
2013-09-13,RELIANCE,EQ,875.4,868.0,883.7,867.05,871.1,873.0,875.61,2246049,196665957595000.0,71199.0,970909.0,0.4322999999999999,-0.002741603838245399,0.012115239696249613,0.032830523513753374,878.9,842.1200000000001,0.01484320058419766,0.028346076409963224,0.019072164948453714,-0.45348414505956547,861.75,0
2013-09-16,RELIANCE,EQ,873.0,885.95,887.7,854.0,858.65,861.75,868.91,2754524,239342524525000.0,65665.0,1221443.0,0.4434,-0.012886597938144284,-0.007200460829493105,0.009252210575628084,877.65,843.8725000000001,0.01604396759096764,0.02652663898424733,0.039106469393675715,0.2263864234484645,858.15,0
2013-09-17,RELIANCE,EQ,861.75,856.35,864.0,852.6,857.95,858.15,858.31,2498437,214443702850000.0,79164.0,1615287.0,0.6465000000000001,-0.004177545691905982,-0.03616555287246592,-0.032252607837609304,871.21,845.7674999999999,0.005581902738939758,0.026465458072994406,0.013284390840762078,-0.09296960200746118,871.95,1
2013-09-18,RELIANCE,EQ,858.15,860.5,875.0,856.8,873.55,871.95,867.54,3132560,271761019810000.0,89739.0,2004510.0,0.6399,0.016081104701975324,-0.01779780343565185,0.049277978339350215,868.05,848.0975000000001,0.01205154846385907,0.026627854096760804,0.02087275646539371,0.25380788068700544,890.6,1
2013-09-19,RELIANCE,EQ,871.95,888.05,895.95,880.55,888.35,890.6,887.26,4328339,384034448455000.0,119594.0,2783254.0,0.643,0.021388841103274325,0.017363490975554008,0.04856655089185846,871.0900000000001,853.4475,0.014531967843626306,0.023693728876319278,0.01729171345160576,0.3817258089230533,881.9,0
2013-09-20,RELIANCE,EQ,890.6,886.0,901.0,870.5,886.5,881.9,885.92,4197357,371851705885000.0,100478.0,2315568.0,0.5517000000000001,-0.009768695261621385,0.010194730813287478,0.02243348211697871,872.8700000000001,857.2375,0.0155916527749672,0.023371466844844303,0.03458442000226783,-0.03026149291910818,874.35,0
2013-09-23,RELIANCE,EQ,881.9,872.05,881.0,865.0,871.9,874.35,871.87,2028677,176875084105000.0,48726.0,1036277.0,0.5108,-0.008561061344823595,0.014621409921671047,0.00731566820276508,875.3900000000001,859.9799999999999,0.014641374410436067,0.023377443862947156,0.018299308057414077,-0.5166775187338127,874.6,1
2013-09-24,RELIANCE,EQ,874.35,872.0,884.55,868.15,874.65,874.6,877.07,2823675,247656349880000.03,60400.0,1669210.0,0.5911,0.000285926688396998,0.019169142923731286,-0.017689672600662676,878.6800000000001,862.5799999999999,0.014225071080839752,0.023388345962756813,0.01875142922478845,0.3918800282154331,849.05,0
2013-09-25,RELIANCE,EQ,874.6,872.4,874.9,842.2,846.5,849.05,851.86,3993925,340226577300000.0,102515.0,2158643.0,0.5405,-0.02921335467642361,-0.026262973794369038,-0.043593353984793026,874.1,864.8700000000001,0.01834304574444552,0.02376382885235766,0.03851363288381124,0.41444217199217337,838.25,0
2013-09-26,RELIANCE,EQ,849.05,846.65,850.15,835.25,840.1,838.25,840.74,4543087,381955566605000.0,84976.0,2661478.0,0.5858,-0.012720098934102753,-0.058780597350101105,-0.04243774274617318,863.6299999999999,866.1925000000001,0.01077690856630324,0.023944326486724246,0.017775126752162217,0.1374993271030378,839.9,1
2013-09-27,RELIANCE,EQ,838.25,842.0,854.5,837.0,839.0,839.9,845.14,2744478,231946033210000.0,74409.0,1294090.0,0.4715,0.0019683865195347927,-0.04762444721623771,-0.037915234822451294,855.2299999999999,865.925,0.012520439951622919,0.02208813586796591,0.020835813787355637,-0.39590018857221976,822.4,0
2013-09-30,RELIANCE,EQ,839.9,832.05,844.5,819.1,821.5,822.4,830.49,3639687,302274177485000.0,121981.0,2082108.0,0.5721,-0.02083581378735566,-0.059415565848916385,-0.04566289527125034,844.8399999999999,864.3525,0.013424757986312773,0.022416207099331273,0.030885214007782075,0.3261855259907349,821.45,0
2013-10-01,RELIANCE,EQ,822.4,826.3,829.9,817.7,821.05,821.45,824.01,2082088,171565885875000.0,97017.0,999624.0,0.4800999999999999,-0.0011551556420232867,-0.06077063800594551,-0.04276641612771648,834.21,861.0875,0.013103921000125238,0.02033345720717993,0.014851786475135348,-0.4279486120647188,846.95,1
2013-10-03,RELIANCE,EQ,821.45,823.4,848.9,823.4,845.1,846.95,838.91,2082009,174662749425000.0,64110.0,880902.0,0.4231,0.031042668452127442,-0.002473352570519838,-0.028671368771145178,833.79,861.8849999999999,0.019775048916782154,0.016391585316266718,0.030108034712792962,-3.794268061674266e-05,854.4,1
2013-10-04,RELIANCE,EQ,846.95,840.55,859.7,838.0,853.0,854.4,851.0,2265225,192770841325000.0,65146.0,850112.0,0.3753,0.008796268965109988,0.019266328660900722,-0.04064675499663151,837.0200000000001,862.1375,0.01872047072973621,0.015752343827394634,0.025397940074906422,0.08799961959818625,844.05,0
2013-10-07,RELIANCE,EQ,854.4,847.6,852.4,836.0,844.9,844.05,841.97,2575155,216820462150000.0,84731.0,1385569.0,0.5381,-0.012113764044943798,0.0049410644124299186,-0.04291869826510941,837.85,861.2125,0.020103819248084902,0.015567273973674085,0.019430128546887006,0.1368208456113631,844.95,1
2013-10-08,RELIANCE,EQ,844.05,849.7,854.7,839.2,842.9,844.95,844.53,2770271,233957951855000.03,77530.0,1636505.0,0.5907,0.0010662875422073892,0.02741974708171213,-0.0336249785554984,842.36,860.0600000000001,0.01610499279361105,0.015481939996633167,0.018344280726670215,0.07576864305255415,860.9,1
2013-10-09,RELIANCE,EQ,844.95,839.95,867.65,837.5,859.15,860.9,856.64,2732625,234087112120000.0,75058.0,1377767.0,0.5042,0.018876856618734728,0.04802483413476155,-0.015664303681683145,850.25,858.5875,0.016513508692195502,0.014917609593185268,0.035021489139272825,-0.013589284225261733,860.0,0
2013-10-10,RELIANCE,EQ,860.9,859.0,862.8,848.05,861.0,860.0,855.61,2142108,183281778590000.0,65873.0,912973.0,0.4261999999999999,-0.0010454175862468773,0.015408229529488171,0.012896766974854312,852.86,857.2,0.011555674874417473,0.014914601523838151,0.017151162790697675,-0.21609880609304244,863.35,1
2013-10-11,RELIANCE,EQ,860.0,865.0,868.0,854.3,863.6,863.35,861.12,2233967,192372168035000.0,65373.0,812249.0,0.3636,0.0038953488372093226,0.010475187265917674,0.029943334327467985,854.65,856.5975000000001,0.011154293640815615,0.014662879720832129,0.01586841952858058,0.042882525064095844,870.3,1
2013-10-14,RELIANCE,EQ,863.35,865.0,875.0,863.2,874.05,870.3,869.48,2778882,241618909055000.03,81454.0,1235880.0,0.4447,0.00805003764406087,0.03110005331437704,0.03619478509346341,859.9,856.4625,0.007878497745355238,0.01477768136835303,0.013558543031138636,0.24392258256276844,867.8,0
2013-10-15,RELIANCE,EQ,870.3,897.3,898.65,864.0,866.5,867.8,876.23,5266950,461504436430000.0,118672.0,2236427.0,0.4246,-0.002872572676088758,0.02704302029705885,0.05520428015564205,864.47,856.765,0.008673081516926105,0.014486687018458351,0.03992855496658214,0.8953485610400154,880.35,1
2013-10-17,RELIANCE,EQ,867.8,870.0,888.0,864.65,879.4,880.35,880.02,4026153,354308289685000.0,109122.0,2289206.0,0.5686,0.014461857570869041,0.022592635613892575,0.07170247732667834,868.36,857.875,0.007023415079913436,0.014770144899148886,0.026523541773158427,-0.23558169338991253,905.65,1
2013-10-18,RELIANCE,EQ,880.35,881.6,908.0,881.6,903.5,905.65,899.34,5069374,455911149010000.06,124361.0,3028364.0,0.5974,0.02873856988697665,0.05308139534883716,0.06930751520160561,877.49,859.5600000000001,0.012008131573374988,0.01567651566295644,0.029150334014243887,0.2591111167409683,913.2,1
2013-10-21,RELIANCE,EQ,905.65,905.65,915.5,896.15,913.0,913.2,907.16,3461572,314021295715000.0,79782.0,2053221.0,0.5931000000000001,0.00833655385634624,0.05774019806567443,0.06882022471910121,887.46,860.6899999999999,0.011557442950109995,0.015088141928165317,0.021189224704336422,-0.31715987023249814,904.2,0
2013-10-22,RELIANCE,EQ,913.2,907.4,910.95,897.5,904.0,904.2,903.58,2342103,211627072550000.0,69396.0,1290899.0,0.5512,-0.009855453350854138,0.038952085487762966,0.07126355073751567,894.24,861.805,0.015072354545501576,0.015091522461913745,0.014875027648750327,-0.3233990221783629,896.75,0
2013-10-23,RELIANCE,EQ,904.2,905.2,909.2,887.65,895.05,896.75,897.5,2044698,183510826785000.0,61063.0,989111.0,0.4836999999999999,-0.008239327582393319,0.033360221249135735,0.06130540268654938,900.03,862.925,0.016170104979911802,0.015080561111714562,0.02403122386395324,-0.12698203281409914,884.5,0
2013-10-24,RELIANCE,EQ,896.75,892.05,911.0,881.35,883.75,884.5,896.89,2678332,240217249735000.0,77224.0,1350263.0,0.5041,-0.013660440479509317,0.0047140341909468475,0.027413172261586682,900.86,863.4200000000001,0.017616521868987663,0.015451369511795729,0.033521763708309754,0.30989124066243523,887.0,1
2013-10-25,RELIANCE,EQ,884.5,884.1,892.8,879.35,885.0,887.0,886.53,2273430,201545465235000.0,70946.0,1274644.0,0.5607,0.002826455624646673,-0.02059294429415337,0.0313953488372094,897.1299999999999,865.3174999999999,0.00927770522549021,0.013757429448688976,0.015163472378804884,-0.15117692653487325,890.75,1
2013-10-28,RELIANCE,EQ,887.0,888.0,904.85,887.85,890.4,890.75,897.8,3514321,315515277555000.0,83458.0,2095786.0,0.5964,0.0042277339346110665,-0.02458388085851959,0.03173683905716107,892.6400000000001,867.9424999999999,0.007991534654706105,0.013299318067950889,0.019085040696042662,0.5458232714444693,896.8,1
2013-10-29,RELIANCE,EQ,890.75,889.1,903.95,883.9,896.05,896.8,895.29,3303172,295728378935000.0,96578.0,2091187.0,0.6331,0.006792029188885662,-0.008184030081840432,0.030449270366540215,891.1600000000001,870.7875,0.008853198121540215,0.013320950954404063,0.022357270294380095,-0.060082445513656824,898.15,1
2013-10-30,RELIANCE,EQ,896.8,896.5,902.9,894.7,896.75,898.15,898.37,2197777,197440874765000.0,53368.0,1492443.0,0.6790999999999999,0.0015053523639607658,0.0015611931976582394,0.03497349619728052,891.4399999999999,874.575,0.008066845439718034,0.012061806536241814,0.009129878082725527,-0.3346465155311319,914.7,1
2013-10-31,RELIANCE,EQ,898.15,900.0,918.0,896.0,915.0,914.7,910.69,4521314,411752445135000.0,87771.0,3103144.0,0.6863,0.01842676613037919,0.034143583945732026,0.03901857215880056,897.4799999999999,879.2375,0.0068119532535203505,0.012370798373809366,0.024051601618016834,1.0572214560439934,908.25,0
2013-11-01,RELIANCE,EQ,914.7,910.1,926.55,903.35,908.5,908.25,912.98,2718063,248154868400000.0,111014.0,1512390.0,0.5564,-0.007051492292554973,0.023957158962796044,0.002870866228675606,901.7299999999999,882.3025,0.00923708574253577,0.011091521804231792,0.02554362785576651,-0.39883339223951264,908.7,1
2013-11-03,RELIANCE,EQ,908.25,910.0,914.4,906.8,907.7,908.7,910.93,425619,38770908640000.0,13701.0,155321.0,0.3649,0.0004954582989264988,0.02015155767611576,-0.004927726675427069,905.32,885.0175000000002,0.00944142357889752,0.011040383192088521,0.008363596346428989,-0.8434109143165556,909.7,1
2013-11-05,RELIANCE,EQ,908.7,903.35,921.7,903.35,909.4,909.7,913.18,2504263,228683457635000.0,60984.0,1413756.0,0.5645,0.0011004732034773923,0.014384478144513935,0.006082725060827299,907.9,888.3,0.009368533969094444,0.010459400992981635,0.020171485104979688,4.883813927479741,898.6,0
2013-11-06,RELIANCE,EQ,909.7,910.0,919.9,894.95,900.8,898.6,903.62,2198926,198700221220000.0,71038.0,1295525.0,0.5892000000000001,-0.012201824777399173,0.0005010298947838443,0.002063005296905507,907.9900000000001,890.9825000000001,0.01161348259977843,0.011046468829305607,0.027765412864455743,-0.12192689026671721,885.9,0
2013-11-07,RELIANCE,EQ,898.6,899.0,905.8,882.1,885.55,885.9,895.35,2238424,200416980750000.0,80779.0,1144077.0,0.5111,-0.01413309592699763,-0.03148573302722213,0.0015828151498020748,902.2299999999999,892.2325000000001,0.007029972428795581,0.011037534827145026,0.026752455130375812,0.017962405283306504,875.95,0
2013-11-08,RELIANCE,EQ,885.9,886.0,888.0,871.15,874.15,875.95,877.46,2001425,175616962070000.0,55038.0,975628.0,0.4875,-0.011231515972457307,-0.03556289567850257,-0.012457722660653814,895.7700000000001,893.0300000000001,0.0073732108188379105,0.011390055863021279,0.019236257777270418,-0.10587761746657465,863.9,0
2013-11-11,RELIANCE,EQ,875.95,874.0,882.1,860.2,864.95,863.9,870.92,2034671,177203267385000.0,59158.0,908960.0,0.4467,-0.013756492950510957,-0.049301199515791816,-0.030143137805220377,886.8100000000001,893.0574999999999,0.006339735663629163,0.011827797171585153,0.02535015626808656,0.01661116454526157,852.6,0
2013-11-12,RELIANCE,EQ,863.9,865.0,871.6,850.2,850.5,852.6,860.67,2781812,239420997275000.0,92328.0,1716389.0,0.617,-0.013080217617779777,-0.06276794547653075,-0.04928635147189997,875.39,892.1725,0.0011785579779509687,0.012022223070750853,0.02509969505043394,0.367204820828527,844.4,0
2013-11-13,RELIANCE,EQ,852.6,849.9,861.4,842.1,843.05,844.4,851.06,1918164,163246599700000.0,66664.0,904810.0,0.4717,-0.009617640159512164,-0.060316047184509336,-0.05984523743250014,864.55,891.0024999999999,0.0018978090606656035,0.01217241173762614,0.022856466129796253,-0.31046238926282577,851.65,1
2013-11-14,RELIANCE,EQ,844.4,851.25,864.0,850.4,851.9,851.65,856.85,1835838,157303674080000.0,66198.0,866881.0,0.4722,0.008585978209379341,-0.03866124844790608,-0.06892970372799834,857.7,889.5675000000001,0.009313134680592187,0.011838393973860196,0.015969001350319995,-0.0429191664529206,874.75,1
2013-11-18,RELIANCE,EQ,851.65,858.1,877.75,856.15,876.0,874.75,869.66,2759723,240001765895000.0,82318.0,1622855.0,0.588,0.02712381847002887,-0.001369941206689984,-0.03688411780897327,857.46,888.0225,0.017763318042560216,0.011624239613168259,0.024692769362675077,0.5032497420796389,878.35,1
2013-11-19,RELIANCE,EQ,874.75,875.0,884.9,875.0,879.0,878.35,880.38,1928073,169742767035000.0,44683.0,1080888.0,0.5606,0.004115461560445954,0.016726472971408723,-0.03339936172554203,860.35,886.28,0.016056767264208523,0.011470288035198391,0.011271133375078245,-0.3013527082247023,862.5,0
2013-11-20,RELIANCE,EQ,878.35,874.85,883.0,857.0,859.85,862.5,875.41,2992305,261948967535000.0,69818.0,1977586.0,0.6609,-0.018045198383332406,0.011611541168191408,-0.05188523689128288,862.3299999999999,884.195,0.017427714067089616,0.011907785867235137,0.030144927536231884,0.5519666527149127,847.6,0
2013-11-21,RELIANCE,EQ,862.5,859.9,860.0,843.45,846.9,847.6,851.69,2620866,223217457445000.0,73200.0,1471352.0,0.5614,-0.017275362318840526,0.003789673140691674,-0.056754952147785476,862.97,881.7375000000002,0.019015562324201263,0.012309987384666897,0.019525719679093858,-0.1241313970333906,843.75,0
2013-11-22,RELIANCE,EQ,847.6,851.0,856.45,839.1,848.9,843.75,848.45,1710289,145109728465000.0,45624.0,662675.0,0.3875,-0.004542236904200081,-0.009276111078494687,-0.047578733491364655,861.39,879.7,0.018590755667865565,0.012050472732521862,0.02056296296296299,-0.3474336345314869,851.7,1
2013-11-25,RELIANCE,EQ,843.75,847.35,856.85,844.05,850.9,851.7,851.07,2303754,196065047940000.0,58264.0,1482164.0,0.6434000000000001,0.00942222222222222,-0.026350385824521205,-0.027684228551858037,856.78,877.9349999999998,0.012367419050969388,0.012285730454764946,0.01502876599741701,0.3469969110483666,841.25,0
2013-11-26,RELIANCE,EQ,851.7,850.5,856.8,837.55,840.5,841.25,846.01,3192390,270080500875000.0,69304.0,2023996.0,0.634,-0.012269578490078703,-0.04223828769852567,-0.02621831230466487,849.36,875.4599999999998,0.011392855471434126,0.01240189908112046,0.02288261515601783,0.38573389346258335,837.95,0
2013-11-27,RELIANCE,EQ,841.25,844.5,849.5,835.25,838.0,837.95,840.35,2610836,219401419675000.0,68865.0,1413918.0,0.5416,-0.003922734026745811,-0.02846376811594198,-0.017182735163030705,844.45,872.5174999999999,0.010128271460660945,0.012196282778458337,0.01700578793484098,-0.18216884528519384,847.95,1
2013-11-28,RELIANCE,EQ,837.95,843.1,856.4,843.1,850.1,847.95,850.63,2867965,243956849655000.03,75951.0,1647029.0,0.5743,0.011933886270063754,0.000412930627654573,0.004204168640454808,844.5200000000001,870.0075,0.010218622224137842,0.012628593412391365,0.015684887080606114,0.09848531275039862,853.2,1
2013-11-29,RELIANCE,EQ,847.95,850.95,856.5,848.6,852.0,853.2,853.19,2259353,192764775760000.0,43503.0,1215153.0,0.5378000000000001,0.0061914027949760975,0.011200000000000099,0.0018199964774261446,846.4100000000001,866.9325000000001,0.010120173818009759,0.01181663500078929,0.009259259259259233,-0.2122104000571834,855.3,1
2013-12-02,RELIANCE,EQ,853.2,853.0,862.95,852.3,854.9,855.3,857.96,1650771,141630301535000.0,49955.0,772470.0,0.4679,0.0024613220815752346,0.004226840436773349,-0.022234924264075473,847.1299999999999,864.2850000000001,0.009339133296844326,0.011853652265313201,0.01245177130831298,-0.26936118437446477,861.9,1
2013-12-03,RELIANCE,EQ,855.3,855.0,865.5,850.65,861.5,861.9,859.7,2099451,180489461980000.0,56927.0,1096932.0,0.5225,0.007716590669940349,0.024546805349182632,-0.018728297375761427,851.26,861.945,0.005976231846817903,0.012071528891385427,0.017229376957883773,0.27180026787482947,856.05,0
2013-12-04,RELIANCE,EQ,861.9,860.9,867.5,853.2,858.1,856.05,860.14,2002635,172254806625000.0,67469.0,931657.0,0.4652,-0.006787330316742057,0.021600334148815348,-0.0074782608695652675,854.8799999999999,859.2625,0.007068173306844403,0.012074107788635853,0.01670463173880025,-0.04611491289865777,871.0,1
2013-12-05,RELIANCE,EQ,856.05,872.0,877.0,868.05,870.4,871.0,872.14,2865154,249882356835000.0,67634.0,1813899.0,0.6331,0.01746393318147299,0.027183206556990358,0.027607361963190247,859.49,857.8825,0.008784899273476086,0.012686408465908605,0.010275545350172268,0.43069206320672504,866.7,0
2013-12-06,RELIANCE,EQ,871.0,870.15,874.65,861.2,868.0,866.7,867.28,1668901,144740341195000.0,42360.0,1011405.0,0.606,-0.004936854190585427,0.015822784810126667,0.027200000000000113,862.1899999999999,856.9225,0.009878750340995203,0.012366375726949477,0.015518633898696125,-0.41751787163970944,878.95,1
2013-12-09,RELIANCE,EQ,866.7,882.1,888.0,876.2,877.75,878.95,881.32,2904113,255946031745000.0,84045.0,1696880.0,0.5843,0.014134071766470413,0.02765111656728636,0.03199483386168844,866.9200000000001,857.0725,0.010982952056617482,0.012563409939674442,0.01342510950566011,0.7401349750524446,884.65,1
2013-12-10,RELIANCE,EQ,878.95,878.5,888.7,878.5,885.3,884.65,884.84,1992917,176341451735000.0,65638.0,1064413.0,0.5341,0.006485010523920476,0.02639517345399689,0.05158989598811292,871.47,858.11,0.010935025108867862,0.012185681142617262,0.011529983609337078,-0.31376051827184415,882.6,0
2013-12-11,RELIANCE,EQ,884.65,882.5,884.95,872.5,884.15,882.6,879.38,1137789,100054491780000.0,30957.0,424291.0,0.3729,-0.0023173006273666807,0.03101454354301736,0.05328480219583498,876.78,859.61,0.009829483582760713,0.011748988002364357,0.014106050305914395,-0.42908359956786957,870.2,0
2013-12-12,RELIANCE,EQ,882.6,878.0,880.0,868.0,870.3,870.2,871.63,1300646,113368009530000.0,56824.0,600439.0,0.4615999999999999,-0.014049399501472881,-0.0009184845005739684,0.026239754702517937,876.6200000000001,860.9,0.010826607082230755,0.01201437495003489,0.01378993334865548,0.14313462337920302,864.7,0
2013-12-13,RELIANCE,EQ,870.2,867.0,868.1,857.65,863.05,864.7,863.86,2040359,176258395365000.0,74770.0,1359787.0,0.6664,-0.006320386118133792,-0.002307603553709514,0.01347866854195967,876.22,861.5525000000001,0.010996304008098036,0.012018875274946876,0.012085116225280496,0.5687273862373006,845.05,0
2013-12-16,RELIANCE,EQ,864.7,860.0,862.25,843.2,845.0,845.05,850.02,2296374,195196466700000.0,66269.0,1554746.0,0.677,-0.022724644385336057,-0.038568746800159426,-0.01198409914649834,869.4399999999999,860.0675000000001,0.011159185739647593,0.011433408550704627,0.022543044790249045,0.12547546779757868,839.2,0
2013-12-17,RELIANCE,EQ,845.05,848.7,852.9,836.75,837.85,839.2,844.8,2306272,194833286520000.0,47061.0,1437975.0,0.6235,-0.006922667297792895,-0.05137625049454575,-0.02633716208376835,860.35,858.11,0.008050741159149555,0.011406155758434964,0.019244518589132478,0.004310273500745199,859.95,1
2013-12-18,RELIANCE,EQ,839.2,839.2,863.85,839.2,861.3,859.95,856.81,2745251,235214926910000.0,55238.0,1753086.0,0.6386000000000001,0.02472592945662533,-0.025662814411964607,0.004555808656036664,855.82,857.9825000000001,0.017924206016447095,0.012259646884051961,0.02866445723588578,0.19034138210930895,854.05,0
2013-12-19,RELIANCE,EQ,859.95,864.4,864.4,843.7,852.5,854.05,854.48,3074567,262715509620000.0,72819.0,1796745.0,0.5844,-0.006860864003721212,-0.01855895196506563,-0.01946039035591285,852.5900000000001,858.305,0.01730015930867243,0.011699050411364518,0.024237456823370918,0.11995843003062379,895.15,1
2013-12-20,RELIANCE,EQ,854.05,872.0,898.0,862.1,895.0,895.15,878.73,4687926,411943906560000.0,110509.0,2054594.0,0.4382999999999999,0.04812364615654818,0.03521452526887936,0.032825660551517144,858.68,860.875,0.02861171821565036,0.015745153309836446,0.04010501033346364,0.5247434842044425,896.25,1
2013-12-23,RELIANCE,EQ,895.15,899.0,909.0,890.0,892.95,896.25,901.03,3701213,333491725910000.0,97605.0,1854470.0,0.501,0.0012288443277663763,0.06058813087982973,0.01968257580067112,868.9199999999998,863.1025,0.023961776976373524,0.015677824752515668,0.021199442119944213,-0.21047964494320093,898.05,1
2013-12-24,RELIANCE,EQ,896.25,896.5,905.0,895.1,897.1,898.05,899.67,1670206,150262836275000.0,50555.0,729578.0,0.4368,0.0020083682008367187,0.07012631077216391,0.015147233369128932,880.6899999999999,865.9424999999999,0.022480137057136963,0.015281930564326777,0.0110238850843494,-0.548740912776433,887.55,0
2013-12-26,RELIANCE,EQ,898.05,894.5,900.0,882.1,887.7,887.55,889.03,3341856,297100081095000.0,65137.0,1858470.0,0.5561,-0.011691999331885805,0.03209488923774617,0.005608429639700763,886.21,868.4224999999999,0.02392660815961944,0.015573343872146098,0.020167877866035692,1.0008645640118643,878.85,0
2013-12-27,RELIANCE,EQ,887.55,888.6,893.9,876.9,878.05,878.85,883.27,1770277,156362843815000.0,55371.0,1050516.0,0.5934,-0.009802264661145754,0.029038112522686177,0.009940243622155842,891.1700000000001,869.9675000000001,0.024371158496140126,0.015674671952457125,0.019343460203675257,-0.47027131031378966,887.1,1
2013-12-30,RELIANCE,EQ,878.85,881.0,889.85,875.85,885.55,887.1,884.08,2357956,208462047265000.0,54908.0,1155702.0,0.4901,0.009387267451783643,-0.008992906216835128,0.025904938128830768,889.5600000000001,871.6625,0.00881358353056616,0.015736821980703763,0.015781760793597114,0.331970081518316,895.2,1
2013-12-31,RELIANCE,EQ,887.1,888.0,898.25,887.1,894.0,895.2,894.05,1304298,116610763490000.02,36879.0,622014.0,0.4769,0.009130875887723988,-0.0011715481171548081,0.059345600852020786,889.35,873.6575,0.010101078648100682,0.015816105965068925,0.012455317247542423,-0.44685227374895886,888.8,0
2014-01-01,RELIANCE,EQ,895.2,897.45,898.25,887.6,888.25,888.8,891.42,1337074,119189242840000.02,26754.0,607039.0,0.454,-0.0071492403932083,-0.010300094649518421,0.059103908484270606,887.5,875.0024999999999,0.010426983941759123,0.015902157289925622,0.011982448244824457,0.02512922660312289,875.0,0
2014-01-02,RELIANCE,EQ,888.8,887.7,896.0,870.1,873.0,875.0,885.11,1376901,121871477240000.02,45289.0,698939.0,0.5075999999999999,-0.01552655265526548,-0.014140048447974674,0.017501017501017513,884.99,875.95,0.011410386834896187,0.016262370963575273,0.029599999999999974,0.029786683459554153,864.25,0
2014-01-03,RELIANCE,EQ,875.0,871.6,873.35,855.0,865.2,864.25,864.22,2933613,253527898170000.0,95307.0,1575724.0,0.5371,-0.012285714285714233,-0.01661261876315645,0.011943094666588605,882.07,875.6125,0.011837874512162285,0.01605758393087109,0.021232282325715966,1.130591088248175,854.95,0
2014-01-06,RELIANCE,EQ,864.25,862.1,863.25,850.0,855.15,854.95,854.84,3043781,260194534650000.0,69293.0,2136241.0,0.7018000000000001,-0.010760775238646159,-0.0362416863938676,-0.044908674523822745,875.64,875.025,0.009676068683114972,0.016198888860820205,0.015497982338148428,0.03755369232410688,842.1,0
2014-01-07,RELIANCE,EQ,854.95,854.6,859.95,840.05,840.65,842.1,846.4,3957111,334930577580000.0,202802.0,2791907.0,0.7055,-0.01503011872039306,-0.05931635388739953,-0.06041841004184101,865.0200000000001,873.1825000000001,0.0034151189940426685,0.016119051644156973,0.02363139769623571,0.30006429503305254,849.05,1
2014-01-08,RELIANCE,EQ,842.1,844.4,857.35,844.4,849.0,849.05,850.03,2909048,247279258050000.0,129198.0,1683482.0,0.5787,0.008253176582353472,-0.04472322232223225,-0.05456266354880013,857.07,871.4025000000001,0.009880562655153736,0.016172899416098205,0.01525234085154001,-0.26485559793495805,850.7,1
2014-01-09,RELIANCE,EQ,849.05,850.45,853.8,845.05,853.0,850.7,849.4,1899340,161329808865000.0,94510.0,1085278.0,0.5714,0.0019433484482658248,-0.027771428571428558,-0.0415187876739338,852.21,869.8075000000001,0.010112730181328543,0.01619556325006488,0.010285647114141296,-0.34709224461060806,858.15,1
2014-01-10,RELIANCE,EQ,850.7,848.35,876.3,848.0,856.15,858.15,863.52,3392170,292921444880000.0,107766.0,1382611.0,0.4075999999999999,0.008757493828611684,-0.007058142898466957,-0.023553507424475262,850.99,869.2049999999999,0.010965119758907294,0.016084006360137987,0.032977917613470784,0.7859730222077144,880.4,1
2014-01-13,RELIANCE,EQ,858.15,868.25,883.0,868.0,881.5,880.4,876.44,2756390,241582051640000.0,61589.0,1490091.0,0.5406000000000001,0.025927868088329475,0.029767822679688694,-0.0075526998083643715,856.0799999999999,869.9900000000001,0.01473531832152129,0.017064363453266625,0.017037710131758293,-0.18742574811993507,881.5,1
2014-01-14,RELIANCE,EQ,880.4,878.5,884.55,872.45,879.2,881.5,880.74,2760267,243107819310000.0,69490.0,1728217.0,0.6261,0.0012494320763289934,0.04678779242370257,-0.015303842716711369,863.96,871.8125,0.009959680343658451,0.01612348450802481,0.01372660238230279,0.0014065498713897728,885.45,1
2014-01-15,RELIANCE,EQ,881.5,884.7,895.0,881.0,882.5,885.45,889.77,2893960,257494674145000.0,89015.0,1774302.0,0.6131000000000001,0.004480998298355132,0.04287144455567993,-0.0037691269126911564,871.24,874.125,0.010191978590712553,0.01598361143535623,0.015811169461855554,0.048434807212490716,886.15,1
2014-01-16,RELIANCE,EQ,885.45,888.7,893.3,882.05,885.2,886.15,888.21,4123266,366231612910000.0,84894.0,3065412.0,0.7434000000000001,0.0007905584730927284,0.0416715645938639,0.012742857142857167,878.3299999999999,875.4350000000001,0.01038774256103749,0.015129180321912305,0.012695367601421882,0.42478334185683275,884.75,0
2014-01-17,RELIANCE,EQ,886.15,889.15,896.9,880.25,883.5,884.75,890.33,3534630,314698052875000.0,96563.0,2343127.0,0.6629,-0.0015798679681768846,0.03099691196177834,0.02371998842927403,883.65,876.97,0.011252075801655702,0.015019265992832164,0.018818875388527806,-0.1427596473281132,869.75,0
2014-01-20,RELIANCE,EQ,884.75,886.9,889.0,866.1,868.0,869.75,872.35,3789008,330534625495000.0,124858.0,2324348.0,0.6134000000000001,-0.016953941791466476,-0.012096774193548376,0.017310953856950695,881.5200000000001,875.7,0.00841629313854613,0.010977333624398133,0.02632940500143717,0.07196736292058858,863.05,0
2014-01-21,RELIANCE,EQ,869.75,872.65,873.6,862.0,862.9,863.05,865.66,2241570,194042829430000.0,75224.0,1272790.0,0.5678,-0.007703363035355015,-0.02093023255813964,0.02487828048925289,877.8300000000002,874.04,0.008397422886213248,0.011047040525828214,0.013440704478303717,-0.4084018824980048,872.45,1
2014-01-22,RELIANCE,EQ,863.05,863.5,875.35,858.15,868.0,872.45,869.82,1947009,169354959080000.0,69492.0,1183161.0,0.6077,0.010891605353108291,-0.01468180021458021,0.02756021435722289,875.2299999999999,872.76,0.010321776976018052,0.011382870551665442,0.019714596825033005,-0.13140834325941197,865.8,0
2014-01-23,RELIANCE,EQ,872.45,860.6,871.3,860.6,866.0,865.8,866.4,3146981,272654471680000.03,95616.0,2391312.0,0.7599,-0.00762221330735291,-0.022964509394572064,0.017750088162689526,871.1600000000001,871.6725,0.01025299150835171,0.01122416054573338,0.012358512358512281,0.616315589707084,867.65,1
2014-01-24,RELIANCE,EQ,865.8,862.0,874.65,861.1,866.8,867.65,868.87,2715344,235927134635000.0,78817.0,1766565.0,0.6506000000000001,0.002136752136752129,-0.01932749364227182,0.011070325700635042,867.74,871.1125,0.010653020929022849,0.0110577096569557,0.015616896213911087,-0.13715907404588712,843.15,0
2014-01-27,RELIANCE,EQ,867.65,856.0,860.8,840.35,846.75,843.15,850.73,2822051,240079763110000.0,87797.0,1905116.0,0.6751,-0.028237192416296852,-0.03058350100603624,-0.04231031349386638,862.4199999999998,868.915,0.014590250990501503,0.012392155774430204,0.02425428452825705,0.03929778326429356,844.85,1
2014-01-28,RELIANCE,EQ,843.15,847.0,856.0,842.7,845.7,844.85,848.94,2645575,224594392145000.0,81449.0,1703652.0,0.644,0.0020162485915911077,-0.021088001853890148,-0.0415768576290414,858.78,866.3975,0.014966997274617401,0.012141361811952812,0.01574243948629929,-0.06253466007524311,836.6,0
2014-01-29,RELIANCE,EQ,844.85,849.8,852.5,835.0,835.6,836.6,843.22,2828526,238507007480000.03,65752.0,1959270.0,0.6927,-0.009765047049772102,-0.04109118001031575,-0.055169687729403116,851.61,863.7875,0.012404112385349698,0.01220437692929414,0.02091800143437724,0.06915358664940507,825.0,0
2014-01-30,RELIANCE,EQ,836.6,831.4,833.85,822.2,825.6,825.0,827.27,3223490,266670954200000.0,68894.0,2168732.0,0.6728000000000001,-0.01386564666507295,-0.04712404712404705,-0.06900637589572867,843.45,861.2875,0.012631708585504308,0.012119658058260657,0.014121212121212093,0.13963598001220423,831.15,1
2014-01-31,RELIANCE,EQ,825.0,827.0,833.45,826.15,830.55,831.15,830.2,2523182,209474298835000.0,85962.0,1808902.0,0.7169,0.00745454545454538,-0.04206765400795254,-0.06058208533484033,836.15,859.6324999999999,0.0140096766535129,0.012116119575618403,0.008783011490104155,-0.21725148829374374,820.9,0
2014-02-03,RELIANCE,EQ,831.15,826.2,829.8,819.45,820.5,820.9,824.7,1880728,155103336275000.0,40585.0,1356016.0,0.721,-0.01233231065391327,-0.026389135978177047,-0.056165564817476366,831.7,857.93,0.009473202364444515,0.01218165861265957,0.012608113046656,-0.25462055452202814,821.55,1
2014-02-04,RELIANCE,EQ,820.9,814.5,826.65,813.15,823.75,821.55,819.02,2825803,231438669060000.0,90471.0,1839228.0,0.6509,0.0007918138628335569,-0.027578860152689955,-0.04808527895255199,827.04,856.9024999999999,0.009250039485536349,0.011795787877821616,0.016432353478181488,0.5025048810885997,817.25,0
2014-02-05,RELIANCE,EQ,821.55,820.1,821.5,806.9,816.3,817.25,815.06,2582636,210499213775000.0,75411.0,1352526.0,0.5236999999999999,-0.00523400888564296,-0.023129333014582865,-0.06327010143847789,823.1700000000001,855.3125,0.008950134584204064,0.011612929566139853,0.01786479045579691,-0.08605235396805788,815.85,0
2014-02-06,RELIANCE,EQ,817.25,820.0,824.1,808.15,815.9,815.85,816.24,2474757,202000161230000.0,73975.0,1390102.0,0.5617,-0.0017130620985010836,-0.01109090909090904,-0.0576923076923076,821.3399999999999,853.57,0.007318931234381824,0.011578921633174743,0.01955016240730532,-0.041770888348183766,814.45,0
2014-02-07,RELIANCE,EQ,815.85,822.1,823.8,810.6,813.0,814.45,816.81,1933597,157939018205000.0,62348.0,1112249.0,0.5752,-0.001716001716001725,-0.020092642723936627,-0.06131504638967322,818.0,851.385,0.0051075949300585346,0.011299035634307904,0.016207256430720032,-0.21867197466256283,821.95,1
2014-02-10,RELIANCE,EQ,814.45,815.25,825.6,811.15,821.75,821.95,821.91,2364740,194360253845000.0,47168.0,1548389.0,0.6548,0.009208668426545552,0.001279083932269609,-0.025143805965723742,818.21,848.4625,0.0054392762192950524,0.00956700841684632,0.01758014477766293,0.22297459087907145,805.25,0
2014-02-11,RELIANCE,EQ,821.95,823.0,825.0,802.75,803.75,805.25,810.89,2882244,233719611775000.0,98774.0,1660587.0,0.5761000000000001,-0.020317537563112165,-0.019840545310693125,-0.04687222583890638,814.95,844.65,0.010638257172550153,0.010210925843935154,0.027631170443961503,0.21884181770511768,817.9,1
2014-02-12,RELIANCE,EQ,805.25,808.0,821.9,807.4,815.0,817.9,816.72,2246719,183493895805000.0,80982.0,1164160.0,0.5182,0.015709407016454513,0.0007953502600184237,-0.0223523786755917,815.08,841.2725,0.013692992267694765,0.011006300288594055,0.017728328646533807,-0.22049659917758524,807.4,0
2014-02-13,RELIANCE,EQ,817.9,818.9,818.9,805.05,806.8,807.4,810.99,1978914,160488241945000.0,61870.0,1307917.0,0.6609,-0.012837755226800307,-0.010357296071581867,-0.021333333333333315,813.3900000000001,837.335,0.014935918810344529,0.011121753305662285,0.017153827099331217,-0.11919826199894157,822.05,1
2014-02-14,RELIANCE,EQ,807.4,811.9,824.0,808.0,821.9,822.05,817.07,2107250,172176439980000.0,71157.0,1315892.0,0.6245,0.018144661877631973,0.009331450672232622,-0.010948685556157134,814.9100000000001,834.2,0.017455605103505436,0.01222221244396949,0.0194635362812481,0.06485173180845649,812.3,0
2014-02-17,RELIANCE,EQ,822.05,817.65,822.0,807.05,812.75,812.3,813.47,2070622,168438068435000.0,47002.0,1343471.0,0.6487999999999999,-0.011860592421385596,-0.011740373502037937,-0.010476306492873677,812.98,831.3275,0.017814186335897396,0.011979920148427258,0.018404530345931362,-0.01738189583580496,813.15,1
2014-02-18,RELIANCE,EQ,812.3,807.1,817.85,807.1,812.3,813.15,814.74,1312359,106922827080000.0,35271.0,728539.0,0.5551,0.0010464114243506906,0.009810617820552592,-0.010224575497535082,814.56,828.8324999999999,0.014677994668690148,0.011972049988620738,0.013220193076308185,-0.3662005909335456,812.25,0
2014-02-19,RELIANCE,EQ,813.15,813.0,820.0,810.0,813.1,812.25,814.84,1401247,114178908809999.98,46860.0,728097.0,0.5196000000000001,-0.0011068068622025473,-0.0069079349553734515,-0.00611807892321814,813.4300000000001,825.8225,0.012532768556428158,0.011537027843437206,0.012311480455524777,0.06773146677090636,805.45,0
2014-02-20,RELIANCE,EQ,812.25,811.3,813.7,803.1,804.15,805.45,807.99,1838151,148519857835000.0,59171.0,1208858.0,0.6576000000000001,-0.00837180670975679,-0.002415159772107933,-0.012747441318869845,813.04,822.805,0.01163385854212399,0.011552314669851089,0.01316034514867468,0.31179656406044054,811.5,1
2014-02-21,RELIANCE,EQ,805.45,807.1,816.0,805.6,810.75,811.5,810.98,1430079,115976500784999.98,50061.0,774563.0,0.5416,0.007511329070705841,-0.012833769235447878,-0.0036220762477746637,810.93,819.9975000000001,0.007694603479429541,0.01175216002727097,0.012815773259396151,-0.22200134809381822,812.35,1
2014-02-24,RELIANCE,EQ,811.5,808.05,814.95,805.3,812.9,812.35,809.76,1554509,125878165300000.0,55055.0,906027.0,0.5828,0.0010474430067775042,6.155361319715169e-05,-0.011679542551250144,810.9399999999999,818.4575,0.0056991478125280465,0.010200028042539246,0.0118791161445191,0.08700917921317641,810.55,0
2014-02-25,RELIANCE,EQ,812.35,814.3,816.0,807.55,809.45,810.55,812.26,1609074,130698146615000.02,61409.0,1067323.0,0.6633,-0.002215793684988032,-0.003197442046362964,0.006581806892269393,810.42,816.7425,0.0057396138880434515,0.010160304757505335,0.010425020048115534,0.03510111552908346,810.7,1
2014-02-26,RELIANCE,EQ,810.55,811.0,816.85,808.25,812.0,810.7,811.85,3110571,252532143775000.0,70887.0,2380977.0,0.7654000000000001,0.00018505952748149035,-0.0019082794706062334,-0.00880303215552014,810.11,815.4475,0.005741699244550417,0.010003558168023815,0.010608116442580513,0.9331435347286701,799.95,0
2014-02-28,RELIANCE,EQ,810.7,810.7,815.35,793.1,797.3,799.95,801.57,4331622,347207678905000.0,150067.0,2899076.0,0.6693000000000001,-0.013260145553225633,-0.006828480973368967,-0.009227148872925306,809.01,814.1949999999999,0.00757014523307822,0.009965082188426259,0.027814238389899368,0.39254882785186385,803.4,1
2014-03-03,RELIANCE,EQ,799.95,800.1,806.8,797.15,804.25,803.4,802.72,2659675,213497624120000.0,86665.0,1697512.0,0.6382,0.004312769548096673,-0.009981515711645184,-0.022687184477829803,807.3900000000001,812.8075,0.006722145058892824,0.009840590519305826,0.012011451331839654,-0.3859863579970736,812.95,1
2014-03-04,RELIANCE,EQ,803.4,803.0,814.65,802.6,812.35,812.95,810.74,2056575,166734528590000.0,70600.0,1366680.0,0.6645000000000001,0.011886980333582375,0.0007385978949960847,0.0008001969715623058,807.51,812.4100000000001,0.009226463602110461,0.009946532285993294,0.014822559813026574,-0.22675702858431956,807.0,0
2014-03-05,RELIANCE,EQ,812.95,815.55,818.0,805.15,806.5,807.0,809.77,2703603,218929934745000.0,144272.0,1930191.0,0.7139,-0.007319023310166761,-0.004379742150391608,-0.0075631802250506475,806.8,811.6825000000001,0.009821094156404805,0.010058407970516626,0.015923172242874872,0.31461434666861154,822.45,1
2014-03-06,RELIANCE,EQ,807.0,809.35,824.4,809.3,822.25,822.45,818.32,2325283,190282424625000.0,70837.0,1334995.0,0.5740999999999999,0.019144981412639428,0.01449364746515358,0.012557710064635241,809.1500000000001,811.9425,0.013343779369461062,0.010937330012613534,0.018359778709952,-0.13993178732232503,869.4,1
2014-03-07,RELIANCE,EQ,822.45,825.0,874.0,825.0,867.9,869.4,855.41,7679752,656936860635000.0,229349.0,5433531.0,0.7075,0.05708553711471809,0.08681792612038253,0.07939661059035319,823.04,814.62,0.024443672173749216,0.016720397568000266,0.05636070853462158,2.30271713163516,885.45,1
2014-03-10,RELIANCE,EQ,869.4,865.1,903.65,863.4,883.9,885.45,889.63,7513409,668415592295000.0,240401.0,5086232.0,0.677,0.018461007591442424,0.10212845407020166,0.09112754158964886,839.45,818.17,0.023401266350302583,0.01700718424985635,0.045457112202834715,-0.021659944227365724,874.75,0
2014-03-11,RELIANCE,EQ,885.45,885.0,887.8,872.1,874.0,874.75,878.5,2921335,256638863150000.0,77472.0,1670904.0,0.5720000000000001,-0.012084250945846753,0.07601943538963041,0.07681418107958393,851.8100000000001,820.8100000000001,0.027531939232841553,0.017348274038213405,0.017947985138610952,-0.6111838181576432,871.35,0
2014-03-12,RELIANCE,EQ,874.75,874.0,882.9,867.65,869.25,871.35,873.56,2155857,188326955435000.0,76702.0,1195283.0,0.5544,-0.0038868248070876854,0.07973977695167278,0.07501079513910325,864.6800000000001,824.115,0.026869370708576718,0.01654345264387734,0.01750157801113215,-0.26203020194534343,879.55,1
2014-03-13,RELIANCE,EQ,871.35,875.0,894.75,874.7,877.9,879.55,887.29,3936620,349294047855000.0,97516.0,2590750.0,0.6581,0.009410684569920225,0.06942671287008317,0.08492660663624019,876.1,827.1975,0.026913969353576515,0.0163694442709759,0.022795747825592582,0.8260116510510669,886.15,1
2014-03-14,RELIANCE,EQ,879.55,874.0,889.95,869.05,886.0,886.15,878.11,3780891,332003566120000.0,79517.0,2792514.0,0.7386,0.007503837189472007,0.01926616057050845,0.10775673479592474,879.45,831.135,0.011953109658667034,0.01590906112218756,0.023585171810641643,-0.03955906335892212,896.45,1
2014-03-18,RELIANCE,EQ,886.15,889.5,908.8,889.5,894.5,896.45,900.41,4351046,391770643195000.0,135768.0,2900618.0,0.6666,0.011623314337301904,0.012423061720029382,0.1158202638785164,881.65,834.8549999999999,0.010118322831873168,0.015686030961144858,0.021529365831892414,0.15079911058001927,903.0,1
2014-03-19,RELIANCE,EQ,896.45,900.0,909.9,895.25,902.9,903.0,902.16,3743369,337712156635000.0,95735.0,2101310.0,0.5613,0.0073065982486473224,0.03229494141183187,0.11076942001353096,887.3,839.3900000000001,0.006004290474164356,0.01521515298895243,0.01622369878183829,-0.13966227890948524,906.0,1
2014-03-20,RELIANCE,EQ,903.0,901.6,907.5,898.15,905.7,906.0,905.58,6791651,615035637625000.0,72165.0,3701855.0,0.5451,0.0033222591362125353,0.039765880530211684,0.12267657992565062,894.2299999999999,844.0325,0.0030654445397044826,0.015189256952478731,0.010320088300220775,0.8143151262939881,885.8,0
2014-03-21,RELIANCE,EQ,906.0,907.0,913.35,882.15,884.6,885.8,894.3,5040481,450771457625000.0,101131.0,3485979.0,0.6916,-0.022295805739514396,0.0071059064294241026,0.07702595902486453,895.4799999999999,847.71,0.013618047031287042,0.016369493108780272,0.03522239783246788,-0.2578415763707529,888.15,1
2014-03-22,RELIANCE,EQ,885.8,887.6,889.85,883.55,889.4,888.15,887.08,231511,20536814260000.0,5236.0,115571.0,0.4992,0.0026529690675096695,0.002256954240252851,0.021566597653554176,895.8800000000001,851.845,0.013250515956798695,0.016097716770859773,0.007093396385745728,-0.9540696612089203,905.4,1
2014-03-24,RELIANCE,EQ,888.15,891.25,908.75,891.1,906.0,905.4,903.35,6586731,595015392955000.0,95424.0,3500066.0,0.5314,0.019422394865732162,0.009983825087846343,0.02253091648314398,897.6700000000001,856.54,0.015199731753650117,0.016412014578744267,0.019494146233708834,27.45104984212413,879.3,0
2014-03-25,RELIANCE,EQ,905.4,879.0,882.5,872.5,877.8,879.3,878.62,7154556,628612226675000.0,92718.0,4258172.0,0.5952000000000001,-0.02882703777335982,-0.026245847176079806,0.005201486138896705,892.93,859.8875,0.019943976157915832,0.018120226141185622,0.011372682815876266,0.08620740698231044,891.2,1
2014-03-26,RELIANCE,EQ,879.3,881.25,902.95,881.15,891.0,891.2,892.07,3156965,281624877065000.0,71768.0,1622651.0,0.514,0.013533492550892756,-0.016335540838852025,0.022780742525965403,889.97,863.9200000000001,0.0214906223122663,0.018172466730520087,0.024461400359066503,-0.5587476008294574,900.75,1
2014-03-27,RELIANCE,EQ,891.2,894.85,904.9,892.1,899.0,900.75,901.67,12665322,1141990921435000.0,75157.0,9062930.0,0.7156,0.010715888689407427,0.016877398961390844,0.02410323460860675,892.9599999999998,868.4225,0.01905267377664237,0.01818095169381183,0.01421038023868993,3.011866460350368,916.15,1
2014-03-28,RELIANCE,EQ,900.75,900.0,919.95,900.0,914.8,916.15,914.31,4267110,390146691395000.0,75417.0,2763470.0,0.6476000000000001,0.017096863724673783,0.031526206158869474,0.03385431360379165,898.5600000000001,874.2324999999998,0.019965362386881638,0.017801207912546226,0.021775910058396603,-0.6630871287757232,930.75,1
2014-03-31,RELIANCE,EQ,916.15,916.25,939.8,913.2,937.8,930.75,923.95,4286368,396037510930000.0,109416.0,2729368.0,0.6368,0.015936254980079667,0.02799867461895289,0.03826203357688662,903.6299999999999,880.6,0.019450630480428912,0.01789992962228069,0.028579102874026225,0.004513124808125379,942.6,1
2014-04-01,RELIANCE,EQ,930.75,936.0,945.0,929.3,941.4,942.6,937.24,3575180,335081107250000.0,91068.0,1902035.0,0.532,0.012731668009669628,0.07198908222449685,0.043853820598006577,916.29,887.0825000000001,0.0025471204559754964,0.017911732283223812,0.016656057712709574,-0.16591855855586823,958.2,1
2014-04-02,RELIANCE,EQ,942.6,945.0,962.0,938.1,955.95,958.2,955.12,6121499,584677376550000.0,96616.0,3065161.0,0.5007,0.016549968173138252,0.07517953321364446,0.057615894039735105,929.6899999999999,894.6425000000002,0.0027567679899206604,0.01766042485420898,0.024942600709663927,0.712221202848528,952.65,0
2014-04-03,RELIANCE,EQ,958.2,956.8,962.95,940.4,951.5,952.65,951.03,6069088,577185787800000.0,79015.0,3105015.0,0.5115999999999999,-0.005792110206637502,0.05761865112406328,0.07546850304809216,940.07,901.1524999999999,0.009706318266355221,0.01776935990777644,0.02367081299532889,-0.008561791809489794,944.25,0
2014-04-04,RELIANCE,EQ,952.65,952.0,953.25,941.55,944.25,944.25,945.66,2860462,270503542910000.0,73252.0,1706164.0,0.5965,-0.008817509053692274,0.03067183321508482,0.0631650059111637,945.6899999999999,904.8949999999999,0.012388349208187637,0.013750987846164416,0.012390786338363829,-0.5286833870261891,944.15,0
2014-04-07,RELIANCE,EQ,944.25,944.0,954.95,934.35,941.0,944.15,942.57,2949923,278050837780000.03,69335.0,1679384.0,0.5693,-0.000105904156738168,0.01439699167338171,0.042798762977689364,948.3700000000001,907.8299999999999,0.011234664112331568,0.013360740166311785,0.021818566964994995,0.03127501781180797,962.15,1
2014-04-09,RELIANCE,EQ,944.15,950.0,966.7,947.15,966.6,962.15,954.44,3071917,293195518810000.0,116088.0,2075926.0,0.6758,0.019064767250966508,0.020740504986208386,0.09422267712953492,952.28,912.1999999999998,0.012858067570698172,0.013288356481038727,0.020319077066985467,0.041354977740097,969.05,1
2014-04-10,RELIANCE,EQ,962.15,964.7,973.9,962.2,968.95,969.05,968.44,2434297,235747731780000.03,79645.0,1387548.0,0.5700000000000001,0.007171438964818311,0.011323314548110863,0.08735412926391373,954.45,917.085,0.011176514248392349,0.013134545566204888,0.012073680408647574,-0.20756420176717016,953.75,0
2014-04-11,RELIANCE,EQ,969.05,962.3,971.05,950.6,951.25,953.75,958.39,2672508,256129769765000.0,78289.0,1672944.0,0.626,-0.015788658995923743,0.0011546738046501748,0.058839855675825614,954.6700000000001,920.7950000000001,0.013614989210019477,0.01391600165700323,0.021441677588466507,0.09785617777945754,949.1,0
2014-04-15,RELIANCE,EQ,953.75,950.0,954.0,936.6,945.8,949.1,944.92,2117715,200106722515000.0,58753.0,1296856.0,0.6124,-0.004875491480996086,0.005136351601800371,0.0359657261365498,955.64,923.9424999999999,0.0130573974272928,0.014033796854459397,0.018333157728374225,-0.20759264331481886,941.3,0
2014-04-16,RELIANCE,EQ,949.1,946.5,959.0,938.1,941.8,941.3,948.01,2830152,268300647915000.0,64798.0,2037474.0,0.7199,-0.00821831208513335,-0.0030185881480697674,0.011334944936878921,955.07,926.1850000000001,0.013730323887558597,0.014132620983431054,0.022203335812174627,0.33641778992923976,959.1,1
2014-04-17,RELIANCE,EQ,941.3,945.0,961.8,943.8,961.0,959.1,954.84,1793418,171242399765000.0,54277.0,1113817.0,0.6211,0.018910018060129596,-0.003169983890245809,0.017504774029280634,954.46,928.99,0.01367517839971572,0.014570035003659826,0.01876759461995621,-0.3663174274738601,959.6,1
2014-04-21,RELIANCE,EQ,959.1,969.95,969.95,956.1,957.0,959.6,960.85,2701214,259545975085000.0,77933.0,1499011.0,0.5549000000000001,0.0005213220727766643,-0.00975181879159992,0.001461072844917588,952.57,931.6700000000001,0.013044046920945289,0.014581438882594907,0.014433097123801607,0.5061820501411272,967.75,1
2014-04-22,RELIANCE,EQ,959.6,960.0,988.75,956.1,966.95,967.75,973.54,4418930,430199617625000.0,96518.0,2378915.0,0.5383,0.008493122134222597,0.014678899082568808,0.015850522227470742,955.3700000000001,935.7674999999999,0.010923770714977358,0.013345453652021872,0.03373805218289845,0.6359051892963683,967.15,0
2014-04-23,RELIANCE,EQ,967.75,969.0,982.0,964.25,966.8,967.15,970.17,3494693,339045235460000.0,64113.0,2203397.0,0.6305,-0.0006199948333763805,0.019018017068801907,0.024252051893036697,958.9799999999999,939.7175000000001,0.01030852153861694,0.013389531502193568,0.01835289251925761,-0.20915402597461374,948.25,0
2014-04-25,RELIANCE,EQ,967.15,968.0,969.0,946.0,946.6,948.25,952.06,3029220,288399566040000.0,121611.0,1921915.0,0.6345000000000001,-0.019541953161350323,0.007383405927972042,0.004342530318275806,960.3700000000001,941.86,0.014144033059145054,0.013906543295782088,0.024255206960189825,-0.1331942462470952,945.0,0
2014-04-28,RELIANCE,EQ,948.25,949.8,956.0,941.35,945.65,945.0,949.29,3796899,360437060850000.0,59276.0,3161617.0,0.8327,-0.0034273662008963424,-0.01470128245229907,-0.017824663514005024,957.55,945.1450000000001,0.01029488585757708,0.01192227025869561,0.015502645502645478,0.2534246439677541,940.3,0
2014-04-29,RELIANCE,EQ,945.0,946.05,951.75,938.0,940.5,940.3,942.04,1919298,180805429380000.0,59007.0,1054327.0,0.5493,-0.004973544973545074,-0.02011254689453945,-0.02966823177338629,953.6899999999999,947.6,0.01012829662738456,0.011834875706535084,0.01462299266191641,-0.4945090717451267,935.8,0
2014-04-30,RELIANCE,EQ,940.3,943.9,960.0,929.1,936.1,935.8,944.61,3289582,310737816595000.0,84582.0,1817961.0,0.5526,-0.004785706689354408,-0.033014724877292734,-0.01882044560943652,947.3,949.3525,0.007403258322948018,0.011793363711714173,0.033019876041889266,0.7139506215293301,928.1,0
2014-05-02,RELIANCE,EQ,935.8,940.0,947.4,926.0,928.1,928.1,933.63,2073376,193577046060000.0,62398.0,1297890.0,0.626,-0.008228253900406046,-0.04037636354236673,-0.022126224844589593,939.49,949.95,0.006585699871860734,0.011438682734033381,0.02305786014438097,-0.36971445004258896,946.85,1
2014-05-05,RELIANCE,EQ,928.1,925.0,958.5,925.0,944.4,946.85,946.08,3474292,328695456845000.0,60809.0,1976350.0,0.5688000000000001,0.020202564378838384,-0.0014764039019246056,0.005896101136725784,939.21,950.7550000000001,0.011564382917894429,0.011772482064286197,0.03538047209167239,0.675669053755807,963.35,1
2014-05-06,RELIANCE,EQ,946.85,947.9,967.0,947.55,965.15,963.35,960.34,2832651,272031205415000.0,54806.0,1620848.0,0.5722,0.017426202672017777,0.019417989417989334,0.0044312376186008695,942.8799999999999,951.7924999999999,0.013693096954787123,0.01206351556151863,0.020189962111382204,-0.18468251948886272,960.85,0
2014-05-07,RELIANCE,EQ,963.35,960.1,971.4,957.05,958.9,960.85,964.17,2416483,232991107110000.0,49398.0,1217975.0,0.504,-0.002595110811231649,0.021854727214718705,0.0013026260942059498,946.99,951.925,0.013343392546813545,0.01152547522312234,0.014934693240360121,-0.14691820489004825,960.3,0
2014-05-08,RELIANCE,EQ,960.85,963.1,970.1,950.75,962.0,960.3,960.99,2731382,262482006110000.0,54741.0,1833316.0,0.6712,-0.0005724098454493731,0.02618080786492838,-0.007698269181090178,951.89,952.3075000000001,0.012737234623486495,0.011441415498507171,0.020149953139643885,0.13031293826606682,997.6,1
2014-05-09,RELIANCE,EQ,960.3,955.8,999.0,955.8,997.0,997.6,986.41,4217843,416051861960000.0,145066.0,2534620.0,0.6009000000000001,0.038842028532750206,0.07488417196422792,0.03148425787106457,965.79,954.975,0.016977246226475885,0.014068560001671542,0.04330392943063357,0.5442157120461364,1028.7,1
2014-05-12,RELIANCE,EQ,997.6,994.9,1049.0,994.1,1027.0,1028.7,1028.7,7051280,725367333230000.0,174802.0,4560850.0,0.6468,0.031174819566960776,0.08644452658816082,0.08484049564988139,982.1600000000001,959.2025,0.01851239012835071,0.01539910075265622,0.053368328958880114,0.6717739375315772,1063.4,1
2014-05-13,RELIANCE,EQ,1028.7,1040.0,1068.8,1034.5,1061.1,1063.4,1049.33,6140492,644338012680000.0,147434.0,3371765.0,0.5491,0.033731894624283054,0.10385633466549038,0.12529100529100545,1002.1700000000001,964.2650000000001,0.02001348968294986,0.016447362517262004,0.0322550310325371,-0.1291663357574795,1045.5,0
2014-05-14,RELIANCE,EQ,1063.4,1064.0,1068.0,1041.1,1044.9,1045.5,1050.6,4428958,465307831875000.0,99674.0,2929756.0,0.6615000000000001,-0.016832800451382468,0.08809907894052138,0.11187918749335335,1019.1,968.0875,0.024551186204450466,0.017152225359150234,0.025729316116690666,-0.27872913115105435,1053.4,1
2014-05-15,RELIANCE,EQ,1045.5,1045.5,1060.0,1039.25,1058.0,1053.4,1049.48,4769324,500530603850000.0,90269.0,3113905.0,0.6529,0.0075561932089909245,0.09694887014474651,0.12566787775165644,1037.72,973.0699999999999,0.023312312309550397,0.01652157554783503,0.019698120372128345,0.07685013043700128,1079.25,1
2014-05-16,RELIANCE,EQ,1053.4,1090.1,1145.25,1062.1,1075.0,1079.25,1105.14,12031151,1329611710065000.0,257255.0,6936068.0,0.5765,0.02453958610214535,0.08184643143544501,0.16285960564594326,1054.05,979.5775,0.021017282567629306,0.016891076341727953,0.0770442436877462,1.522611380564625,1120.05,1
2014-05-19,RELIANCE,EQ,1079.25,1091.0,1124.75,1086.9,1115.25,1120.05,1107.68,5439813,602554501830000.0,136549.0,3341005.0,0.6142000000000001,0.037804030576789494,0.08880139982502189,0.18292232138142261,1072.3200000000002,988.5150000000001,0.022376360330015145,0.017875148001693462,0.03379313423507871,-0.5478559782019193,1079.85,0
2014-05-20,RELIANCE,EQ,1120.05,1127.9,1129.0,1075.7,1080.0,1079.85,1089.48,5145199,560558275530000.0,173348.0,3488764.0,0.6781,-0.03589125485469402,0.015469249576828936,0.12093216380339422,1075.6100000000001,994.5525,0.030003983513512345,0.02029355285883337,0.04935870722785568,-0.05415884700448348,1078.4,0
2014-05-21,RELIANCE,EQ,1079.85,1079.85,1102.95,1073.75,1075.0,1078.4,1083.67,5026907,544748680885000.06,150006.0,3260605.0,0.6486,-0.001342779089688162,0.03146819703491155,0.1223395951501276,1082.19,1000.4925,0.028129196206328713,0.02032497882268364,0.027077151335311613,-0.022990753127332897,1100.8,1
2014-05-22,RELIANCE,EQ,1078.4,1086.0,1113.4,1084.7,1103.2,1100.8,1100.57,4284833,471573732550000.0,146254.0,2524061.0,0.5891,0.020771513353115667,0.04499715207898225,0.1463084452775174,1091.6699999999998,1007.1450000000001,0.02886070865372679,0.020586475756509685,0.026071947674418647,-0.14762039560310147,1127.45,1
2014-05-23,RELIANCE,EQ,1100.8,1111.55,1132.0,1102.0,1129.0,1127.45,1117.42,3786896,423155882940000.0,118761.0,2329725.0,0.6152000000000001,0.024209665697674465,0.044660643965716895,0.13016238973536498,1101.31,1015.1599999999999,0.02881714644758663,0.02087094433665617,0.02660871879019025,-0.11620919648443706,1101.7,0
2014-05-26,RELIANCE,EQ,1127.45,1132.5,1140.0,1075.0,1098.95,1101.7,1118.82,3674151,411070398460000.0,106221.0,1911287.0,0.5202,-0.022839150294913346,-0.016383197178697295,0.07096335180324687,1097.64,1022.8324999999999,0.026380020721048295,0.021110789485078912,0.058999727693564485,-0.029772404629015425,1087.95,0
2014-05-27,RELIANCE,EQ,1101.7,1103.0,1108.0,1075.1,1086.05,1087.95,1084.42,2576905,279446002475000.0,116762.0,1407957.0,0.5464,-0.012480711627484764,0.007501041811362796,0.02308632687605794,1099.26,1029.98,0.020511716589289214,0.02145703801691035,0.030240360310676125,-0.29863933191640735,1088.9,1
2014-05-28,RELIANCE,EQ,1087.95,1089.6,1106.6,1084.75,1089.5,1088.9,1092.19,2594834,283406101970000.0,88315.0,1348011.0,0.5195000000000001,0.0008732018934693997,0.009736646884273004,0.041511238641798176,1101.36,1037.41,0.020454375402565003,0.021320616817090216,0.020066121774267524,0.006957571194902368,1073.55,0
2014-05-29,RELIANCE,EQ,1088.9,1092.5,1093.4,1068.35,1079.0,1073.55,1076.31,6322422,680491364545000.0,120199.0,4240350.0,0.6707,-0.01409679493066407,-0.024754723837209336,0.019128536168596888,1095.91,1044.2975000000001,0.01833410967984577,0.021703030690705737,0.023333799077826074,1.436541990740063,1064.7,0
2014-05-30,RELIANCE,EQ,1073.55,1085.0,1089.7,1060.0,1066.0,1064.7,1071.85,3953091,423711519935000.0,101247.0,2545310.0,0.6439,-0.008243677518513293,-0.05565657013614789,-0.013481584433634453,1083.3600000000001,1051.1275,0.00865851594960184,0.021703604759628008,0.02789518174133563,-0.37475053073015374,1082.2,1
2014-06-02,RELIANCE,EQ,1064.7,1074.75,1088.25,1065.3,1082.9,1082.2,1077.17,2012972,216831712255000.03,105541.0,1073993.0,0.5335,0.01643655489809337,-0.017699918308069384,-0.03379313423507868,1079.46,1057.895,0.012570191033028961,0.021600142437408144,0.0212068009610054,-0.49078531205074716,1095.4,1
2014-06-03,RELIANCE,EQ,1082.2,1083.3,1102.0,1077.35,1098.0,1095.4,1091.77,2485694,271381220030000.03,74117.0,1324706.0,0.5329,0.012197375716133774,0.006847741164575538,0.014400148168727256,1080.95,1064.4975,0.013001004152495823,0.021497732324557976,0.02250319517984306,0.2348378417583552,1077.5,0
2014-06-04,RELIANCE,EQ,1095.4,1092.65,1101.8,1076.25,1078.25,1077.5,1088.33,2017568,219577455990000.0,68437.0,1146845.0,0.5684,-0.016341062625525038,-0.010469280925704871,-0.0008345697329377177,1078.67,1070.33,0.015268051728015828,0.022022595604805077,0.02371229698375866,-0.18832808865451656,1089.9,1
2014-06-05,RELIANCE,EQ,1077.5,1078.5,1094.9,1064.25,1092.1,1089.9,1080.15,4565820,493178338000000.0,118975.0,2690847.0,0.5893,0.01150812064965212,0.015229844907084011,-0.009901889534883579,1081.94,1076.81,0.0144737323544253,0.02199922735098761,0.028121846040921265,1.26303153103142,1122.4,1
2014-06-06,RELIANCE,EQ,1089.9,1107.4,1133.0,1104.1,1126.0,1122.4,1118.93,6701908,749897568545000.0,155276.0,3368644.0,0.5025999999999999,0.029819249472428755,0.054193669578284975,-0.004479134329681944,1093.48,1083.05,0.016826802518484812,0.021386772603883945,0.02574839629365653,0.46784323516914816,1122.65,1
2014-06-09,RELIANCE,EQ,1122.4,1130.0,1132.7,1112.1,1125.3,1122.65,1120.71,3085371,345779092315000.0,76498.0,1629335.0,0.5281,0.0002227369921596889,0.03737756422103122,0.01901606607969497,1101.5700000000002,1087.7475,0.017011998261058623,0.020583712960022253,0.018349441054647607,-0.5396279686322164,1118.3,0
2014-06-10,RELIANCE,EQ,1122.65,1130.45,1130.45,1100.45,1118.2,1118.3,1112.33,3602608,400730386335000.0,96462.0,2294352.0,0.6369,-0.0038747606110542954,0.020905605258352944,0.027896502596626682,1106.15,1090.4924999999998,0.017411834018587168,0.019467975931464918,0.026826432978628276,0.16764175199676146,1102.1,0
2014-06-11,RELIANCE,EQ,1118.3,1120.0,1120.0,1092.5,1096.0,1102.1,1104.58,3466329,382884987415000.0,91489.0,2053908.0,0.5925,-0.014486273808459349,0.02283062645011591,0.012122325282394986,1111.0700000000002,1093.3225,0.016874487932318886,0.019350782892947786,0.0249523636693585,-0.03782787358491402,1094.15,0
2014-06-12,RELIANCE,EQ,1102.1,1098.55,1113.5,1084.1,1095.7,1094.15,1099.04,2689818,295621846770000.0,74922.0,1384396.0,0.5147,-0.007213501497141617,0.003899440315625391,0.01918867309394079,1111.92,1095.3600000000001,0.017045132226553985,0.019442018509767196,0.02687017319380349,-0.22401537765168855,1081.9,0
2014-06-13,RELIANCE,EQ,1094.15,1100.3,1107.0,1072.7,1080.0,1081.9,1087.67,3348036,364154945840000.0,146066.0,1989419.0,0.5942000000000001,-0.011195905497418113,-0.036083392729864605,0.016154785385554593,1103.8200000000002,1095.4925,0.005812733317217044,0.018903794059785074,0.03170348461040757,0.2447072627218645,1065.45,0
2014-06-16,RELIANCE,EQ,1081.9,1084.0,1084.0,1057.15,1064.95,1065.45,1066.34,3285055,350298750860000.0,112424.0,2054749.0,0.6255,-0.015204732415195488,-0.05095087516144836,-0.015477730548881907,1092.3799999999999,1092.7625000000003,0.004825685218291028,0.016986367369213943,0.025200619456567562,-0.018811326998873334,1090.05,1
2014-06-17,RELIANCE,EQ,1065.45,1058.1,1093.3,1058.1,1093.3,1090.05,1074.37,3617320,388632705765000.0,105608.0,2204999.0,0.6096,0.023088835703223953,-0.025261557721541594,-0.004884060617126318,1086.73,1093.2725,0.016018719148237864,0.015946288856161277,0.0322920966928123,0.10114442528359491,1066.75,0
2014-06-18,RELIANCE,EQ,1090.05,1088.0,1101.65,1060.65,1062.1,1066.75,1082.7,4391701,475488798550000.0,131809.0,1794798.0,0.4087,-0.02137516627677627,-0.03207512929861167,-0.00997679814385155,1079.66,1092.69,0.017284609209012817,0.0166860836117294,0.038434497304898056,0.21407589043822495,1042.1,0
2014-06-19,RELIANCE,EQ,1066.75,1074.0,1074.95,1031.6,1040.25,1042.1,1048.5,5286280,554268473990000.0,152137.0,2862157.0,0.5414,-0.023107569721115606,-0.04757117397066235,-0.04385723460867985,1069.25,1089.7549999999999,0.018865447630137474,0.01663893559734254,0.041598694942903885,0.2036976105613748,1036.5,0
2014-06-20,RELIANCE,EQ,1042.1,1045.9,1049.4,1034.25,1038.35,1036.5,1040.52,2938456,305752927600000.0,109358.0,1652715.0,0.5624,-0.005373764513962098,-0.04196321286625393,-0.07653243050605851,1060.17,1085.2075,0.01891875163054357,0.015398392983266963,0.014616497829233084,-0.4441353844291259,1037.95,1
2014-06-23,RELIANCE,EQ,1036.5,1037.0,1044.9,1024.0,1041.65,1037.95,1034.06,3375785,349076156180000.0,100193.0,1772781.0,0.5251,0.0013989387361312833,-0.02581069031864469,-0.07544648821983702,1054.67,1082.02,0.01888168271127574,0.014786283271079784,0.020135844693867807,0.14882952135407157,1059.85,1
2014-06-24,RELIANCE,EQ,1037.95,1045.0,1062.8,1045.0,1061.1,1059.85,1055.58,2717888,286895448925000.0,83569.0,1368285.0,0.5034000000000001,0.021099282239028794,-0.027705151139856055,-0.05226683358669415,1048.6299999999999,1080.615,0.018146463192421282,0.01552585861641132,0.01679482945699859,-0.19488711514506996,1051.0,0
2014-06-25,RELIANCE,EQ,1059.85,1057.65,1059.35,1048.15,1048.65,1051.0,1052.85,2414935,254255775675000.0,75121.0,1431372.0,0.5927,-0.008350238241260466,-0.01476447152566207,-0.046366028491062417,1045.48,1078.7199999999998,0.0161137468461861,0.015598057378002976,0.010656517602283366,-0.1114663297383851,1011.9,0
2014-06-26,RELIANCE,EQ,1051.0,1025.0,1026.9,1006.7,1017.75,1011.9,1016.25,5595871,568679774955000.0,151538.0,2838082.0,0.5072,-0.03720266412940054,-0.028979944343153208,-0.07517250833980726,1039.44,1075.6375,0.021024649077252558,0.017327875713717075,0.01996244688210302,1.317193216380565,1012.1,1
2014-06-27,RELIANCE,EQ,1011.9,1010.0,1023.5,1007.2,1012.45,1012.1,1013.62,2108794,213750578460000.0,84105.0,1059013.0,0.5022,0.00019764798893184832,-0.023540762180414787,-0.06451612903225812,1034.56,1073.0075,0.02119228460488704,0.017291322822362308,0.016105127951783375,-0.623151784592604,1015.4,1
2014-06-30,RELIANCE,EQ,1012.1,1012.55,1020.0,1000.0,1013.6,1015.4,1011.25,4721740,477487881420000.0,135840.0,2376297.0,0.5033,0.0032605473767413073,-0.021725516643383624,-0.04697545637993339,1030.05,1069.6675,0.021339242428656226,0.01677980146083193,0.019696671262556628,1.239071241667038,1008.0,0
2014-07-01,RELIANCE,EQ,1015.4,1017.2,1020.55,1006.95,1007.9,1008.0,1011.51,2206576,223198302550000.0,71052.0,1167910.0,0.5293,-0.0072877683671459526,-0.048922017266594287,-0.07527177652401262,1019.6800000000001,1065.2975000000001,0.01604540996618311,0.01640971537224207,0.013492063492063402,-0.5326773604645745,1018.25,1
2014-07-02,RELIANCE,EQ,1008.0,1017.0,1027.35,1012.0,1017.7,1018.25,1019.31,2810085,286434616580000.0,92700.0,1528178.0,0.5438000000000001,0.010168650793650702,-0.031160799238820203,-0.04546519803140381,1013.1300000000001,1062.335,0.018443896596610214,0.016432822164296184,0.015074883378345111,0.27350474218880283,1006.5,0
2014-07-03,RELIANCE,EQ,1018.25,1020.0,1025.0,1003.5,1004.9,1006.5,1010.58,2645940,267394725065000.0,90143.0,1553936.0,0.5872999999999999,-0.011539405843358663,-0.005336495701156241,-0.03416178869590247,1012.05,1058.165,0.008586798959880439,0.016190691746932318,0.02136115250869349,-0.058412823811379355,1031.95,1
2014-07-04,RELIANCE,EQ,1006.5,1005.0,1036.8,1003.3,1034.7,1031.95,1019.09,2961779,301833091140000.0,99739.0,1308212.0,0.4417,0.025285643318430306,0.01961268649342962,-0.004389773275446207,1016.0200000000001,1053.6425000000002,0.014667668349317941,0.015719399962678963,0.03246281312079073,0.11936740818007974,1027.2,0
2014-07-07,RELIANCE,EQ,1031.95,1033.0,1037.0,1021.0,1025.5,1027.2,1026.93,3204529,329084289105000.0,76756.0,2046355.0,0.6386000000000001,-0.004602936188768836,0.011621036044908495,-0.010356953610482167,1018.3800000000001,1048.8700000000001,0.015176507295380746,0.015686970906721137,0.01557632398753894,0.08196087554135545,995.05,0
2014-07-08,RELIANCE,EQ,1027.2,1026.0,1034.5,990.0,994.0,995.05,1010.86,3996724,404010959570000.0,100532.0,2061070.0,0.5157,-0.03129867601246117,-0.012847222222222232,-0.061140727461433175,1015.7900000000002,1042.7075,0.021494074391398298,0.016805105661422674,0.04472137078538767,0.24721105660145382,1000.95,1
2014-07-09,RELIANCE,EQ,995.05,1002.0,1009.9,992.5,1000.0,1000.95,1001.21,3406611,341074846985000.0,131362.0,1804317.0,0.5297,0.00592935028390551,-0.01698993370979618,-0.04762131303520456,1012.3300000000002,1037.65,0.020951230321180462,0.016862431790725753,0.01738348568859581,-0.14764917467405803,997.2,0
2014-07-10,RELIANCE,EQ,1000.95,1000.25,1021.5,981.05,991.0,997.2,1000.52,4251670,425387109990000.0,110559.0,1623235.0,0.3818,-0.003746440881162938,-0.009239940387481327,-0.01452712718648086,1010.47,1032.8025000000002,0.02046416144961843,0.01685268446780538,0.04056357801845171,0.24806442531888728,966.5,0
2014-07-11,RELIANCE,EQ,997.2,995.2,1002.0,963.65,966.0,966.5,978.43,4065087,397741459815000.0,107511.0,2319663.0,0.5706,-0.03078620136381871,-0.06342361548524644,-0.04505483647860886,997.3799999999999,1027.0325,0.017070448280376842,0.01780518570374205,0.03967925504397312,-0.04388463827154976,961.75,0
2014-07-14,RELIANCE,EQ,966.5,968.6,974.9,958.5,963.6,961.75,967.72,3146395,304484366465000.0,92736.0,1931585.0,0.6139,-0.004914640455250918,-0.06371690031152655,-0.0528363206618081,984.2900000000002,1021.8474999999999,0.017033096267077236,0.01765721151563978,0.017052248505328806,-0.2259956551975394,972.2,1
2014-07-15,RELIANCE,EQ,961.75,963.4,980.0,963.05,973.4,972.2,971.55,3507637,340782968710000.0,113219.0,1948512.0,0.5555,0.01086560956589544,-0.022963670167328143,-0.035515873015873,979.72,1015.9549999999999,0.01609792552176899,0.016827391049776857,0.017434684221353677,0.11481139526346817,989.7,1
2014-07-16,RELIANCE,EQ,972.2,974.0,993.0,974.0,989.4,989.7,985.46,3190489,314411201720000.0,106097.0,1715427.0,0.5377000000000001,0.018000411437975705,-0.011239322643488703,-0.028038301006628963,977.47,1012.1025,0.018746088711058522,0.017180497477012353,0.019197736687885218,-0.090416425644957,982.5,0
2014-07-17,RELIANCE,EQ,989.7,988.0,998.2,980.3,980.5,982.5,985.85,2154828,212433296365000.0,61278.0,1256013.0,0.5829,-0.007274931797514483,-0.014741275571600543,-0.023845007451564815,974.53,1009.1225000000001,0.018888672381171517,0.016588920353461035,0.018218829516539532,-0.3246088608987525,976.75,0
2014-07-18,RELIANCE,EQ,982.5,980.0,983.55,969.3,975.2,976.75,977.51,2133298,208531860405000.0,51879.0,966854.0,0.4532,-0.005852417302798951,0.010605276771857186,-0.05349096370948214,976.5799999999999,1006.135,0.011510576262345001,0.016593160624270825,0.014589198873816227,-0.00999151672430465,997.65,1
2014-07-21,RELIANCE,EQ,976.75,1000.0,1008.0,995.05,996.0,997.65,1001.72,3883004,388968301635000.0,112035.0,1944645.0,0.5008,0.021397491681597103,0.03732778788666491,-0.02876752336448607,983.76,1004.1200000000001,0.013334967427957804,0.01744241262482906,0.012980504184834407,0.8201882718682527,1030.95,1
2014-07-22,RELIANCE,EQ,997.65,1004.0,1033.9,1001.1,1030.0,1030.95,1024.62,6512321,667265893225000.0,155954.0,3702533.0,0.5685,0.03337843933243123,0.060429952684632804,0.03607858901562744,995.51,1002.675,0.017829488311781185,0.01847747448356906,0.03181531597070669,0.6771347647336958,1033.25,1
2014-07-23,RELIANCE,EQ,1030.95,1035.05,1039.8,1021.05,1031.0,1033.25,1030.23,3136481,323129985465000.0,101366.0,1655271.0,0.5277000000000001,0.002230952034531164,0.04400323330302114,0.03226934412308302,1004.22,1001.7875,0.01788185344528559,0.018413904683142076,0.01814662472780063,-0.5183773957088418,1041.05,1
2014-07-24,RELIANCE,EQ,1033.25,1030.0,1043.2,1024.0,1039.25,1041.05,1033.42,2211291,228519895450000.0,70200.0,1107095.0,0.5007,0.007548995886764942,0.05959287531806612,0.04397312474929804,1015.93,1003.2450000000001,0.015644238996906926,0.016346411040308602,0.018442918207578932,-0.2949770778142766,1021.85,0
2014-07-25,RELIANCE,EQ,1041.05,1041.9,1043.3,1007.05,1020.0,1021.85,1023.08,3093322,316470863870000.0,89940.0,1570369.0,0.5077,-0.018442918207578818,0.04617353468134122,0.05726849456802907,1024.95,1003.7325000000001,0.019677382644849334,0.016947812074549432,0.035474874003033716,0.39887604119041775,1005.6,0
2014-07-28,RELIANCE,EQ,1021.85,1021.0,1023.55,1001.6,1004.0,1005.6,1008.48,2142490,216065065530000.03,61462.0,1179194.0,0.5504,-0.015902529725497883,0.007968726507292079,0.045593969326748196,1026.5400000000002,1003.2425,0.02093790105248985,0.01732786757083868,0.02182776451869524,-0.307382160667399,1006.15,1
2014-07-30,RELIANCE,EQ,1005.6,1004.0,1011.0,993.0,1006.0,1006.15,1003.09,4255466,426861015680000.0,140062.0,2944448.0,0.6919,0.0005469371519490895,-0.024055482807119666,0.034920798189672864,1021.5799999999999,1003.15,0.011618057469284277,0.017250972328904438,0.017889976643641604,0.9862244397873503,1006.45,1
2014-07-31,RELIANCE,EQ,1006.15,1007.95,1019.9,1002.0,1005.0,1006.45,1010.49,4051138,409361789615000.0,89055.0,2766837.0,0.6829999999999999,0.00029816627739398527,-0.025937575610936348,0.016924320501161993,1016.22,1002.5600000000001,0.011354652867320646,0.01708665152169229,0.01778528491231554,-0.04801542298775274,976.3,0
2014-08-01,RELIANCE,EQ,1006.45,995.0,999.0,975.0,976.0,976.3,987.58,3617603,357268694265000.0,89176.0,2121463.0,0.5864,-0.02995677877688918,-0.062196820517746554,-0.0063104325699746555,1003.2699999999999,1001.05,0.01309071257357625,0.018177570475355825,0.02458260780497798,-0.1070156089474118,985.0,1
2014-08-04,RELIANCE,EQ,976.3,981.0,989.7,976.05,984.4,985.0,983.3,3353808,329781242645000.0,73597.0,1911419.0,0.5699000000000001,0.008911195329304622,-0.036062044331359844,0.008446378295367207,995.9,998.7025,0.015567683108130234,0.017259627896231537,0.013857868020304661,-0.07291983116997636,983.85,0
2014-08-05,RELIANCE,EQ,985.0,985.1,987.85,971.0,983.55,983.85,979.33,2796475,273867671825000.0,78452.0,1441993.0,0.5156000000000001,-0.0011675126903553101,-0.021628878281622965,-0.013832506390016541,991.55,996.5349999999999,0.014893378593059657,0.017251375407982238,0.01712659450119431,-0.16617916112073206,988.15,1
2014-08-06,RELIANCE,EQ,983.85,984.9,998.6,979.5,990.05,988.15,989.54,3739249,370012975755000.0,70656.0,1888075.0,0.5049,0.004370584946892242,-0.01788997664364156,-0.04151510742519038,987.95,996.1899999999999,0.015295515609025166,0.0158512597013553,0.019329049233416003,0.3371294218614507,989.3,1
2014-08-07,RELIANCE,EQ,988.15,989.0,996.7,983.35,990.0,989.3,990.17,2478789,245443000690000.0,50217.0,1344606.0,0.5424,0.0011637909224306853,-0.01704009141040297,-0.04253568836196475,984.5200000000001,995.6074999999998,0.015354165256502723,0.015789523287892276,0.013494389972707998,-0.33708907858235704,980.5,0
2014-08-08,RELIANCE,EQ,989.3,979.55,983.5,973.1,981.25,980.5,978.7,2084325,203992696270000.0,46703.0,1122945.0,0.5388000000000001,-0.008895178408976023,0.004301956365871273,-0.05816243215983863,985.36,994.7724999999998,0.0066428755351656855,0.01588748278414061,0.010606833248342658,-0.15913577154005443,980.5,0
2014-08-11,RELIANCE,EQ,980.5,985.15,987.25,977.4,979.25,980.5,981.42,1530775,150234042175000.0,46412.0,725260.0,0.4738,0.0,-0.004568527918781706,-0.04046582179380542,984.46,995.4724999999999,0.004920431361534428,0.014226051778768511,0.010045894951555352,-0.2655775850695069,984.4,1
2014-08-12,RELIANCE,EQ,980.5,986.0,986.95,976.35,983.75,984.4,982.06,2184401,214522103270000.0,37034.0,1293764.0,0.5922999999999999,0.003977562468128415,0.0005590283071605917,-0.021081941129673876,984.57,996.6049999999999,0.0053694866058730485,0.014176416393762454,0.010767980495733465,0.4269902500367462,990.15,1
2014-08-13,RELIANCE,EQ,984.4,983.3,996.6,980.0,989.5,990.15,988.75,3226166,318987773575000.0,63261.0,1975250.0,0.6123,0.005841121495327117,0.0020239842129230468,-0.01590220146101473,984.9699999999999,997.5024999999999,0.005690934686700026,0.014041105910239243,0.016765136595465358,0.4769110616594663,1002.95,1
2014-08-14,RELIANCE,EQ,990.15,995.0,1005.0,991.75,1001.2,1002.95,997.42,2757188,275007003475000.0,68681.0,1576236.0,0.5717,0.012927334242286648,0.013797634691195881,-0.003477569675592429,987.7,998.165,0.008028242653831159,0.013761022211836792,0.013211027468966548,-0.14536697739669935,1013.05,1
2014-08-18,RELIANCE,EQ,1002.95,1001.1,1015.45,997.5,1012.5,1013.05,1010.55,1747178,176561337710000.0,48152.0,896917.0,0.5134000000000001,0.010070292636721545,0.033197348291687856,0.03764211820137242,994.21,999.6924999999999,0.005076524806650902,0.013774882589803293,0.01771877005083663,-0.3663188727065402,1009.3,0
2014-08-19,RELIANCE,EQ,1013.05,1015.0,1023.0,1006.1,1007.1,1009.3,1013.03,3328022,337138622160000.0,79679.0,2212099.0,0.6647,-0.0037016929075563976,0.029372768995410414,0.02467005076142126,999.97,1001.32,0.0063764567511027615,0.013721751344186786,0.016744278212622588,0.904798480750101,998.35,0
2014-08-20,RELIANCE,EQ,1009.3,1011.0,1018.45,995.35,996.6,998.35,1005.7,2976628,299359127255000.0,82315.0,1977210.0,0.6642,-0.01084910333894773,0.014171068671271936,0.014738019006962366,1002.76,1001.3549999999999,0.009914912041512574,0.01317266333168761,0.02313817799368961,-0.10558644143578377,995.1,0
2014-08-21,RELIANCE,EQ,998.35,1000.0,1004.0,990.1,994.35,995.1,996.77,3760015,374785853420000.0,67771.0,2601624.0,0.6919,-0.0032553713627485603,0.0049992425390092965,0.007033345139908054,1003.75,999.5625,0.010064039085793133,0.010600013026241641,0.013968445382373608,0.2631793425312132,998.3,1
2014-08-22,RELIANCE,EQ,995.1,1000.1,1007.0,995.3,997.8,998.3,1000.91,1959327,196110250950000.0,56172.0,1091150.0,0.5569,0.0032157572103306276,-0.004636322847599628,0.009097341554634486,1002.82,997.8150000000002,0.007900452703145518,0.010621569473193013,0.011719923870580032,-0.478904472455562,995.8,0
2014-08-25,RELIANCE,EQ,998.3,1000.0,1008.5,993.45,995.5,995.8,1002.67,1704141,170869820405000.0,57172.0,803365.0,0.4714,-0.002504257237303409,-0.017027787374759407,0.015604283528811713,999.3699999999999,995.5525,0.005004245267224718,0.010398104375876622,0.015113476601727209,-0.13024165950859656,993.35,0
2014-08-26,RELIANCE,EQ,995.8,996.0,996.95,983.0,992.35,993.35,989.6,2182560,215985851470000.0,51307.0,1195859.0,0.5479,-0.0024603334002810673,-0.015803031804220713,0.013105558388577299,996.18,994.1274999999999,0.005017485660895426,0.00967013698200945,0.014043388533749479,0.2807390937721703,993.7,1
2014-08-27,RELIANCE,EQ,993.35,997.2,1001.8,986.85,997.0,993.7,992.74,1918182,190426297690000.0,54097.0,1090604.0,0.5686,0.00035234308149201254,-0.004657685180547877,0.009447379114181365,995.25,993.5324999999999,0.002695332264876654,0.009047336615274518,0.015044782127402567,-0.12113206509786667,998.7,1
2014-08-28,RELIANCE,EQ,993.7,994.6,1004.0,994.6,1000.0,998.7,999.19,3637682,363473097515000.0,78442.0,2248840.0,0.6182,0.005031699708161419,0.0036177268616219838,0.00863505529465236,995.97,993.1600000000001,0.003371380924983666,0.009131293161269717,0.009412235906678659,0.8964217159789842,1014.1,1
2014-09-01,RELIANCE,EQ,998.7,1004.35,1021.0,995.6,1016.4,1014.1,1010.61,3702468,374175805940000.0,116382.0,2334118.0,0.6304,0.015420046059877901,0.015826905739757757,0.01111720424746987,999.1300000000001,993.5424999999999,0.007506107048909912,0.009788584965011343,0.025046839562173333,0.017809693095768075,1023.8,1
2014-09-02,RELIANCE,EQ,1014.1,1018.5,1031.55,1010.6,1024.0,1023.8,1020.64,3784599,386270572035000.0,93816.0,2045801.0,0.5406000000000001,0.009565131643822111,0.028118096003213466,0.010611519668328295,1004.7299999999999,995.9174999999999,0.007158626895891469,0.0068936872919028854,0.020462981050986456,0.022182771059736428,1031.25,1
2014-09-03,RELIANCE,EQ,1023.8,1025.15,1035.95,1021.1,1032.35,1031.25,1028.81,5011067,515541380585000.06,137075.0,3226059.0,0.6437999999999999,0.0072768118773198776,0.038153722252982414,0.02174774596254836,1012.3100000000001,998.2299999999999,0.0055726778100771346,0.00682176017520669,0.014400000000000022,0.32406815094545016,1025.9,0
2014-09-04,RELIANCE,EQ,1031.25,1029.0,1033.9,1018.1,1024.95,1025.9,1025.52,2136513,219104442730000.03,50591.0,1078695.0,0.5049,-0.005187878787878741,0.03240414612055953,0.027595532628837738,1018.75,1000.3325000000001,0.007554750651609846,0.006987133761751675,0.015401111219417162,-0.5736411027830999,1025.65,0
2014-09-05,RELIANCE,EQ,1025.9,1027.7,1033.45,1020.6,1022.85,1025.65,1026.18,2075273,212959597625000.0,49915.0,887969.0,0.4279,-0.0002436884686616292,0.026985080604786216,0.030700432117375165,1024.14,1002.2075000000001,0.008142799164227377,0.006985017671262435,0.012528640374396745,-0.02866352790738924,1037.7,1
2014-09-08,RELIANCE,EQ,1025.65,1033.9,1039.35,1028.0,1035.5,1037.7,1034.84,3174286,328487965565000.0,54794.0,2047348.0,0.645,0.011748647199336881,0.023271866679814623,0.03946709405990201,1028.8600000000001,1004.6275000000002,0.007109497913053239,0.00732027255908996,0.010937650573383357,0.5295751450532051,1033.0,0
2014-09-09,RELIANCE,EQ,1037.7,1032.1,1041.3,1028.2,1030.0,1033.0,1034.4,2095351,216743308235000.0,46101.0,952682.0,0.4547,-0.004529247374000289,0.008986130103535883,0.03735689897569805,1030.7000000000003,1007.2525000000002,0.007450447947738176,0.007024311230905864,0.012681510164569127,-0.3398984842575622,1015.85,0
2014-09-10,RELIANCE,EQ,1033.0,1028.15,1029.1,1012.6,1016.7,1015.85,1019.2,2162176,220369003595000.0,64477.0,1289680.0,0.5965,-0.016602129719264225,-0.014933333333333354,0.02265062666733786,1027.62,1009.0200000000001,0.010213426143802369,0.0082296396462286,0.01624255549539783,0.03189203145439601,1019.4,1
2014-09-11,RELIANCE,EQ,1015.85,1020.3,1030.0,1008.0,1015.2,1019.4,1016.88,2427349,246832403515000.0,77130.0,1256154.0,0.5175,0.003494610424767286,-0.006335900185203358,0.02586293649994964,1026.3200000000002,1010.7700000000001,0.010475296849946534,0.008223634627074143,0.02158132234647832,0.12264172759294345,1015.6,0
2014-09-12,RELIANCE,EQ,1019.4,1018.5,1024.0,1011.45,1015.75,1015.6,1015.51,2000076,203109525350000.0,46314.0,1060334.0,0.5301,-0.0037276829507553177,-0.00979866426168774,0.016921998598177668,1024.31,1012.0425000000001,0.010509408819851478,0.008253256402460597,0.01235722725482469,-0.17602454364823517,1002.75,0
2014-09-15,RELIANCE,EQ,1015.6,1009.1,1012.0,1001.0,1001.6,1002.75,1005.43,1997452,200830296890000.0,94119.0,1292838.0,0.6472,-0.012652619141394261,-0.033680254408788746,-0.011192190119317602,1017.3199999999999,1012.0325,0.007920058284448308,0.008338490896225325,0.010969832959361756,-0.0013119501458944693,979.4,0
2014-09-16,RELIANCE,EQ,1002.75,1001.4,1004.15,976.5,979.0,979.4,988.51,3027126,299235698965000.0,93328.0,1838465.0,0.6073,-0.023285963600099713,-0.051887705711519905,-0.04336784528228166,1006.6,1010.3500000000001,0.010571766987764655,0.009480757062123077,0.028231570349193363,0.5154937390235159,988.65,1
2014-09-17,RELIANCE,EQ,979.4,984.9,990.55,978.95,989.0,988.65,985.92,2488647,245359453625000.0,114397.0,1523092.0,0.612,0.009444557892587246,-0.026775606634837912,-0.04130909090909096,1001.1600000000001,1009.3174999999999,0.012988118811952356,0.00978159057970456,0.011733171496485013,-0.17788456773850836,1004.9,1
2014-09-18,RELIANCE,EQ,988.65,985.0,1010.0,983.7,1004.0,1004.9,1002.04,2077617,208185599120000.0,55396.0,981015.0,0.4722,0.01643655489809337,-0.01422405336472432,-0.02046983136757985,998.26,1009.6450000000001,0.01610570096816811,0.010226457570278224,0.026171758383918754,-0.16516203382801975,995.45,0
2014-09-19,RELIANCE,EQ,1004.9,1006.0,1015.8,991.0,993.95,995.45,999.3,3924732,392200328485000.0,73339.0,2457568.0,0.6262,-0.00940392078813801,-0.019840488381252408,-0.02944474235850436,994.2299999999999,1009.6625000000001,0.016388787805368062,0.01043175430336742,0.024913355768747755,0.8890546236385244,991.55,0
2014-09-22,RELIANCE,EQ,995.45,993.0,996.0,987.7,990.0,991.55,991.51,1805858,179051900375000.0,53698.0,1108105.0,0.6136,-0.003917826108795097,-0.011169284467713814,-0.04447335453406576,991.99,1009.325,0.015671368952863918,0.010440464749933289,0.00837073269124094,-0.5398773725186841,965.85,0
2014-09-23,RELIANCE,EQ,991.55,991.7,995.45,963.05,963.85,965.85,977.19,4044643,395236521720000.0,97530.0,2784048.0,0.6883,-0.0259190156825172,-0.013835001021033189,-0.06500484027105513,989.2800000000001,1007.8275,0.01657741252252309,0.011911343964856451,0.03354558161205166,1.239734796423639,965.05,0
2014-09-24,RELIANCE,EQ,965.85,968.5,974.1,955.4,965.5,965.05,967.08,3518809,340295889005000.0,75836.0,2089474.0,0.5938,-0.0008282859657297026,-0.02387093511353866,-0.0500073829797707,984.5600000000001,1006.4125,0.015286643720271057,0.011909706034463164,0.019377234340189675,-0.13000751858693094,929.85,0
2014-09-25,RELIANCE,EQ,965.05,966.1,967.8,922.65,934.1,929.85,939.73,7564288,710840561965000.0,135104.0,4463436.0,0.5901,-0.03647479405212162,-0.07468404816399632,-0.08784579164214235,969.55,1003.22,0.015287929490552968,0.014246104177861759,0.048556218744958836,1.1496728012233683,933.25,1
2014-09-26,RELIANCE,EQ,929.85,929.0,941.65,917.3,933.05,933.25,930.23,3635611,338195923740000.0,118129.0,1995559.0,0.5489,0.0036565037371618647,-0.062484303581294975,-0.081085072863332,957.11,999.9475,0.017504160503391528,0.014207458358964146,0.0260916153227967,-0.5193716844202654,933.15,0
2014-09-29,RELIANCE,EQ,933.25,936.95,942.7,929.6,933.35,933.15,936.3,2852977,267125614060000.0,69942.0,1522041.0,0.5335,-0.00010715242432357552,-0.058897685441984704,-0.06940912490650708,945.43,995.9,0.01805620564660705,0.013540006967602655,0.01403847184268341,-0.21526890528167064,945.7,1
2014-09-30,RELIANCE,EQ,933.15,928.0,948.45,925.05,944.0,945.7,936.15,4032700,377521327445000.0,79889.0,2239377.0,0.5553,0.013449070353105164,-0.020862452761815975,-0.0344088217275883,941.4,991.9950000000001,0.018992760615645265,0.01377162482713191,0.024743576186951558,0.4135059623684314,927.2,0
2014-10-01,RELIANCE,EQ,945.7,943.6,945.6,926.0,927.25,927.2,933.08,1978672,184625717455000.0,45796.0,992299.0,0.5015,-0.019562229036692358,-0.03922076576343181,-0.06215546452232834,933.8299999999999,986.7925000000001,0.020015918167814572,0.01393508361097339,0.02113891285591029,-0.5093431199940486,926.15,0
2014-10-07,RELIANCE,EQ,927.2,927.25,934.9,923.45,924.75,926.15,928.25,2835389,263194791015000.0,91932.0,1957902.0,0.6905,-0.0011324417601381587,-0.003979136419852702,-0.07836600656781767,933.0899999999999,981.8050000000001,0.011994683950413738,0.013964905785020418,0.012363008152027136,0.4329757534346268,936.7,1
2014-10-08,RELIANCE,EQ,926.15,921.15,941.5,921.15,935.9,936.7,935.66,2246466,210192045120000.0,62550.0,1231443.0,0.5482,0.011391243319116784,0.0036967586391642993,-0.05901853433120696,933.78,977.3574999999998,0.013146774771398686,0.01440909395590993,0.02172520550870078,-0.20770448076084091,954.65,1
2014-10-09,RELIANCE,EQ,936.7,938.2,957.25,938.2,953.35,954.65,951.69,2552056,242877825280000.03,84120.0,1623125.0,0.636,0.019163019109640134,0.023040240047152105,-0.03721446220563762,938.0799999999999,973.2049999999999,0.015436674703705765,0.014932996529040392,0.019954957314198874,0.1360314378227847,960.65,1
2014-10-10,RELIANCE,EQ,954.65,947.0,969.0,936.1,961.25,960.65,955.59,3535189,337818032735000.0,69666.0,1949001.0,0.5513,0.00628502592573188,0.01580839589721883,-0.0053838587772429,941.07,969.5875,0.014733607591543463,0.015109678845471626,0.03424764482381718,0.3852317504004614,957.9,0
2014-10-13,RELIANCE,EQ,960.65,961.8,964.75,948.05,958.1,957.9,956.61,3173161,303547568685000.0,66698.0,1644610.0,0.5183,-0.0028626450840576467,0.033110440034512356,-0.007408942541837216,947.21,966.6899999999999,0.00908586984397315,0.014792335262715796,0.01743397014302124,-0.10240697173475022,961.25,1
2014-10-14,RELIANCE,EQ,957.9,979.0,979.0,958.6,960.45,961.25,966.93,4360890,421666572530000.0,126756.0,1982349.0,0.4546,0.003497233531683852,0.03789882848350712,0.03376888745496576,954.2300000000001,963.7824999999999,0.008307381768271517,0.01479239428094153,0.021222366710012982,0.3743046759997366,931.0,0
2014-10-16,RELIANCE,EQ,961.25,951.65,956.9,928.0,930.0,931.0,941.93,4347008,409458248705000.0,116464.0,2778311.0,0.6391,-0.03146944083224967,-0.00608519269776886,-0.00241092954728106,953.0899999999999,959.5525,0.018786101239658574,0.01612214893093702,0.031041890440386657,-0.0031832951530536002,937.9,1
2014-10-17,RELIANCE,EQ,931.0,936.0,940.65,925.2,937.7,937.9,935.08,3500356,327311575355000.0,91434.0,2315077.0,0.6614,0.007411385606874266,-0.017545697376001645,0.005090285591812682,949.74,956.3100000000001,0.016174331841533097,0.016193545587951316,0.016472971532146212,-0.19476660728482675,935.05,0
2014-10-20,RELIANCE,EQ,937.9,938.5,940.6,911.55,934.0,935.05,933.74,4843061,452214478775000.0,121404.0,2730532.0,0.5638000000000001,-0.003038703486512473,-0.026648623327955034,-0.011261499418420362,944.6200000000001,954.0925,0.015287774118724826,0.015490122265761696,0.03106785733383249,0.3835909833171254,929.35,0
2014-10-21,RELIANCE,EQ,935.05,934.25,937.0,927.1,928.0,929.35,930.83,4028045,374941824335000.0,67286.0,2883775.0,0.7159000000000001,-0.006095930698893026,-0.029804781292410487,0.0023188093183779124,938.9100000000001,951.1274999999999,0.015227565919037357,0.01526342250662629,0.01065260666056919,-0.16828530551236087,945.65,1
2014-10-22,RELIANCE,EQ,929.35,935.1,950.8,933.15,947.15,945.65,946.15,3059361,289462703295000.0,91435.0,1771102.0,0.5789,0.017539140259321018,-0.01622886866059825,0.021054904713059486,935.79,948.165,0.01837296351777225,0.015339032482028525,0.018664410722783246,-0.24048490024317004,952.7,1
2014-10-23,RELIANCE,EQ,945.65,949.5,954.5,949.0,952.5,952.7,952.09,565357,53826954900000.0,15906.0,235110.0,0.4159,0.007455189552159958,0.023308270676691834,0.01708124266040345,940.1299999999999,946.0274999999999,0.009436834407298091,0.015427005716342592,0.005773066022882334,-0.8152042207506731,941.35,0
2014-10-27,RELIANCE,EQ,952.7,963.95,963.95,936.8,942.6,941.35,945.52,2302432,217699329495000.0,45073.0,1489839.0,0.6470999999999999,-0.011913508974493614,0.0036784305363044556,-0.013931807468705815,940.82,943.5174999999999,0.011709105436869423,0.015580035823237666,0.028841557337865927,3.0725276241383765,934.05,0
2014-10-28,RELIANCE,EQ,941.35,941.1,942.0,926.1,933.7,934.05,932.08,5034195,469227138660000.06,92592.0,3482958.0,0.6919,-0.007754820205024826,-0.00106946152612164,-0.02768958517670328,940.6199999999999,941.9275,0.01227102315840503,0.0146428945763877,0.017022643327444974,1.1864684820224873,951.6,1
2014-10-29,RELIANCE,EQ,934.05,936.6,953.4,934.15,951.05,951.6,946.95,4004057,379163596205000.0,69953.0,2781715.0,0.6947,0.018789144050104456,0.0239414644644107,-0.006576886940181548,945.07,941.2550000000001,0.01415975033608034,0.015335819579903502,0.020229087852038672,-0.20462814809517704,979.25,1
2014-10-30,RELIANCE,EQ,951.6,948.0,981.55,947.1,978.0,979.25,969.04,7484984,725324066160000.0,135530.0,5611000.0,0.7495999999999999,0.02905632618747367,0.03553111616348548,0.018725617685305673,951.7900000000002,943.725,0.017327854833053113,0.014225373895532157,0.03517998468215464,0.8693500117505819,1000.55,1
2014-10-31,RELIANCE,EQ,979.25,981.85,1003.7,981.85,999.0,1000.55,995.38,3219842,320496171125000.0,88569.0,1648914.0,0.5121,0.021751340311462863,0.0502256743990761,0.074704618689581,961.36,947.0899999999999,0.018533220936454427,0.014851851334741307,0.021837989105991728,-0.5698264685669334,1002.35,1
2014-11-03,RELIANCE,EQ,1000.55,1004.0,1009.0,990.15,1001.45,1002.35,1001.88,2828980,283430785175000.0,68467.0,1483555.0,0.5244,0.0017990105442007298,0.06480055239815163,0.06871734726516698,973.5600000000001,950.55,0.01519671928026807,0.014832963893352497,0.018805806355065617,-0.12139167077142299,991.3,0
2014-11-05,RELIANCE,EQ,1002.35,1002.0,1008.5,988.4,989.0,991.3,996.8,3595614,358409177480000.0,104186.0,2228295.0,0.6197,-0.011024093380555766,0.0612922220437877,0.06015721084433978,985.01,952.8300000000002,0.0163266714564842,0.014993917376572583,0.020276404721073362,0.2709930787775099,980.5,0
2014-11-07,RELIANCE,EQ,991.3,990.45,995.35,978.05,981.55,980.5,983.5,2659263,261539327345000.0,92908.0,1782154.0,0.6702,-0.010894784626248266,0.03036990332072298,0.0550384677462743,990.79,955.4950000000001,0.018523674721641525,0.014438756433950619,0.017644059153493187,-0.26041477199721663,969.35,0
2014-11-10,RELIANCE,EQ,980.5,982.8,989.8,967.25,969.75,969.35,976.73,2396133,234036847605000.03,68833.0,1503611.0,0.6275000000000001,-0.011371749107598195,-0.010109777891243232,0.025062126579601385,988.8100000000001,957.655,0.014378163066309787,0.014766973567200968,0.023263011296229385,-0.09894846805299062,977.7,1
2014-11-11,RELIANCE,EQ,969.35,972.4,987.8,966.25,978.0,977.7,977.61,2308713,225701911990000.0,56178.0,1109728.0,0.4807,0.00861401970392528,-0.022837439408325277,0.02624120919491979,984.24,959.7050000000002,0.009250736881517348,0.014690692929648058,0.02204152603047965,-0.03648378449777201,974.05,0
2014-11-12,RELIANCE,EQ,977.7,981.95,983.0,968.7,971.55,974.05,975.11,2122642,206981167705000.0,54463.0,1115062.0,0.5253,-0.0037332515086427875,-0.02823365092033725,0.03473734530195993,978.5799999999999,960.675,0.008606075328034432,0.014186541761751327,0.014680971202710287,-0.08059511944533604,969.25,0
2014-11-13,RELIANCE,EQ,974.05,974.0,979.8,963.4,969.2,969.25,970.47,1609576,156204972390000.0,33615.0,681708.0,0.4235,-0.0049278784456650015,-0.02224351861192364,0.037685348750067016,974.1700000000001,961.1049999999999,0.008075514790233537,0.01419249123928527,0.016920299200412665,-0.2417110374712269,969.15,0
2014-11-14,RELIANCE,EQ,969.25,969.0,977.75,965.05,969.0,969.15,970.47,1925588,186873123330000.0,55455.0,1047621.0,0.5441,-0.00010317255610015064,-0.011575726670066344,0.018442622950819665,971.9,961.6675000000001,0.007334820494025125,0.0141710548521992,0.013104266625393433,0.1963324502850441,985.2,1
2014-11-17,RELIANCE,EQ,969.15,966.0,987.55,966.0,987.5,985.2,978.95,2337114,228791995450000.0,55781.0,1328874.0,0.5686,0.016560903884847544,0.01635116315056484,0.0060760786316058635,975.0699999999999,962.865,0.009121882665951816,0.014602287935420287,0.02187373122208684,0.21371446020644091,988.65,1
2014-11-18,RELIANCE,EQ,985.2,985.45,997.7,985.2,987.5,988.65,992.12,3065433,304126246885000.0,82296.0,1961523.0,0.6399,0.0035018270401947493,0.01119975452592814,-0.011893458597771245,977.26,965.7475000000001,0.00864909287949907,0.012394611902714561,0.012643503767764123,0.31163178176160855,978.15,0
2014-11-19,RELIANCE,EQ,988.65,988.65,992.0,976.5,976.8,978.15,982.36,1851368,181870093345000.0,54992.0,1108509.0,0.5988,-0.010620543164921892,0.004209229505672152,-0.024143263331171783,978.0799999999999,967.76,0.010243598882618499,0.012714734332393892,0.0158462403516843,-0.3960500849309053,980.75,1
2014-11-20,RELIANCE,EQ,978.15,978.0,983.7,970.3,979.45,980.75,976.59,2592595,253190967350000.0,85711.0,1538210.0,0.5933,0.002658079026734095,0.011864843951508997,-0.010642590537677799,980.3799999999999,970.0450000000001,0.009716123737284702,0.012655355661936317,0.013663013000254999,0.4003671879388646,997.7,1
2014-11-21,RELIANCE,EQ,980.75,980.2,1001.0,980.2,996.2,997.7,994.35,2683538,266836836530000.03,85389.0,1395207.0,0.5199,0.01728269181748665,0.02945880410669144,0.017542070372259078,986.0899999999999,973.4625,0.011536977902837389,0.012900394642874773,0.020847950285656964,0.035077981713302675,985.35,0
2014-11-24,RELIANCE,EQ,997.7,1000.2,1004.15,981.7,983.8,985.35,986.67,2840424,280257468095000.0,105725.0,1745071.0,0.6144,-0.012378470482108828,0.0001522533495736944,0.01650590601949764,986.1200000000001,975.4475,0.01208307419894939,0.012937559183079582,0.022783782412340723,0.05846237318048031,993.0,1
2014-11-25,RELIANCE,EQ,985.35,985.1,994.9,973.3,994.5,993.0,985.89,3338732,329163472445000.0,100706.0,2115191.0,0.6335000000000001,0.00776373877302472,0.0043999393111819884,0.015648972077324297,986.9900000000001,977.4625,0.012526238366281237,0.01294441641572998,0.021752265861027215,0.17543437176984855,987.05,0
2014-11-26,RELIANCE,EQ,993.0,991.95,993.0,982.6,986.2,987.05,987.34,3007076,296901922775000.0,78137.0,1874117.0,0.6232,-0.005991943605236694,0.009098808976128359,0.013346337457009305,988.7700000000001,979.7475000000001,0.011594581838932722,0.01267057027185289,0.010536446988501067,-0.09933591555117327,988.65,1
2014-11-27,RELIANCE,EQ,987.05,990.0,993.0,983.05,988.3,988.65,988.21,2806993,277389359295000.0,70045.0,1991674.0,0.7095,0.0016209918443848004,0.008055059903135264,0.020015475883415013,990.35,982.4775000000002,0.011586161367062291,0.012444612926342746,0.010064228999140288,-0.06653739380048929,991.6,1
2014-11-28,RELIANCE,EQ,988.65,989.7,1017.35,983.2,988.95,991.6,999.44,4773085,477042002800000.0,96629.0,2299255.0,0.4817,0.002983866889192388,-0.006114062343389848,0.02316462879843173,989.1299999999999,984.4775,0.007964487979442115,0.0118723647774458,0.034439290036304936,0.7004263993533293,961.6,0
2014-12-01,RELIANCE,EQ,991.6,989.0,991.95,958.55,962.95,961.6,971.38,3973275,385954618540000.0,107929.0,2400394.0,0.6041,-0.03025413473174665,-0.024103110569848263,-0.023954526999593995,984.3799999999999,983.5949999999999,0.015074779884642437,0.012194933331230822,0.034733777038269645,-0.16756667857371066,962.65,1
2014-12-02,RELIANCE,EQ,961.6,962.0,971.25,958.0,963.2,962.65,963.53,2160807,208200398605000.0,74329.0,1044011.0,0.4832,0.0010919301164724615,-0.030563947633434063,-0.026298487836949325,978.3100000000001,981.7,0.013939939261479262,0.010996913479467461,0.013764088713447255,-0.4561647507408876,968.35,1
2014-12-03,RELIANCE,EQ,962.65,958.55,974.0,958.55,966.75,968.35,967.87,2237796,216589335590000.0,53340.0,1275018.0,0.5698,0.0059211551446527455,-0.018945342181247105,-0.010018913254613238,974.5699999999999,980.0,0.014946860984228698,0.011107395206010512,0.01595497495740181,0.03562974388735318,958.55,0
2014-12-04,RELIANCE,EQ,968.35,968.1,974.95,955.7,957.9,958.55,964.05,2463051,237451051680000.03,48124.0,1465678.0,0.5951,-0.01012030773997008,-0.030445557072776075,-0.022635737955646218,968.55,978.3625,0.014818322819331873,0.011069087276373658,0.020082416149392313,0.1006593094276691,957.35,0
2014-12-05,RELIANCE,EQ,958.55,961.0,967.0,955.1,956.9,957.35,960.49,2296865,220612267835000.0,60064.0,1334187.0,0.5809000000000001,-0.0012518908768451853,-0.03454013715207749,-0.040443018943570275,961.7,977.2049999999999,0.01428231011496116,0.01085170593356762,0.012430145714733354,-0.06747160330825464,944.6,0
2014-12-08,RELIANCE,EQ,957.35,960.0,962.85,942.25,944.1,944.6,951.53,2340414,222697895080000.03,82516.0,1514966.0,0.6473000000000001,-0.013318013265785744,-0.01767886855241263,-0.04135586339879227,958.3,975.9675,0.007986137448335165,0.010956530755569417,0.021808172771543535,0.018960191391309555,939.85,0
2014-12-09,RELIANCE,EQ,944.6,941.0,950.7,931.0,939.75,939.85,940.54,2422696,227863363975000.0,64424.0,1150009.0,0.4747,-0.005028583527418973,-0.023684620578611093,-0.05352467270896266,953.7400000000001,974.075,0.007557091553073622,0.010733487354128513,0.020960791615683403,0.03515702777371876,932.55,0
2014-12-10,RELIANCE,EQ,939.85,931.45,940.95,930.0,931.4,932.55,934.48,3027071,282873970035000.0,69131.0,1938978.0,0.6405,-0.007767196893121331,-0.0369701037847886,-0.055215034699356624,946.5799999999999,972.0,0.004635013833456795,0.010807060194423764,0.011741997748110071,0.2494638204710784,906.15,0
2014-12-11,RELIANCE,EQ,932.55,929.0,929.0,903.35,906.0,906.15,913.18,5170702,472176960490000.0,122251.0,3208061.0,0.6204,-0.028309474022840564,-0.05466590162224194,-0.08344712486724326,936.1,968.845,0.010559762908302557,0.01228987979328055,0.028306571759642418,0.7081535253054851,882.35,0
2014-12-12,RELIANCE,EQ,906.15,907.0,911.0,879.35,883.15,882.35,893.67,4085890,365145383350000.0,91513.0,2346306.0,0.5742,-0.02626496716879101,-0.07834125450462215,-0.11017547398144412,921.1,964.5049999999999,0.010631816019615497,0.013285055878013369,0.0358701195670652,-0.20979975252876693,878.8,0
2014-12-15,RELIANCE,EQ,882.35,877.95,881.8,872.0,881.4,878.8,877.27,2891112,253629766760000.0,61690.0,1659479.0,0.574,-0.004023346744489231,-0.06965911496929922,-0.08610648918469221,907.9399999999999,959.1850000000001,0.011975702674407058,0.012322184878061616,0.011151570323167905,-0.2924156059022637,864.6,0
2014-12-16,RELIANCE,EQ,878.8,876.8,883.25,859.7,867.0,864.6,871.92,4774252,416277217390000.0,95487.0,2999219.0,0.6282,-0.016158397815202452,-0.08006596797361276,-0.10185425647950963,892.89,952.9825000000001,0.01080351296764709,0.012339936901068793,0.02723802914642604,0.6513549111898813,869.5,1
2014-12-17,RELIANCE,EQ,864.6,865.25,874.9,864.45,871.6,869.5,870.08,4749947,413282040735000.0,110568.0,2951528.0,0.6214000000000001,0.005667360629192597,-0.06761031580076127,-0.10208085919347343,880.28,947.55,0.014543226808022164,0.012596018255782424,0.01201840138010343,-0.00509084983364938,880.1,1
2014-12-18,RELIANCE,EQ,869.5,881.55,884.8,864.65,880.25,880.1,876.6,3422050,299977066635000.0,77641.0,1770464.0,0.5174000000000001,0.012190914318573887,-0.028747999779285993,-0.08184236607375717,875.07,942.5174999999999,0.015687632583260412,0.013102845522012284,0.022895125553914302,-0.2795603824632149,900.55,1
2014-12-19,RELIANCE,EQ,880.1,885.1,908.4,882.5,900.45,900.55,899.32,4588473,412651815640000.0,107582.0,2800249.0,0.6103000000000001,0.023235995909555607,0.020626735422451414,-0.05933044341150051,878.7099999999998,937.6600000000001,0.015086941887638285,0.013697415230140009,0.028760202098717425,0.34085504302976277,904.9,1
2014-12-22,RELIANCE,EQ,900.55,902.0,906.8,891.0,904.75,904.9,898.63,1898416,170597739875000.0,53810.0,994495.0,0.5239,0.004830381433568398,0.029699590350477978,-0.04202837179758634,883.93,933.6375,0.014386358972815207,0.013751218730502791,0.017460492872140517,-0.5862641013687996,893.75,0
2014-12-23,RELIANCE,EQ,904.9,902.35,904.15,891.8,894.0,893.75,897.15,2419143,217032761305000.03,79030.0,1562286.0,0.6458,-0.012321803514200425,0.03371501272264621,-0.04905038037984788,889.76,928.675,0.012941966734112407,0.013566849432038305,0.013818181818181844,0.2742955179475941,884.15,0
2014-12-24,RELIANCE,EQ,893.75,893.75,897.15,880.0,886.0,884.15,886.83,5138493,455698327995000.0,46204.0,3632601.0,0.7069,-0.010741258741258752,0.01684876365727428,-0.05190070237520772,892.6899999999999,923.53,0.015165220562522163,0.013623561527895433,0.01939716111519536,1.1240964258830504,888.85,1
2014-12-26,RELIANCE,EQ,884.15,886.6,892.65,880.1,889.7,888.85,885.42,1117804,98972663750000.0,23646.0,377986.0,0.3382,0.005315840072386058,0.009942052039541016,-0.01909176184958339,894.4399999999999,918.54,0.014468990418508706,0.013748273866170013,0.014119367722337801,-0.7824646253288658,897.0,1
2014-12-29,RELIANCE,EQ,888.85,888.5,899.05,886.95,897.5,897.0,895.1,1584461,141824467540000.0,32127.0,856901.0,0.5408,0.009169151150362875,-0.003942035422797141,0.016603388677962183,893.7299999999999,913.8100000000001,0.010000706462671021,0.01400952442056979,0.013489409141582953,0.41747658802437626,880.15,0
2014-12-30,RELIANCE,EQ,897.0,897.1,898.4,877.1,882.2,880.15,882.21,2657831,234477496520000.0,52295.0,1585020.0,0.5964,-0.018784838350055733,-0.027351088518068334,0.0015361857077833552,888.78,909.7375,0.012069148266783482,0.013124113582118919,0.024200420382889228,0.6774354181011712,891.15,1
2014-12-31,RELIANCE,EQ,880.15,880.0,893.9,879.05,892.05,891.15,888.28,1934955,171877495620000.0,43317.0,1195047.0,0.6176,0.012497869681304286,-0.0029090909090909722,0.030707841776544065,888.26,906.1625,0.01355986187418376,0.013611057244287343,0.016663861302811,-0.27197967064121087,887.9,0
2015-01-01,RELIANCE,EQ,891.15,886.3,892.0,883.65,888.0,887.9,887.62,677439,60130585235000.0,16263.0,286377.0,0.4227,-0.00364697301239969,0.004241361759882434,0.02116158711903382,889.01,902.1400000000001,0.012555440938783248,0.013419562517381136,0.009404212186057014,-0.6498941835856649,885.55,0
2015-01-02,RELIANCE,EQ,887.9,888.1,896.05,884.3,884.95,885.55,889.39,1675827,149046112025000.0,31269.0,1048543.0,0.6257,-0.002646694447572928,-0.0037126624289813837,0.006192478127485357,888.35,898.49,0.012360400366970557,0.01335112540022928,0.013268590141719836,1.473768117867439,875.85,0
2015-01-05,RELIANCE,EQ,885.55,885.0,890.9,874.1,875.55,875.85,881.88,2309591,203678122275000.0,67035.0,1393132.0,0.6032000000000001,-0.010953644627632486,-0.02357859531772577,-0.027427683082560605,884.1199999999999,894.415,0.011603686467511061,0.013427110290747857,0.019181366672375355,0.3781798479198628,836.1,0
2015-01-06,RELIANCE,EQ,875.85,870.0,873.0,832.0,832.5,836.1,847.6,4258043,360913301650000.0,120767.0,2353273.0,0.5527000000000001,-0.04538448364445968,-0.05004828722376864,-0.07603050060780192,875.3100000000001,888.9900000000001,0.02152645888362086,0.016185217798242422,0.049037196507594784,0.8436350851730892,854.3,1
2015-01-07,RELIANCE,EQ,836.1,837.1,858.8,837.0,858.0,854.3,849.81,4736315,402497209585000.0,125939.0,2885468.0,0.6092000000000001,0.021767731132639634,-0.041351063232901386,-0.044139860139860154,867.9399999999999,884.7125,0.024186250502611646,0.01733435649925384,0.02551796792695769,0.11232202211203601,842.05,0
2015-01-08,RELIANCE,EQ,854.3,860.1,862.9,840.15,843.0,842.05,845.7,4542457,384157419675000.0,77800.0,2663830.0,0.5864,-0.014339225096570263,-0.05163869805158239,-0.04761635469094616,858.7700000000001,880.1875,0.024158722104235055,0.017459072030787448,0.02701739801674485,-0.04093013239195453,860.3,1
2015-01-09,RELIANCE,EQ,842.05,848.4,862.0,845.0,861.5,860.3,852.15,3061366,260874082690000.0,56795.0,1697823.0,0.5546,0.021673297310135897,-0.028513353283270315,-0.03212015525679257,853.7199999999999,877.8949999999999,0.02819818043125965,0.0175158353553135,0.019760548645821226,-0.32605504025684773,850.3,0
2015-01-12,RELIANCE,EQ,860.3,860.5,861.0,841.6,852.5,850.3,847.51,2308716,195666198225000.0,59103.0,1263612.0,0.5473,-0.01162385214460071,-0.029171661814237693,-0.052062430323299935,848.6099999999999,876.2924999999999,0.02823247108863944,0.016757484860119198,0.022815476890509206,-0.2458543016418161,843.15,0
2015-01-13,RELIANCE,EQ,850.3,853.0,854.95,840.5,845.0,843.15,844.77,2274108,192110677910000.0,50755.0,1310196.0,0.5761000000000001,-0.008408796895213455,0.00843200574093994,-0.04203828892802364,850.0199999999999,874.51,0.018293108014115395,0.01681787904648465,0.01713811302852404,-0.014990150369296185,834.95,0
2015-01-14,RELIANCE,EQ,843.15,843.0,847.0,831.2,837.0,834.95,836.09,2601286,217491251680000.03,80257.0,1468754.0,0.5646,-0.009725434382968579,-0.022650122907643566,-0.063064579475958,846.15,873.0274999999999,0.014791752894462135,0.01659148785287092,0.018923288819689747,0.1438709155413902,864.25,1
2015-01-15,RELIANCE,EQ,834.95,840.0,871.1,840.0,863.0,864.25,857.07,3869247,331620414775000.0,78705.0,2364008.0,0.611,0.035091921671956294,0.026364230152603918,-0.026635882419191348,850.5899999999999,872.765,0.021538939078691643,0.01846922974927637,0.035984958056118045,0.487436214241725,869.7,1
2015-01-16,RELIANCE,EQ,864.25,860.0,875.0,852.05,867.5,869.7,867.39,4374388,379430743685000.0,100057.0,2654750.0,0.6069,0.006306045704367991,0.010926421015924781,-0.017898481169894342,852.4699999999999,872.2449999999999,0.019650176062874055,0.018308615573405882,0.026388409796481598,0.1305527923133365,879.65,1
2015-01-19,RELIANCE,EQ,869.7,870.2,886.0,858.75,879.75,879.65,877.24,3049291,267497225340000.0,75661.0,965555.0,0.3166,0.01144072668736329,0.03451722921321898,0.004338642461608755,858.3399999999999,871.2,0.018210652088183708,0.017685373593120654,0.030978229977832093,-0.302921688702511,903.05,1
2015-01-20,RELIANCE,EQ,879.65,881.5,905.55,878.85,902.55,903.05,894.34,3054173,273147030120000.0,66755.0,1481484.0,0.4851,0.02660148922867056,0.0710431121390025,0.08007415380935279,870.32,871.1074999999998,0.017552018873991864,0.0187053045606329,0.02956646918775254,0.001601027911078301,906.75,1
2015-01-21,RELIANCE,EQ,903.05,905.0,911.4,892.05,907.05,906.75,903.73,3905183,352923845200000.0,84816.0,1996975.0,0.5114,0.0040972260672167415,0.08599317324390676,0.061395294393070454,884.68,871.7574999999999,0.013516898167833564,0.01849217175483948,0.021339950372208462,0.2786384399312023,883.75,0
2015-01-22,RELIANCE,EQ,906.75,905.15,907.2,879.5,884.2,883.75,888.39,5422365,481715623860000.06,117060.0,3881123.0,0.7158,-0.02536531568789635,0.022562915822967877,0.049521999881242174,888.5799999999999,871.7375,0.018920513353426323,0.019249706565275675,0.0313437057991514,0.38850471283932153,886.9,1
2015-01-23,RELIANCE,EQ,883.75,890.0,897.8,877.0,886.85,886.9,887.29,4132897,366706518230000.0,96749.0,2451611.0,0.5932000000000001,0.0035643564356435675,0.019776934575140848,0.030919446704637865,892.0199999999999,871.64,0.018899006710347267,0.0192289608401516,0.02345247491261693,-0.2378054594259147,889.05,1
2015-01-27,RELIANCE,EQ,886.9,892.9,896.7,880.5,887.25,889.05,888.34,4100754,364284856355000.0,139067.0,2715836.0,0.6623,0.0024241740895252217,0.010686068322628195,0.04557215100552736,893.9,871.2425,0.01844430648604178,0.019119749742039647,0.01822169731736128,-0.007777353270599252,906.85,1
2015-01-28,RELIANCE,EQ,889.05,886.1,909.8,886.1,906.55,906.85,898.0,4411227,396128211470000.0,80550.0,2626389.0,0.5954,0.02002137112648339,0.004207961906871338,0.07555002075550021,894.6600000000001,872.5775,0.01639455781445548,0.019111077170578288,0.026134421348624284,0.07571119847715813,929.4,1
2015-01-29,RELIANCE,EQ,906.85,907.1,934.5,906.9,927.95,929.4,926.4,8255888,764823060435000.0,171319.0,5054578.0,0.6122,0.02486629541820573,0.02497932175351525,0.11312054614048739,899.1899999999999,874.49,0.01969141584927431,0.019671805577340534,0.02969657843770177,0.8715627193975735,915.25,0
2015-01-30,RELIANCE,EQ,929.4,930.0,931.25,909.0,916.35,915.25,918.15,4970953,456405570845000.0,84169.0,2810831.0,0.5655,-0.015224876264256504,0.035643564356435675,0.05901070292160826,905.49,875.8575000000001,0.01593237842140658,0.020022873164973944,0.024310297732859875,-0.39788996653055375,908.05,0
2015-02-02,RELIANCE,EQ,915.25,916.05,919.9,905.7,908.2,908.05,912.65,4412275,402687118530000.0,50967.0,2196576.0,0.4978,-0.007866703086588434,0.023847107903935072,0.044095665171898224,909.7199999999999,876.9824999999998,0.01733076911892313,0.020116443056292153,0.015637905401684856,-0.11238850980888371,937.6,1
2015-02-03,RELIANCE,EQ,908.05,913.2,940.85,913.2,936.3,937.6,930.35,3907020,363489645445000.0,93747.0,1799461.0,0.4606,0.03254226088871759,0.05460885214554878,0.06587847439322458,919.43,880.07,0.021102946201924752,0.021035311048361684,0.029490187713310554,-0.11451122153537574,928.8,0
2015-02-04,RELIANCE,EQ,937.6,939.1,943.8,925.9,926.7,928.8,936.76,3216827,301338832945000.0,59577.0,1633822.0,0.5079,-0.009385665529010323,0.024204664497987416,0.02851447871103474,923.8199999999999,884.7050000000002,0.02199312350381948,0.01793248234277025,0.019272179155900064,-0.17665458584803762,923.7,0
2015-02-05,RELIANCE,EQ,928.8,936.0,939.9,917.6,921.6,923.7,930.11,2826578,262903529765000.0,58327.0,1217769.0,0.4308,-0.005490956072351283,-0.006132989025177449,0.018693134822167057,922.68,888.175,0.019137879776507462,0.017658617743408635,0.0241420374580491,-0.12131488575543536,909.9,0
2015-02-06,RELIANCE,EQ,923.7,924.1,930.0,903.0,911.15,909.9,916.3,2067728,189466759350000.0,50276.0,906160.0,0.4382,-0.01493991555699914,-0.005845397432395538,0.029589816124469648,921.61,891.5674999999999,0.019085598106391845,0.01769203805071284,0.02967359050445104,-0.26846950623687016,896.7,0
2015-02-09,RELIANCE,EQ,909.9,901.2,918.0,892.0,894.35,896.7,905.54,2020605,182974840605000.0,55988.0,880015.0,0.4355,-0.014507088691064873,-0.012499311711909988,0.011049723756906049,919.3399999999999,893.3875,0.019894324861838574,0.017642702669193766,0.02899520463923274,-0.022789747974588548,882.0,0
2015-02-10,RELIANCE,EQ,896.7,898.0,904.5,861.3,884.6,882.0,887.96,3120391,277079407360000.0,83170.0,1215405.0,0.3895,-0.016393442622950838,-0.059300341296928405,-0.007929812721444218,908.22,894.9725000000001,0.004564276925421011,0.0178704592762752,0.04897959183673475,0.5442854986501569,900.7,1
2015-02-11,RELIANCE,EQ,882.0,886.0,904.75,883.0,901.5,900.7,894.64,2235774,200021838445000.0,43905.0,1002752.0,0.4485,0.021201814058956936,-0.03025409130060286,-0.006781716932237947,902.6,897.85,0.015815425641466336,0.0181880287980538,0.02414788497835017,-0.28349556193438574,909.15,1
2015-02-12,RELIANCE,EQ,900.7,908.0,913.95,887.25,912.55,909.15,899.35,1990874,179049942745000.0,54081.0,744878.0,0.3741,0.009381592095037083,-0.015751867489444682,-0.021788250484183314,899.6899999999999,901.5599999999998,0.01727264739054723,0.017959204834178163,0.029368091074080234,-0.10953701044917774,917.5,1
2015-02-13,RELIANCE,EQ,909.15,914.0,920.8,909.05,920.05,917.5,916.17,1690071,154839296295000.0,39163.0,759743.0,0.4495,0.009184403013804188,0.008352566216067725,0.0024583447145589687,901.21,904.2224999999999,0.01647239591227817,0.016505837300524608,0.012806539509536785,-0.15109092790402612,902.8,0
2015-02-16,RELIANCE,EQ,917.5,918.7,924.2,900.0,902.15,902.8,910.85,2803961,255397482925000.0,75984.0,1577530.0,0.5626,-0.01602179836512263,0.006802721088435382,-0.005781619954848272,902.43,905.8775000000002,0.016856121888392018,0.017026095446228278,0.026805494018608825,0.6590788197655602,901.65,0
2015-02-18,RELIANCE,EQ,902.8,900.0,908.0,894.4,901.1,901.65,901.29,2248124,202621115490000.0,65950.0,1239873.0,0.5515,-0.0012738147984049375,0.022278911564625803,-0.03834257679180897,906.36,906.9775,0.013957123241293296,0.01689213984664794,0.015083458104586063,-0.19823278569138447,902.05,1
2015-02-19,RELIANCE,EQ,901.65,906.95,907.6,887.55,901.15,902.05,896.86,2183115,195794974635000.0,57260.0,1006768.0,0.4612,0.00044363112072298705,0.001498834240035496,-0.028800602928509944,906.6299999999999,906.9275,0.010371805488487155,0.015814054566937942,0.022227149271104783,-0.02891699924025548,873.1,0
2015-02-20,RELIANCE,EQ,902.05,895.25,896.0,871.3,872.8,873.1,876.92,4278437,375183733365000.0,111545.0,2125610.0,0.4968,-0.032093564658278284,-0.03965242259253143,-0.054779690375663104,899.4200000000001,905.2450000000001,0.016253291030553608,0.017326393380261106,0.02829000114534423,0.9597854441932743,851.45,0
2015-02-23,RELIANCE,EQ,873.1,869.95,876.75,847.1,848.1,851.45,860.98,3224043,277583905045000.0,71325.0,1703516.0,0.5284000000000001,-0.024796701408773325,-0.07198910081743859,-0.0642378283327838,886.21,903.6300000000001,0.014281166772504506,0.01728601745945995,0.03482294908685181,-0.246443736345773,841.45,0
2015-02-24,RELIANCE,EQ,851.45,854.25,856.8,837.0,842.2,841.45,843.77,4559370,384707614075000.0,135555.0,2380353.0,0.5221,-0.01174467085559927,-0.06795525033229943,-0.061614809858369535,873.9399999999999,901.3574999999998,0.014313886644142333,0.017378490985027032,0.0235308099114623,0.4141777885716784,843.15,1
2015-02-25,RELIANCE,EQ,841.45,848.8,856.5,841.05,844.55,843.15,847.86,3491406,296020739935000.0,77841.0,2114395.0,0.6056,0.0020203220631052066,-0.06488105140575606,-0.04404761904761911,862.24,899.0625,0.015094446650627088,0.017372721925854956,0.018324141611812898,-0.23423499299245287,842.0,0
2015-02-26,RELIANCE,EQ,843.15,846.1,850.0,836.6,848.5,842.0,841.76,4905338,412909510575000.0,85739.0,3299306.0,0.6726000000000001,-0.0013639328707821807,-0.06657058921345815,-0.06517153325191527,850.2300000000001,895.82,0.014701496612139951,0.016552093286954565,0.01591448931116387,0.40497495851241583,855.55,1
2015-02-27,RELIANCE,EQ,842.0,847.55,861.0,844.6,859.3,855.55,851.92,4265220,363364140950000.0,68505.0,2942881.0,0.6900000000000001,0.016092636579572384,-0.020100790287481463,-0.05895616784908986,846.7199999999999,892.1274999999999,0.015324663654738013,0.015860504518235327,0.019168955642569083,-0.1304941677821182,865.15,1
2015-02-28,RELIANCE,EQ,855.55,862.8,868.4,846.6,867.0,865.15,860.13,2093776,180092691185000.0,45333.0,641311.0,0.3063,0.011220852083455135,0.016090199072170908,-0.057057220708446876,849.46,889.6225000000001,0.010909953170671874,0.01597842212118142,0.025197942553314402,-0.5091048058482329,864.25,0
2015-03-02,RELIANCE,EQ,865.15,869.0,875.5,855.55,864.95,864.25,862.25,3332631,287356509820000.0,65921.0,1693328.0,0.5081,-0.0010402820320175588,0.02709608414047171,-0.042700487372618445,854.0200000000001,887.4325000000001,0.007855953922664808,0.015934861633000497,0.023083598495805664,0.5916845928122205,900.8,1
2015-03-03,RELIANCE,EQ,864.25,869.0,906.45,867.4,900.15,900.8,894.08,4717254,421757927905000.0,113396.0,2087683.0,0.4426,0.042291003760486,0.06837454782660268,-0.000942716131536625,865.55,885.5925,0.01784079953673832,0.017160295598357623,0.043350355239786934,0.4154744404646058,887.85,0
2015-03-04,RELIANCE,EQ,900.8,906.0,909.65,880.05,886.25,887.85,894.98,3308981,296147978095000.0,74794.0,1655923.0,0.5004,-0.014376110124333819,0.0544536817102137,-0.015741921179535434,874.72,883.5449999999998,0.021177193862329163,0.017311090946051946,0.03333896491524472,-0.29853660625440137,884.95,0
2015-03-05,RELIANCE,EQ,887.85,892.5,898.75,878.15,886.0,884.95,887.43,2449658,217389201530000.03,61861.0,1127363.0,0.4602,-0.00326631750858819,0.034363859505581296,0.013572328484709573,880.6,881.6074999999998,0.021738480828455774,0.017295365397534013,0.023278151307983528,-0.2596941475336365,869.65,0
2015-03-09,RELIANCE,EQ,884.95,885.1,891.75,864.15,865.4,869.65,878.6,3215112,282478147570000.0,81492.0,1652011.0,0.5138,-0.017289112379230587,0.005201410160087905,0.021375300957190646,881.5,879.595,0.02396810147622423,0.017395564467904332,0.03173690565169899,0.3124738228764994,859.15,0
2015-03-10,RELIANCE,EQ,869.65,868.95,875.8,855.4,858.0,859.15,863.46,3482250,300677676340000.0,106079.0,2053139.0,0.5896,-0.012073822802276757,-0.005901070292160915,0.021035117951155646,880.4800000000001,877.7175,0.024729112090347238,0.017312656294746924,0.023744398533434182,0.08308824078290278,855.95,0
2015-03-11,RELIANCE,EQ,859.15,860.95,869.6,852.4,853.5,855.95,860.98,2659765,228999380330000.03,51290.0,1375936.0,0.5173,-0.003724611534656308,-0.04978907637655405,0.015181165866097412,871.51,876.415,0.006348201475390564,0.016986808090400554,0.020094631695776674,-0.23619355301888145,863.8,1
2015-03-12,RELIANCE,EQ,855.95,858.0,867.4,855.6,863.5,863.8,860.09,2693254,231644827470000.0,69814.0,1429665.0,0.5307999999999999,0.009171096442549098,-0.027087908993636334,0.025890736342042642,866.7,874.5699999999999,0.010069267626939342,0.016346702056348594,0.013660569576290756,0.012590961983483417,850.1,0
2015-03-13,RELIANCE,EQ,863.8,869.0,869.6,847.0,852.4,850.1,856.33,2956988,253214648965000.0,65593.0,1637601.0,0.5538000000000001,-0.015860152813151118,-0.03938075597491386,-0.0063701712348780415,859.7299999999999,871.6175000000001,0.010929102909172393,0.016399060483854058,0.02658510763439598,0.0979239239967713,842.1,0
2015-03-16,RELIANCE,EQ,850.1,851.5,853.95,840.3,843.2,842.1,843.28,3163589,266780447475000.0,69775.0,1882510.0,0.5951,-0.009410657569697722,-0.03167941125740237,-0.02664277870889431,854.22,867.8475000000001,0.009751480510039493,0.01618419146103175,0.01620947630922704,0.06986873129008297,856.85,1
2015-03-17,RELIANCE,EQ,842.1,850.55,859.9,841.0,856.05,856.85,850.6,4359100,370786050520000.0,110131.0,2454813.0,0.5631,0.01751573447334054,-0.0026770645405341797,-0.008562337286664667,853.76,865.55,0.013636547398913262,0.01662145276148602,0.022057536324910983,0.37789706564285064,868.65,1
2015-03-18,RELIANCE,EQ,856.85,857.0,872.25,854.7,868.95,868.65,863.08,2118940,182881374675000.0,53546.0,912999.0,0.4309,0.013771371885394013,0.01483731526374199,-0.03569049733570162,856.3,863.9,0.014786262147354897,0.017014626825258936,0.020203764462096305,-0.5139042462893717,856.15,0
2015-03-19,RELIANCE,EQ,868.65,875.55,876.7,854.1,854.7,856.15,864.62,3185218,275400073335000.0,72258.0,1832137.0,0.5752,-0.014390145628273787,-0.008856216716832566,-0.035704229318015535,854.7700000000001,861.6049999999999,0.016043757201009184,0.017236946531591663,0.026397243473690386,0.5032129272183261,854.1,0
2015-03-20,RELIANCE,EQ,856.15,857.9,861.15,848.6,858.0,854.1,854.68,2378572,203290671150000.0,56037.0,1375418.0,0.5783,-0.00239444022659574,0.004705328784848861,-0.034860726594722835,855.5699999999999,860.655,0.014076898941297957,0.0157669294192539,0.01469382976232286,-0.25324671655126907,841.95,0
2015-03-23,RELIANCE,EQ,854.1,856.5,864.0,838.1,842.0,841.95,846.02,3029112,256269958775000.0,84186.0,1628343.0,0.5376,-0.014225500526870327,-0.0001781261132881573,-0.03185189444029202,855.54,860.1800000000001,0.015096446520410685,0.015089202109213298,0.030761921729318815,0.2735002345945383,847.95,1
2015-03-24,RELIANCE,EQ,841.95,842.1,854.3,842.1,848.9,847.95,848.15,2111750,179108931950000.0,67428.0,1084758.0,0.5136999999999999,0.007126313914127991,-0.010386882184746482,-0.013036140371297078,853.76,860.5049999999999,0.012601164677749887,0.01493523992405667,0.014387640780706328,-0.30284849157112714,844.9,0
2015-03-25,RELIANCE,EQ,847.95,849.0,849.5,841.0,842.0,844.9,843.72,2346393,197969649980000.0,63316.0,1681761.0,0.7167,-0.003596910195176717,-0.027341276693720107,-0.012909632571996066,849.01,860.5925,0.009053438980214925,0.014957741336661718,0.01006036217303823,0.11111305789037518,829.3,0
2015-03-26,RELIANCE,EQ,844.9,841.1,849.25,824.1,831.0,829.3,835.77,4713693,393954317140000.0,81113.0,2809895.0,0.5961,-0.01846372351757608,-0.03136132687029147,-0.03993980087983329,843.6400000000001,859.9575000000001,0.010168519269406866,0.015530136624442087,0.030326781623055563,1.0089102720643983,811.7,0
2015-03-27,RELIANCE,EQ,829.3,833.9,835.0,801.45,810.0,811.7,815.7,5332142,434941910705000.0,112001.0,2938300.0,0.5511,-0.021222717954901604,-0.049642898957967474,-0.04517115633454882,835.1600000000001,857.765,0.011723051959776472,0.015654333426940892,0.041333004804730754,0.13120264726616693,810.75,0
2015-03-30,RELIANCE,EQ,811.7,816.6,817.7,796.45,814.1,810.75,807.78,3961481,320000396385000.0,105633.0,2057695.0,0.5194,-0.0011703831464827674,-0.03705683235346524,-0.037228357677235535,828.9200000000001,855.0449999999998,0.012018085153029785,0.015323938675488225,0.026210299105766267,-0.2570563574638485,826.0,1
2015-03-31,RELIANCE,EQ,810.75,818.0,832.9,818.0,822.9,826.0,826.68,4625471,382377248595000.0,125251.0,2610631.0,0.5644,0.018809744064138156,-0.025885960257090668,-0.036003968022407684,824.53,853.1324999999999,0.01603047116142932,0.016090175819617497,0.018038740920096826,0.1676115573948227,836.05,1
2015-04-01,RELIANCE,EQ,826.0,824.9,839.0,813.1,835.15,836.05,825.5,3334693,275279580960000.0,87280.0,1731987.0,0.5194,0.01216707021791752,-0.01047461238016334,-0.037529499798538035,822.76,849.8950000000001,0.017853597598460207,0.012782078791759655,0.030979008432509992,-0.2790587163988273,824.65,0
2015-04-06,RELIANCE,EQ,836.05,836.0,838.0,821.4,823.65,824.65,826.2,2819367,232936626390000.0,92986.0,1890668.0,0.6706000000000001,-0.013635548113151152,-0.0056071385505848115,-0.03679261811598433,821.8299999999999,846.735,0.016840736241759215,0.012750389828016148,0.020129752016006818,-0.1545347652692467,832.85,1
2015-04-07,RELIANCE,EQ,824.65,826.05,836.1,826.05,832.15,832.85,831.39,4863211,404321739350000.0,76000.0,3073880.0,0.6321,0.00994361244164188,0.026056424787483046,-0.024879990633415283,826.0600000000001,844.1300000000001,0.012763464382983642,0.013106214473510389,0.012066998859338499,0.7249300995578085,865.9,1
2015-04-08,RELIANCE,EQ,832.85,833.5,869.5,832.9,863.0,865.9,855.45,5673710,485357287210000.06,112110.0,3013003.0,0.531,0.039683016149366646,0.0680234350909652,0.028445869707227178,837.0899999999999,843.9424999999999,0.019134064225731395,0.015749833823559666,0.04226816029564617,0.1666592298791889,895.1,1
2015-04-09,RELIANCE,EQ,865.9,865.5,899.0,858.8,897.0,895.1,880.85,6234931,549206819010000.06,132040.0,3314067.0,0.5315,0.03372213881510566,0.08365617433414041,0.055604693672975936,850.9100000000001,845.74,0.021236108714418275,0.01718123300761812,0.04491118310803267,0.09891605316450791,904.35,1
2015-04-10,RELIANCE,EQ,895.1,894.95,908.8,889.1,904.0,904.35,899.4,5788462,520614122920000.0,111502.0,3098215.0,0.5352,0.010334040889286022,0.0816936786077389,0.07036335661024973,864.57,848.1600000000001,0.0213424907536366,0.017214038873994836,0.02178360148172713,-0.07160768900249259,922.5,1
2015-04-13,RELIANCE,EQ,904.35,906.8,924.75,898.75,922.3,922.5,914.98,4612201,422008651360000.0,163738.0,2699653.0,0.5853,0.020069663294078666,0.11865639968471475,0.1123839382611842,884.14,851.095,0.013531986852101404,0.017591577930771273,0.028184281842818428,-0.20320786419605075,923.65,1
2015-04-15,RELIANCE,EQ,922.5,921.0,939.6,907.2,923.9,923.65,919.83,5081693,467431501780000.0,117445.0,2582704.0,0.5082,0.0012466124661245637,0.10902323347541576,0.13792041394603904,902.3,854.7725,0.015935273940613365,0.017010118730816724,0.03507822227034047,0.10179348211407091,928.35,1
2015-04-16,RELIANCE,EQ,923.65,924.5,938.0,919.0,929.55,928.35,928.04,4612192,428029013550000.0,88219.0,2190459.0,0.4749,0.005088507551561872,0.07212149208915575,0.14505087881591128,914.79,859.085,0.013050516484171281,0.01670146855520426,0.020466418915279797,-0.09239066586667077,926.85,0
2015-04-17,RELIANCE,EQ,928.35,935.05,944.3,922.6,924.1,926.85,934.15,5476551,511592340565000.0,143446.0,2563930.0,0.4682,-0.0016157699143641846,0.03547089710646856,0.12209443099273609,921.14,862.585,0.008557389518906203,0.016494640453555528,0.023412634191077232,0.18740741929217175,885.65,0
2015-04-20,RELIANCE,EQ,926.85,937.3,937.45,878.5,883.75,885.65,901.51,8601165,775401393460000.0,213701.0,3769134.0,0.4382,-0.04445163726600854,-0.02067783490905073,0.05932659529932427,917.4,863.4350000000001,0.0241426663246106,0.01954648406684283,0.0665612826737425,0.5705441253080634,876.45,0
2015-04-21,RELIANCE,EQ,885.65,890.15,895.5,872.45,876.45,876.45,885.51,4047524,358412258180000.0,96711.0,1995403.0,0.493,-0.010387850731101378,-0.049918699186991766,0.06281452737525028,908.1899999999999,864.45,0.020071793131787637,0.019398929867981148,0.026299275486336874,-0.5294214214004731,879.75,1
2015-04-22,RELIANCE,EQ,876.45,881.9,886.75,867.0,879.0,879.75,877.9,3374188,296219809540000.0,79083.0,1544890.0,0.4579,0.003765189115180423,-0.04752882585394902,0.05631266134357915,899.4100000000001,865.7325000000001,0.020453325172479615,0.019385222549852376,0.02244955953395851,-0.16635750646568126,877.05,0
2015-04-23,RELIANCE,EQ,879.75,883.85,889.4,869.05,877.0,877.05,878.99,3048801,267986336420000.0,81081.0,1368937.0,0.449,-0.003069053708439906,-0.05525933107125558,0.012876775609192759,889.15,867.4875,0.019288895782906757,0.01906189017845725,0.023202782053474744,-0.09643416430856844,878.9,1
2015-04-24,RELIANCE,EQ,877.05,877.0,884.45,868.65,882.4,878.9,878.25,2905259,255155210120000.0,81160.0,1544087.0,0.5315,0.002109343823043286,-0.05173436909963858,-0.018098536476371385,879.5599999999998,869.0350000000001,0.01981409192887061,0.019026865182446846,0.01797701672545235,-0.04708145923594231,875.3,0
2015-04-27,RELIANCE,EQ,878.9,880.05,887.5,871.45,872.2,875.3,879.51,2524227,222008876570000.0,89364.0,1200449.0,0.4756,-0.0040960291273182126,-0.011686332072489147,-0.03212251893625262,877.49,870.5550000000001,0.005600289284426187,0.01903487161806447,0.018336570318747806,-0.13115250654072497,865.2,0
2015-04-28,RELIANCE,EQ,875.3,874.7,882.0,858.55,862.9,865.2,868.23,3357286,291490368110000.0,90615.0,1890627.0,0.5631,-0.011538900948246167,-0.012835871983570057,-0.06211382113821129,875.24,872.35,0.006021831096239582,0.01870428241315425,0.027103559870550215,0.33002538995106234,850.0,0
2015-04-29,RELIANCE,EQ,865.2,862.0,870.55,847.4,848.2,850.0,859.96,3746012,322143713425000.0,76980.0,2175833.0,0.5808,-0.017568192325473908,-0.033816425120772986,-0.07973799599415365,869.29,874.2650000000001,0.007730033495285805,0.018479011479347936,0.02723529411764703,0.11578578649540128,862.35,1
2015-04-30,RELIANCE,EQ,850.0,850.0,865.9,847.95,865.0,862.35,857.81,7955186,682399951655000.0,121772.0,5407522.0,0.6797,0.014529411764705902,-0.016760731999315825,-0.07109387623202457,866.35,876.845,0.012442292386224752,0.018648899408916994,0.02081521424015763,1.1236413551264652,890.95,1
2015-05-04,RELIANCE,EQ,862.35,866.2,893.9,860.5,892.75,890.95,877.55,3446692,302465862645000.0,81908.0,1994809.0,0.5788000000000001,0.03316518814866365,0.013710319717829211,-0.03873334412256568,868.76,880.0925000000001,0.02078219188606338,0.019534322265261424,0.03748807452719005,-0.5667364659984065,892.15,1
2015-05-05,RELIANCE,EQ,890.95,893.7,901.8,885.1,891.15,892.15,892.74,4079468,364189094745000.0,91479.0,2226928.0,0.5459,0.0013468769291204996,0.01925054267108428,0.007339242364365228,872.1299999999999,882.8974999999998,0.020464354837446647,0.01944507239243314,0.01871882530964516,0.18358936626771416,880.25,0
2015-05-06,RELIANCE,EQ,892.15,890.0,896.75,872.0,877.0,880.25,881.92,5128997,452337404050000.0,112601.0,3021295.0,0.5891,-0.013338564142801101,0.017394822006472355,0.004335672314450312,875.14,885.6775,0.020818457237467565,0.01943146141441847,0.02811701221243965,0.2572710461266028,870.75,0
2015-05-07,RELIANCE,EQ,880.25,875.0,878.45,860.0,867.0,870.75,867.56,3825462,331880185775000.0,99893.0,2068835.0,0.5408,-0.010792388525986962,0.024411764705882355,-0.010230179028132946,879.29,887.5724999999999,0.019255737386507387,0.019618871576698255,0.021188630490956123,-0.2541500804153327,889.7,1
2015-05-08,RELIANCE,EQ,870.75,871.0,893.75,861.1,888.25,889.7,881.17,3909788,344520020810000.0,88315.0,2102564.0,0.5378000000000001,0.021762848119437406,0.03171566069461362,0.014423351006214169,884.76,888.7625,0.020390631699783727,0.01818371678256065,0.036697763290996936,0.022043350580923216,895.95,1
2015-05-11,RELIANCE,EQ,889.7,892.85,899.45,883.4,893.8,895.95,891.99,3249083,289815253020000.0,85186.0,1550053.0,0.4771,0.007024839833651875,0.0056119872046691555,0.01939924906132684,885.76,888.805,0.014247528575036876,0.016606395810730843,0.017913946090741747,-0.16898742335901584,868.7,0
2015-05-12,RELIANCE,EQ,895.95,894.9,894.9,865.15,871.15,868.7,872.93,3805956,332234949225000.0,98816.0,1983358.0,0.5211,-0.030414643674312236,-0.026284817575519703,-0.007540271906774754,881.07,887.0225,0.020060654633855673,0.017754933366806336,0.03424657534246575,0.1713938979090408,885.1,1
2015-05-13,RELIANCE,EQ,868.7,873.35,888.65,857.2,885.6,885.1,872.11,3817667,332942906755000.0,70562.0,1668574.0,0.4371,0.018878784390468528,0.005509798352740791,0.023000462320850623,882.0400000000002,885.1524999999999,0.021866411225657797,0.017679360366281902,0.03553270816856845,0.0030770192824089992,878.2,0
2015-05-14,RELIANCE,EQ,885.1,886.0,886.2,870.3,877.0,878.2,878.07,2818365,247473043860000.0,56726.0,1327843.0,0.4711,-0.007795729296124709,0.008555842664369928,0.03317647058823536,883.5300000000001,882.8799999999999,0.021490223446039926,0.01770977241763586,0.018105215212935653,-0.26175724598295247,873.95,0
2015-05-15,RELIANCE,EQ,878.2,881.9,886.95,870.1,872.15,873.95,876.77,1904490,166980016300000.0,50133.0,841744.0,0.442,-0.004839444317923047,-0.017702596380802516,0.01345161477358392,880.3800000000001,880.1600000000001,0.01841332841877796,0.017628666196492736,0.01928027919217349,-0.3242571490917606,891.55,1
2015-05-18,RELIANCE,EQ,873.95,874.9,894.0,872.2,891.5,891.55,885.61,2250982,199349407815000.0,73046.0,1087241.0,0.483,0.02013845185651353,-0.0049109883364027995,0.0006734384645601388,879.5,878.3950000000001,0.021023543752588046,0.01836561351324012,0.02445179743143958,0.18193427111720206,895.55,1
2015-05-19,RELIANCE,EQ,891.55,891.25,904.75,886.6,895.0,895.55,895.25,3317436,296994539715000.0,120107.0,1773899.0,0.5347,0.0044865683360439945,0.03090825371244388,0.003811018326514537,884.8700000000001,878.89,0.01299725143691746,0.015401869015988215,0.020266875104684248,0.47377278005777024,908.85,1
2015-05-20,RELIANCE,EQ,895.55,900.4,911.0,897.7,906.9,908.85,905.03,1990706,180165716545000.0,56632.0,939754.0,0.4721,0.014851208754396827,0.026833126200429325,0.03249076966770814,889.6200000000001,880.51,0.012107333587186412,0.015482074455427694,0.014633877977664031,-0.3999263286465813,896.75,0
2015-05-21,RELIANCE,EQ,908.85,911.25,915.4,894.1,895.6,896.75,902.19,2459446,221889067185000.0,53848.0,1074861.0,0.437,-0.013313528084942572,0.021122751081757984,0.029859316681022152,893.3299999999999,881.36,0.013747535574818238,0.015842349815141422,0.02375243936437129,0.23546420214737895,903.85,1
2015-05-22,RELIANCE,EQ,896.75,897.0,905.6,897.0,902.3,903.85,901.65,1908452,172076261770000.0,60427.0,1025731.0,0.5375,0.007917479788123849,0.0342124835516906,0.01590423738338753,899.3100000000001,882.7,0.012785633673311559,0.01588147272449521,0.009514853128284585,-0.2240317534924532,894.5,0
2015-05-25,RELIANCE,EQ,903.85,900.0,908.0,892.35,893.1,894.5,898.93,1512612,135972767715000.02,28170.0,607306.0,0.4014999999999999,-0.010344636831332688,0.0033088441478323904,-0.0016183938835873102,899.9,883.4799999999999,0.012093881823257428,0.016104105052721904,0.01749580771380657,-0.20741417651583582,884.6,0
2015-05-26,RELIANCE,EQ,894.5,895.0,896.0,882.7,887.0,884.6,889.75,2173883,193420731005000.0,53213.0,1169442.0,0.538,-0.011067635550586874,-0.012227122997040873,0.0183032116956372,897.71,883.945,0.01285889264739653,0.016294609203445713,0.015035044087723213,0.43717159456622046,885.3,1
2015-05-27,RELIANCE,EQ,884.6,886.0,890.9,880.2,884.9,885.3,885.53,1846549,163517735040000.0,44569.0,994424.0,0.5385,0.0007913181098802013,-0.02591186664466094,0.0002259631680034957,893.0,884.95,0.009147265765436096,0.016040265031514414,0.012086298429910687,-0.15057572095646365,875.8,0
2015-05-28,RELIANCE,EQ,885.3,885.85,894.25,872.0,876.6,875.8,879.97,6066339,533820762355000.0,79015.0,3583692.0,0.5908,-0.010730825708799241,-0.02336214106495682,-0.0027328626736508044,888.8099999999998,886.24,0.008633279702512953,0.015686575451881485,0.025405343685773008,2.285230448799355,877.0,1
2015-05-29,RELIANCE,EQ,875.8,879.9,886.45,873.1,880.85,877.0,877.96,6692348,587558198535000.0,112299.0,5112969.0,0.7640000000000001,0.0013701758392328234,-0.02970625656912096,0.003489902168316128,883.4399999999999,886.9725000000001,0.006468750595092137,0.015389445320906258,0.015222348916761714,0.10319387030629179,902.25,1
2015-06-01,RELIANCE,EQ,877.0,880.0,904.9,878.0,902.05,902.25,899.09,4479082,402709968650000.0,81472.0,3124255.0,0.6975,0.028791334093500653,0.00866405813303528,0.012001570298917574,884.99,887.5375,0.01621979636044985,0.014931902731634734,0.02981435300637293,-0.33071591614781537,898.65,0
2015-06-02,RELIANCE,EQ,902.25,905.75,918.8,891.45,897.0,898.65,903.61,4612571,416798731675000.0,92076.0,2432032.0,0.5273,-0.003990024937655878,0.01588288491973766,0.0034615599352354476,887.8,887.8625,0.015081611207218895,0.014968057231475188,0.030434540699938697,0.029802758690285147,896.35,0
2015-06-03,RELIANCE,EQ,898.65,899.0,910.45,888.5,895.0,896.35,898.63,3553618,319339837435000.0,91150.0,1820172.0,0.5122,-0.002559394647526747,0.012481644640234935,-0.013753644715849722,890.0099999999999,888.6675000000001,0.015290964041982246,0.014635067487281096,0.024488202153176823,-0.22957977232220383,912.7,1
2015-06-04,RELIANCE,EQ,896.35,904.2,916.2,892.55,915.8,912.7,905.49,3641649,329747378175000.0,84220.0,1994117.0,0.5476,0.01824064260612479,0.0421329070564056,0.01778645107332033,897.39,890.7650000000001,0.014454064240075346,0.014841396499727167,0.025912128848471667,0.024772218060579387,907.75,0
2015-06-05,RELIANCE,EQ,912.7,909.9,916.95,904.45,910.4,907.75,910.16,2986745,271841336965000.0,74316.0,1608043.0,0.5384000000000001,-0.005423468828749889,0.035062713797035405,0.004314875255849948,903.54,891.6675000000001,0.015554089826991153,0.014212045082664337,0.013770311209033324,-0.1798372111095825,885.45,0
2015-06-08,RELIANCE,EQ,907.75,906.8,910.0,883.1,885.25,885.45,894.43,2479431,221767198960000.0,64508.0,1326243.0,0.5349,-0.024566235196915365,-0.018620116375727247,-0.01011738401341522,900.18,891.1424999999999,0.015175134983911882,0.01523750674570008,0.030380032751708145,-0.1698551433081833,883.7,0
2015-06-09,RELIANCE,EQ,885.45,883.55,890.65,877.35,883.95,883.7,883.88,2092303,184933813515000.0,65744.0,1105029.0,0.5281,-0.001976396182731932,-0.016636065208924466,-0.0010174089984172907,897.1899999999999,891.8924999999999,0.015190888131082655,0.013527967586972294,0.015050356455810742,-0.15613582309812213,905.8,1
2015-06-10,RELIANCE,EQ,883.7,886.0,909.9,885.0,906.3,905.8,903.28,3088017,278935317610000.0,79564.0,1807008.0,0.5852,0.02500848704311398,0.010542756735649972,0.023155992318987906,899.0799999999999,892.9275000000001,0.019808484192102273,0.014016324518049643,0.02748951203356147,0.4758937878500389,877.15,0
2015-06-11,RELIANCE,EQ,905.8,906.0,909.5,873.65,877.5,877.15,885.57,3354787,297091107840000.0,65663.0,1854142.0,0.5527000000000001,-0.03162949878560384,-0.03895036704284005,0.0015414478191368985,891.97,892.875,0.02216346455109016,0.015733798227376194,0.0408710026791313,0.08638877311880089,889.85,1
2015-06-12,RELIANCE,EQ,877.15,879.0,892.7,878.25,891.5,889.85,887.95,4924556,437275658225000.0,103898.0,2607451.0,0.5295000000000001,0.014478709456763328,-0.019719085651335733,0.014652223489167726,888.3900000000001,893.6700000000001,0.024357049028735204,0.016007923283589846,0.01623869191436764,0.46791912571498573,901.75,1
2015-06-15,RELIANCE,EQ,889.85,894.9,905.0,890.0,901.45,901.75,900.02,2939253,264538175495000.0,113717.0,1549214.0,0.5271,0.01337304040006737,0.018408718730589024,-0.0005541701302299584,891.65,894.18,0.022045867299317897,0.015650225525432392,0.01663432215137233,-0.4031435524339656,903.95,1
2015-06-16,RELIANCE,EQ,901.75,899.0,905.0,893.2,904.5,903.95,897.72,3184005,285833463295000.0,96212.0,2019309.0,0.6342,0.0024397005822012208,0.022915016408283417,0.005897735492127243,895.7,894.6,0.021841560498295012,0.015630740104578402,0.013053819348415237,0.08327013700419794,931.2,1
2015-06-17,RELIANCE,EQ,903.95,905.05,942.35,894.0,931.45,931.2,923.67,5996339,553866607750000.0,136777.0,2801962.0,0.4673,0.030145472647823413,0.02804151026716717,0.0388799018240642,900.78,895.7175,0.023117225999353157,0.016702887048803454,0.05192225085910655,0.883269341599652,978.95,1
2015-06-18,RELIANCE,EQ,931.2,932.55,982.0,932.5,980.05,978.95,966.38,11284420,1090508676110000.0,265987.0,5242586.0,0.4646,0.05127792096219941,0.11605768682665452,0.07258683028377333,921.14,899.8275,0.01895096830765701,0.01969532438219547,0.05056438020327902,0.8818849301215292,996.65,1
2015-06-19,RELIANCE,EQ,978.95,982.5,1006.4,982.5,997.15,996.65,994.47,10448751,1039101674570000.0,260477.0,5255208.0,0.503,0.018080596557536133,0.12002022812833624,0.09793445331864503,942.5,904.4675000000001,0.01864325161485319,0.01991591250880647,0.02398033411929963,-0.0740551131560151,991.7,0
2015-06-22,RELIANCE,EQ,996.65,996.95,1008.7,986.5,992.65,991.7,993.41,4433185,440398045705000.0,120226.0,2072188.0,0.4674,-0.004966638238097509,0.09975048516772955,0.11999548252301095,960.49,909.3275,0.02244322037270703,0.019732071747513045,0.0223858021579107,-0.5757210598663898,995.0,1
2015-06-23,RELIANCE,EQ,991.7,992.65,1002.7,991.0,993.2,995.0,996.31,3659045,364555861120000.0,90238.0,1969301.0,0.5382,0.0033276192396893833,0.10072459759942465,0.12594771981441655,978.7,914.8474999999999,0.02227842397953307,0.019360571585559518,0.011758793969849291,-0.17462388779173443,990.9,0
2015-06-24,RELIANCE,EQ,995.0,995.0,1006.45,986.65,987.15,990.9,998.05,4252334,424406195960000.0,121988.0,2182995.0,0.5134000000000001,-0.004120603015075441,0.06411082474226792,0.09395009935968202,990.64,920.1274999999999,0.02345255403233956,0.019462002127865436,0.019981834695731223,0.1621431275100471,1004.55,1
2015-06-25,RELIANCE,EQ,990.9,987.0,1009.0,985.0,1006.8,1004.55,1001.13,6211775,621880516890000.0,122268.0,3909988.0,0.6294,0.013775355737208672,0.026150467337453298,0.14524311691272862,995.76,926.5649999999999,0.010406543868326304,0.019133235216292527,0.023891294609526655,0.4607918851153272,1000.7,0
2015-06-26,RELIANCE,EQ,1004.55,999.9,1014.1,995.4,999.5,1000.7,1002.84,4792657,480626808425000.0,116973.0,2397982.0,0.5003,-0.0038325618436114706,0.004063613103898023,0.12457155700398936,996.57,932.75,0.007963496169653386,0.019249592459674874,0.01868691915659043,-0.22845611761533535,990.85,0
2015-06-29,RELIANCE,EQ,1000.7,987.9,993.85,972.0,990.3,990.85,983.69,4610282,453509202425000.0,116484.0,2437703.0,0.5288,-0.009843109823123863,-0.0008571140465867266,0.09880787357915177,996.4,937.18,0.009073203032527014,0.018860493564840413,0.0220517737296261,-0.038053004836356985,1000.1,1
2015-06-30,RELIANCE,EQ,990.85,989.9,1002.85,988.0,999.0,1000.1,994.4,5299670,526997973575000.0,128344.0,3320620.0,0.6265999999999999,0.009335419084624208,0.005125628140703498,0.10636650257204483,997.4200000000001,942.2525000000002,0.00999770477794219,0.01876646141571893,0.014848515148485173,0.14953271838902693,1005.65,1
2015-07-01,RELIANCE,EQ,1000.1,1001.0,1010.45,1001.0,1006.0,1005.65,1006.47,3388578,341049040935000.0,91024.0,2009894.0,0.5931000000000001,0.005549445055494484,0.014885457664749246,0.07995060137457033,1000.3700000000001,947.7175,0.009674383957857524,0.018669880260196718,0.009396907472778845,-0.36060584904343096,1010.85,1
2015-07-02,RELIANCE,EQ,1005.65,1009.0,1019.75,1007.1,1008.05,1010.85,1013.68,3641605,369140555550000.0,100369.0,1995021.0,0.5478000000000001,0.005170785064386285,0.006271464835000851,0.03258593390877973,1001.6299999999999,952.625,0.007875879739595098,0.018443803922830213,0.012514220705346963,0.0746705550233755,1007.2,0
2015-07-03,RELIANCE,EQ,1010.85,1009.75,1013.8,1003.05,1005.4,1007.2,1008.46,3161556,318830741540000.0,87704.0,1882915.0,0.5956,-0.0036108225750606238,0.006495453182772115,0.010585461295339549,1002.9300000000001,957.5975000000001,0.007840467552895638,0.01839282128870906,0.010673153296266879,-0.13182346794888522,1015.55,1
2015-07-06,RELIANCE,EQ,1007.2,996.1,1018.9,995.2,1017.7,1015.55,1006.87,2797340,281656538025000.0,63280.0,1509543.0,0.5396,0.008290309769658277,0.024928092042185934,0.02404961177775533,1007.8700000000001,964.1025,0.005101109911102214,0.0169921641433953,0.023337107971050104,-0.11520150204519541,1003.25,0
2015-07-07,RELIANCE,EQ,1015.55,1011.0,1016.6,1000.0,1004.15,1003.25,1007.46,2581847,260109756250000.0,81763.0,1523014.0,0.5899,-0.012111663630544944,0.0031496850314969294,0.008291457286432102,1008.5,970.0800000000002,0.008423638923369689,0.017420133461173458,0.01654622476949915,-0.0770349689347738,996.6,0
2015-07-08,RELIANCE,EQ,1003.25,995.85,1008.7,991.65,993.2,996.6,998.88,3472328,346843172435000.0,96915.0,1674121.0,0.4821,-0.006628457513082497,-0.00899915477551827,0.005752346351801441,1006.6899999999999,974.6200000000001,0.00841616385580967,0.017084840791060683,0.017108167770419493,0.3449007629034564,987.4,0
2015-07-09,RELIANCE,EQ,996.6,996.0,1001.0,983.15,990.0,987.4,993.14,3713532,368807385850000.0,112899.0,2327134.0,0.6267,-0.00923138671483048,-0.023198298461690747,-0.017072320939724217,1002.0,980.1325,0.007891624927814877,0.015191808321959105,0.018077780028357325,0.06946463582933404,1001.8,1
2015-07-10,RELIANCE,EQ,987.4,991.1,1004.0,990.25,1001.9,1001.8,998.98,3682606,367885454480000.0,101337.0,2001485.0,0.5435,0.014583755316994074,-0.0053613979348690055,0.0010992305386228196,1000.9200000000001,985.7300000000001,0.011748039370905634,0.015194895448781942,0.013725294469954083,-0.008327920696522884,1007.0,1
2015-07-13,RELIANCE,EQ,1001.8,1001.8,1012.5,995.15,1005.8,1007.0,1004.58,2253887,226421436535000.0,85261.0,1268558.0,0.5628000000000001,0.005190656817728234,-0.008419083255378768,0.016299137104506256,999.21,990.9925,0.011203098982708779,0.015097193019116438,0.0172293942403178,-0.3879641210599233,997.8,0
2015-07-14,RELIANCE,EQ,1007.0,1008.9,1011.5,995.2,996.35,997.8,1002.08,2272786,227752357785000.0,61634.0,1281088.0,0.5637,-0.00913604766633569,-0.005432344879142792,-0.002299770022997749,998.1200000000001,995.6850000000001,0.010568802957437553,0.015444287825937347,0.016335939065945035,0.008385069881498008,1011.15,1
2015-07-15,RELIANCE,EQ,997.8,999.75,1014.4,999.55,1008.85,1011.15,1009.69,3093396,312338313800000.0,63040.0,1968555.0,0.6364,0.013379434756464192,0.01459963877182413,0.005469099587331661,1001.03,999.6825000000001,0.011657576725083543,0.014433055549755566,0.014686248331108168,0.36105907023362516,1023.7,1
2015-07-16,RELIANCE,EQ,1011.15,1012.0,1027.8,1011.15,1022.35,1023.7,1023.25,3395442,347436972865000.0,93148.0,1974168.0,0.5814,0.012411610542451657,0.03676321652825609,0.012712073997131146,1008.29,1001.9200000000001,0.009883485920565663,0.009556989093897168,0.016264530624206287,0.09764220293813008,1021.7,0
2015-07-17,RELIANCE,EQ,1023.7,1025.25,1031.15,1018.0,1024.0,1021.7,1025.68,2330438,239029294700000.0,61689.0,1300960.0,0.5582,-0.001953697372277019,0.019864244360151773,0.014396346306592589,1012.2699999999999,1003.1724999999999,0.009593573082597078,0.008836553586028442,0.012870705686600852,-0.31365695541257954,1024.75,1
2015-07-20,RELIANCE,EQ,1021.7,1027.8,1029.95,1017.9,1024.95,1024.75,1024.25,1451127,148632313720000.0,37725.0,715420.0,0.493,0.002985220710580272,0.01762661370407148,0.009059130520407743,1015.82,1004.825,0.00957458339725706,0.008718857270921006,0.011758965601366253,-0.37731576639241204,1007.8,0
2015-07-21,RELIANCE,EQ,1024.75,1028.0,1028.45,1002.75,1010.8,1007.8,1018.12,1811142,184395464095000.0,62651.0,887851.0,0.4902,-0.016540619663332534,0.010022048506714842,0.004535260403687902,1017.82,1005.4650000000001,0.012229413627398138,0.009607435129510988,0.02550109148640608,0.24809337845688217,1050.4,1
2015-07-22,RELIANCE,EQ,1007.8,1005.0,1053.95,1004.6,1051.9,1050.4,1039.67,3956647,411362683300000.0,108188.0,1881056.0,0.4754,0.04227029172454877,0.03881718834989867,0.05398354404976935,1025.67,1008.4399999999999,0.02191029705767814,0.013283471797216308,0.0469821020563595,1.1846144587227285,1045.3,0
2015-07-23,RELIANCE,EQ,1050.4,1053.5,1067.85,1041.2,1044.95,1045.3,1051.89,4261457,448256429785000.06,101181.0,1662181.0,0.39,-0.00485529322163003,0.021099931620591983,0.05863884950374709,1029.9900000000002,1010.4775,0.02236458304809928,0.013140745343324009,0.025495073184731525,0.07703745115498051,1025.05,0
2015-07-24,RELIANCE,EQ,1045.3,1048.0,1049.65,1021.1,1029.0,1025.05,1036.68,2994363,310419063560000.0,77903.0,1407651.0,0.4700999999999999,-0.01937242896776048,0.0032788489771948814,0.023208225194649712,1030.66,1011.695,0.024819947322809385,0.013943124857467102,0.02785229988781042,-0.29733821085135903,1005.35,0
2015-07-27,RELIANCE,EQ,1025.05,1024.9,1029.9,1001.75,1002.1,1005.35,1015.96,4598763,467215132550000.0,163170.0,2081832.0,0.4527,-0.01921857470367294,-0.01893144669431568,-0.001638530287984108,1026.78,1012.4200000000001,0.026295495775220452,0.014484370184061561,0.028000198935694127,0.5358067809413889,1010.25,1
2015-07-28,RELIANCE,EQ,1005.35,1008.3,1016.7,1000.1,1011.1,1010.25,1010.32,3059101,309068325445000.0,102509.0,1756519.0,0.5742,0.0048739245039040036,0.0024310379043461783,0.012477450390860012,1027.27,1012.9275,0.025377235227096534,0.014380391371408705,0.016431576342489505,-0.3347991622964698,996.0,0
2015-07-29,RELIANCE,EQ,1010.25,1009.5,1012.7,992.1,995.9,996.0,1003.07,3380933,339131737475000.0,95948.0,2093680.0,0.6193,-0.01410541945063104,-0.051789794364051844,-0.014982940216585083,1016.39,1012.445,0.010439666390075491,0.014692721820518742,0.0206827309236948,0.10520476440627502,1000.15,1
2015-07-30,RELIANCE,EQ,996.0,1000.1,1008.0,992.3,1000.0,1000.15,1000.42,2674704,267584071600000.0,55101.0,1295745.0,0.4844,0.004166666666666652,-0.04319334162441402,-0.023004786558562196,1007.36,1011.9100000000001,0.012283702558016031,0.014674458870989462,0.015697645353197065,-0.2088858312187789,1001.85,1
2015-07-31,RELIANCE,EQ,1000.15,1000.0,1007.9,990.0,1001.0,1001.85,1000.38,3802312,380374733205000.0,93890.0,2376093.0,0.6249,0.0016997450382443269,-0.02263304229061991,-0.01942840364099052,1002.7199999999999,1011.6424999999999,0.011295104411369937,0.014661926804937738,0.017866946149623173,0.42158235079470474,1002.45,1
2015-08-03,RELIANCE,EQ,1001.85,1001.0,1013.85,999.4,1002.0,1002.45,1005.15,2260182,227181890460000.0,64113.0,1164976.0,0.5154,0.0005988920497079775,-0.0028845675635350565,-0.021761405220785512,1002.14,1010.9875,0.007774904359525139,0.014528740500178161,0.0144146840241409,-0.40557692267231094,988.0,0
2015-08-04,RELIANCE,EQ,1002.45,1003.4,1005.65,980.0,989.35,988.0,989.8,2744569,271656486590000.0,95768.0,1284542.0,0.4679999999999999,-0.014414684024140922,-0.022024251422915087,-0.019646755308592945,997.6899999999999,1010.225,0.00908394258084238,0.01463394653763916,0.02596153846153844,0.21431327211702422,987.75,0
2015-08-05,RELIANCE,EQ,988.0,988.25,1000.8,984.1,988.2,987.75,993.42,3279028,325744264765000.0,63368.0,1648003.0,0.5025999999999999,-0.00025303643724694513,-0.008283132530120474,-0.05964394516374727,996.04,1009.7825,0.007331441382521863,0.014566485930318455,0.016907112123512966,0.19473330785270848,978.95,0
2015-08-06,RELIANCE,EQ,987.75,991.0,992.0,977.5,978.5,978.95,983.01,1990511,195669035255000.0,48334.0,1017167.0,0.511,-0.008909136927360062,-0.02119682047692839,-0.06347460059313104,991.8,1009.36,0.007069567468968899,0.014556314946169142,0.01481178814035446,-0.39295699823240304,984.35,1
2015-08-07,RELIANCE,EQ,978.95,979.0,994.0,977.15,984.0,984.35,987.34,1967847,194293663335000.0,72393.0,899677.0,0.4572,0.005516114203994116,-0.017467684783151194,-0.03970538022535475,988.3,1008.4875,0.008015965355635915,0.014204311394296815,0.01711789505765228,-0.011386020976523081,968.9,0
2015-08-10,RELIANCE,EQ,984.35,984.5,988.8,964.5,966.3,968.9,976.42,2123285,207322674610000.0,54028.0,1396501.0,0.6577,-0.015695636714583294,-0.033468003391690426,-0.036256030238225545,981.5899999999999,1006.5825000000001,0.00916653907904747,0.014506557044179743,0.025079987614820883,0.07898886447980957,966.0,0
2015-08-11,RELIANCE,EQ,968.9,971.0,973.65,958.0,966.0,966.0,966.23,2002952,193530622020000.0,55157.0,858996.0,0.4289,-0.0029930849416863747,-0.022267206477732837,-0.043801039346696324,977.1899999999999,1004.9925000000001,0.008145663672426908,0.014408371673169067,0.016200828157349873,-0.05667303258865386,942.9,0
2015-08-12,RELIANCE,EQ,966.0,963.6,966.0,940.55,942.1,942.9,954.08,2205902,210460717130000.0,85463.0,917328.0,0.4159,-0.023913043478260843,-0.045406226271829886,-0.053313253012048256,968.22,1001.5799999999999,0.011334034502559714,0.01478673816452819,0.02699119736981657,0.10132544364517981,933.35,0
2015-08-13,RELIANCE,EQ,942.9,947.0,953.95,929.4,938.4,933.35,940.41,2135047,200782404055000.0,55913.0,1056311.0,0.4947,-0.010128327500265044,-0.046580519944838916,-0.06678998150277449,959.1,997.0625,0.011339354035269972,0.014372556211292641,0.026303101730326316,-0.032120647245435174,966.95,1
2015-08-14,RELIANCE,EQ,933.35,940.25,972.0,934.3,966.45,966.95,958.88,2912005,279226017870000.0,87760.0,1551207.0,0.5327000000000001,0.035999357154336664,-0.017676639406715045,-0.03483555422468432,955.6200000000001,994.325,0.023290010998667326,0.01699450155038104,0.03898857231501116,0.3639067430365701,950.7,0
2015-08-17,RELIANCE,EQ,966.95,966.0,966.0,946.05,950.9,950.7,952.62,2481826,236424270515000.0,73845.0,1314047.0,0.5295000000000001,-0.016805419101297847,-0.018784188254721834,-0.051623522370193076,951.9799999999999,990.6225000000001,0.023441918836540992,0.017225886655543032,0.02098453770905653,-0.14772605129455474,944.1,0
2015-08-18,RELIANCE,EQ,950.7,956.0,956.0,942.2,945.05,944.1,946.32,1515583,143422506200000.0,47655.0,633420.0,0.4179,-0.006942253076680394,-0.022670807453416097,-0.04443319838056681,947.6,987.4375,0.023484193022156447,0.01697842802971178,0.014617095646647552,-0.38932745486589304,954.6,1
2015-08-19,RELIANCE,EQ,944.1,944.0,961.0,939.45,953.0,954.6,952.7,2029201,193321760200000.0,50536.0,988974.0,0.4874,0.011121703209405753,0.012408526885141713,-0.03356112376613518,949.9400000000002,982.6475,0.021317596476822978,0.013709112917911622,0.02257490048187718,0.33889137051550455,916.3,0
2015-08-20,RELIANCE,EQ,954.6,959.95,959.95,913.75,915.65,916.3,929.53,4344929,403876004390000.0,120814.0,2721925.0,0.6265,-0.04012151686570298,-0.018267530936947662,-0.0639971397926351,946.53,976.1975,0.02873977704986347,0.015835727850374952,0.05042016806722694,1.1412018819229837,907.95,0
2015-08-21,RELIANCE,EQ,916.3,910.0,911.9,897.0,905.55,907.95,905.24,4583212,414889427665000.0,127465.0,2978232.0,0.6498,-0.009112736003492161,-0.061016598583173876,-0.07761466957890995,934.7300000000001,970.3425,0.018585948557577565,0.015558660889437704,0.016410595297097832,0.05484163262506714,829.55,0
2015-08-24,RELIANCE,EQ,907.95,880.0,880.0,818.0,821.75,829.55,855.47,8145723,696838332625000.0,180439.0,4629722.0,0.5684,-0.08634836720083716,-0.1274324182181551,-0.14382289193931264,910.5,961.5525,0.03829930527264506,0.023691358584666332,0.07473931649689591,0.7772957044099205,848.15,1
2015-08-25,RELIANCE,EQ,829.55,840.85,860.65,823.2,858.3,848.15,841.72,11315843,952476844875000.0,168596.0,7999100.0,0.7069,0.02242179494906882,-0.10163118313737951,-0.12199792960662525,891.3100000000001,953.4475,0.04385445040769707,0.024552730093013245,0.04415492542592694,0.3891760129825186,853.4,1
2015-08-26,RELIANCE,EQ,848.15,847.8,874.8,840.0,851.8,853.4,860.44,4332912,372821746840000.0,116846.0,2295155.0,0.5297,0.0061899428167186965,-0.10601298973392004,-0.09491992788206594,871.07,946.3174999999999,0.04301545344392936,0.024723797726576225,0.04077806421373325,-0.6170933089121156,869.15,1
2015-08-27,RELIANCE,EQ,853.4,866.8,881.25,857.05,868.5,869.15,870.09,6171185,536951538325000.0,134104.0,3943292.0,0.639,0.018455589407077477,-0.051456946414929594,-0.06878448599132159,861.64,939.7674999999999,0.04458798051374993,0.025275807425628998,0.027843295173445373,0.4242580970949792,872.4,1
2015-08-28,RELIANCE,EQ,869.15,875.0,883.0,866.1,871.1,872.4,874.99,2461890,215413782035000.0,60204.0,989992.0,0.4021,0.0037392855088305144,-0.03915413844374693,-0.09778168467862869,854.53,933.2950000000001,0.044997334845194734,0.025315485932745182,0.019371847776249403,-0.601066893959588,855.9,0
2015-08-31,RELIANCE,EQ,872.4,872.85,872.85,853.8,857.65,855.9,860.15,4733716,407168567395000.0,80933.0,3366317.0,0.7111,-0.01891334250343879,0.03176420951118075,-0.09971599873777226,859.8,925.9675,0.016201247678891986,0.02540011585390905,0.02225727304591666,0.9227975254783927,839.85,0
2015-09-01,RELIANCE,EQ,855.9,853.9,853.9,835.1,838.15,839.85,842.26,4947842,416736857315000.0,95197.0,3217918.0,0.6504000000000001,-0.018752190676480818,-0.009786004834050566,-0.11042262472195741,858.14,918.5600000000001,0.016469967156389133,0.025480157388129608,0.022384949693397577,0.04523423035940466,849.55,1
2015-09-02,RELIANCE,EQ,839.85,850.0,857.1,842.6,853.0,849.55,850.31,4492201,381976280085000.0,103193.0,2882270.0,0.6416,0.011549681490742314,-0.00451136629950788,-0.11004609260423226,857.3700000000001,911.65,0.017279109837206,0.02579816642311531,0.017067859455005593,-0.0920888338794974,853.85,1
2015-09-03,RELIANCE,EQ,849.55,854.05,860.75,844.4,855.05,853.85,852.42,2665275,227193032660000.0,71594.0,1379765.0,0.5177,0.005061503148725777,-0.017603405626186452,-0.0681545345410891,854.3100000000001,905.3949999999999,0.014338698607617325,0.025937704793736308,0.019148562393863117,-0.4066883917260158,835.9,0
2015-09-04,RELIANCE,EQ,853.85,849.7,849.7,825.1,835.05,835.9,835.59,3703036,309423381680000.0,76332.0,2203836.0,0.5951,-0.02102242782690178,-0.041838606143970614,-0.07935459001046319,847.01,897.9725000000001,0.015461440637318054,0.025970325706792353,0.029429357578657764,0.3893635741152415,833.2,0
2015-09-07,RELIANCE,EQ,835.9,838.25,844.0,827.7,833.05,833.2,833.34,2339465,194957093045000.0,62033.0,1249598.0,0.5341,-0.003230051441559967,-0.02652178992872989,0.004399975890543084,842.47,891.1875,0.014350183819097697,0.025920661823723438,0.019563130100816076,-0.36823055460438403,848.6,1
2015-09-08,RELIANCE,EQ,833.2,836.0,852.95,825.1,850.6,848.6,842.4,2948830,248410286755000.03,79567.0,1352665.0,0.4587,0.018482957273163736,0.010418527117937781,0.0005305665271473359,844.22,885.3174999999999,0.015243859751537163,0.026540969941819176,0.03281876031110066,0.26047194550890906,874.05,1
2015-09-09,RELIANCE,EQ,848.6,861.0,878.7,850.5,870.1,874.05,866.09,3963791,343301224280000.0,109108.0,2323884.0,0.5863,0.029990572707989438,0.02883879701018177,0.02419732833372401,849.1200000000001,881.875,0.019669488344656958,0.02736250548148362,0.032263600480521765,0.344191085956125,867.0,0
2015-09-10,RELIANCE,EQ,874.05,861.0,870.5,855.5,870.5,867.0,863.59,2531423,218610631690000.0,54859.0,1416406.0,0.5595,-0.00806590012013042,0.015400831527785819,-0.0024736811827646976,851.75,878.5574999999999,0.020653636674817323,0.027339762919788683,0.01730103806228374,-0.36136314957070137,860.95,0
2015-09-11,RELIANCE,EQ,867.0,872.0,876.1,856.2,860.35,860.95,863.16,2430944,209828231540000.0,57363.0,1275183.0,0.5246000000000001,-0.006978085351787677,0.02996769948558442,-0.013124713434204405,856.76,873.2575,0.017196205517829584,0.025728571842116663,0.023114001974562957,-0.039692694583244315,863.85,1
2015-09-14,RELIANCE,EQ,860.95,861.75,865.7,851.9,862.0,863.85,858.87,1820453,156352891235000.0,45885.0,775917.0,0.4261999999999999,0.003368372147046772,0.036785885741718705,0.009288468279004647,862.89,868.915,0.01654792417277758,0.02565588184942036,0.01597499565896865,-0.2511333045927837,868.15,1
2015-09-15,RELIANCE,EQ,863.85,862.0,870.0,855.6,867.0,868.15,864.45,2630944,227431620935000.0,63045.0,1466818.0,0.5575,0.004977716038664148,0.02303794485034172,0.03369649342144432,866.8,865.1175,0.015336237425617115,0.02573340357865397,0.016586995334907536,0.44521391104302066,872.55,1
2015-09-16,RELIANCE,EQ,868.15,872.1,877.35,865.2,872.6,872.55,872.1,3068686,267621551395000.0,59035.0,1998700.0,0.6513,0.005068248574555012,-0.0017161489617298908,0.027073156376905327,866.5,861.015,0.0066149830014160796,0.025583086403794735,0.013924703455389351,0.16638210467421577,895.4,1
2015-09-18,RELIANCE,EQ,872.55,878.45,899.5,877.15,891.7,895.4,890.05,7831592,697052341840000.0,126115.0,6100039.0,0.7789,0.02618761102515621,0.03275663206459045,0.04866194296422077,872.18,859.97,0.012077169555197905,0.024966874861455334,0.024960911324547714,1.5520994979610165,878.1,0
2015-09-21,RELIANCE,EQ,895.4,880.0,888.2,876.05,877.75,878.1,882.23,2910364,256762247650000.0,83987.0,1883028.0,0.647,-0.019320973866428393,0.019919855973052902,0.05048450771623414,875.61,858.4775,0.01611395476929493,0.02524752959791274,0.013836692859583295,-0.6283815602242813,847.9,0
2015-09-22,RELIANCE,EQ,878.1,880.0,884.9,844.5,846.0,847.9,861.37,3599162,310021631380000.0,91666.0,1921854.0,0.534,-0.034392438218881716,-0.018463853678300723,0.01764282285165608,872.4200000000001,859.3950000000001,0.02361824862857314,0.017538144830461937,0.047647128199080055,0.2366707394676404,850.35,1
2015-09-23,RELIANCE,EQ,847.9,843.0,856.8,840.0,849.3,850.35,848.94,3479324,295374256950000.0,61882.0,2188168.0,0.6289,0.002889491685340362,-0.020503369233427327,0.0020622201272684215,868.86,859.5049999999999,0.023448802283423022,0.01682597568051977,0.01975657082377839,-0.03329608392175731,837.35,0
2015-09-24,RELIANCE,EQ,850.35,848.0,848.0,834.75,836.65,837.35,838.12,6646509,557056652215000.0,82970.0,5163391.0,0.7769,-0.015287822661257167,-0.04034152770614852,-0.041988444596990915,861.8199999999999,858.7025,0.023265909767010123,0.017110854217955464,0.0158237296232161,0.9102874581384199,834.25,0
2015-09-28,RELIANCE,EQ,837.35,839.8,840.9,828.7,835.0,834.25,834.47,2657197,221734037255000.03,66012.0,1430216.0,0.5382,-0.0037021556099600117,-0.06829350011168189,-0.03777393310265287,849.5899999999999,856.9575000000001,0.014466481848869409,0.016504410781881765,0.01462391369493549,-0.6002116298947312,840.75,1
2015-09-29,RELIANCE,EQ,834.25,830.0,850.25,826.1,842.0,840.75,838.35,3623837,303802913175000.0,85289.0,2101366.0,0.5799000000000001,0.007791429427629559,-0.042535018790570533,-0.023462454265636867,842.1199999999999,855.375,0.016842173833555116,0.016602090870078724,0.028724353256021382,0.3637818347679904,862.3,1
2015-09-30,RELIANCE,EQ,840.75,851.0,864.8,838.5,862.05,862.3,853.69,3952665,337434592280000.0,101403.0,2097005.0,0.5305,0.025631876300921785,0.01698313480363245,-0.0017942929906813454,845.0,855.695,0.015111717992203509,0.01715226555204609,0.030499826046619456,0.09074028440020898,864.7,1
2015-10-01,RELIANCE,EQ,862.3,873.95,873.95,858.6,862.5,864.7,864.09,1980306,171117017545000.0,43384.0,1056518.0,0.5335,0.0027832540879044743,0.016875404245310754,-0.003973967632321496,847.8699999999999,856.9375,0.015112803350230285,0.016544435978303147,0.01775182144096221,-0.4989947288727985,888.0,1
2015-10-05,RELIANCE,EQ,864.7,862.8,890.0,861.85,889.5,888.0,878.86,3660854,321737361290000.0,87514.0,2055732.0,0.5615,0.026945761535792645,0.06048844569176559,0.01770672167784082,858.0,858.86,0.013769182420321298,0.017369881206302906,0.031700450450450425,0.8486304641807882,898.05,1
2015-10-06,RELIANCE,EQ,888.0,895.65,900.5,885.75,893.9,898.05,893.49,2818498,251831000235000.0,89048.0,1677798.0,0.5953,0.01131756756756741,0.07647587653581045,0.002959571141389228,870.76,861.07,0.010844981417614405,0.017477111115085896,0.016424475251934748,-0.23009822298294336,913.8,1
2015-10-07,RELIANCE,EQ,898.05,894.7,918.05,891.0,916.1,913.8,903.5,2632179,237817501950000.0,74168.0,1335809.0,0.5075000000000001,0.017537998997828597,0.08688670829616418,0.040655961735565294,885.3699999999999,864.9649999999999,0.010099505175274363,0.016841028852730595,0.029601663383672528,-0.06610577690670705,889.1,0
2015-10-08,RELIANCE,EQ,913.8,914.9,914.9,886.25,892.4,889.1,899.98,2457989,221213007045000.0,62316.0,788952.0,0.321,-0.027029984679360797,0.031079670648266333,0.0485906356881709,890.7299999999999,867.7599999999999,0.0206214139883892,0.0182087288370339,0.032223596895737235,-0.06617711029531048,887.35,0
2015-10-09,RELIANCE,EQ,889.1,894.05,905.45,881.5,885.7,887.35,892.19,2132195,190231441525000.0,56884.0,851776.0,0.3995,-0.001968282532898491,0.026194055741875832,0.043511495266654876,895.26,869.6975,0.020931771320953235,0.017889144493446536,0.02699047726376294,-0.13254493815879564,891.75,1
2015-10-12,RELIANCE,EQ,887.35,888.0,901.6,888.0,892.35,891.75,894.81,1420049,127067077595000.0,38862.0,518886.0,0.3654,0.004958584549501266,0.004222972972973027,0.06496685973607219,896.01,870.5825000000001,0.017248999721519095,0.016691858682081746,0.015250911129800978,-0.3339966560281775,893.6,1
2015-10-13,RELIANCE,EQ,891.75,885.05,896.3,882.9,895.0,893.6,890.39,1408658,125425067215000.02,36218.0,529312.0,0.3757999999999999,0.0020745724698627566,-0.004955180669227732,0.0711417440815103,895.1200000000001,871.9125,0.016332843947887355,0.016551064700902375,0.014995523724261389,-0.008021554185806301,902.95,1
2015-10-14,RELIANCE,EQ,893.6,895.8,905.0,893.95,904.2,902.95,899.94,1829257,164622978255000.0,52175.0,809739.0,0.4427,0.010463294538943568,-0.011873495294375092,0.07398156407969081,892.95,874.0125,0.014546544258897117,0.016532414998977438,0.01223766542997946,0.2985813447976726,903.7,1
2015-10-15,RELIANCE,EQ,902.95,907.7,911.0,900.1,903.6,903.7,905.46,2068330,187278359780000.0,86429.0,1079605.0,0.522,0.0008306107757904968,0.01642109998875263,0.04801113301635174,895.8700000000001,876.0050000000001,0.00472795038439657,0.016535256730638312,0.012061524842314902,0.13069404681791563,912.15,1
2015-10-16,RELIANCE,EQ,903.7,904.5,914.8,903.7,914.8,912.15,911.22,3485193,317576499775000.0,77292.0,1864227.0,0.5349,0.009350448157574354,0.02794838564264368,0.05487452295593842,900.8300000000002,878.2049999999999,0.004280298525831325,0.01660008591506406,0.012169051142904029,0.6850275342909498,963.5,1
2015-10-19,RELIANCE,EQ,912.15,941.0,965.5,941.0,962.3,963.5,956.63,7658875,732670595085000.0,169482.0,2763254.0,0.3608,0.05629556542235381,0.08045977011494254,0.08502252252252251,915.1800000000001,882.7524999999999,0.02303496199070726,0.020495111723312195,0.02542812662169175,1.1975468790394106,956.7,0
2015-10-20,RELIANCE,EQ,963.5,965.0,966.7,953.0,955.0,956.7,957.47,4135503,395960569170000.0,78770.0,2320307.0,0.5611,-0.007057602490918469,0.07061324977618622,0.06530816769667624,927.8,885.8174999999999,0.024697642284076154,0.020043780562553133,0.014320058534545882,-0.4600377992851431,955.0,0
2015-10-21,RELIANCE,EQ,956.7,955.5,974.8,953.0,953.9,955.0,963.05,3292615,317096873525000.0,91253.0,1229198.0,0.3732999999999999,-0.001776941569980206,0.05764438783985826,0.04508645217771945,938.21,889.6625,0.02571846064284796,0.01936460984501895,0.022827225130890003,-0.20381752836353884,955.65,1
2015-10-23,RELIANCE,EQ,955.0,963.95,973.05,941.15,954.8,955.65,962.9,2778068,267501021775000.0,76623.0,1337730.0,0.4815,0.000680628272251349,0.05748589133562021,0.07485097289393772,948.6,895.05,0.025734139942834026,0.017127168107036118,0.03338042170250612,-0.1562730534848441,942.85,0
2015-10-26,RELIANCE,EQ,955.65,961.9,963.0,941.3,942.15,942.85,948.12,2500420,237070995735000.0,63826.0,1301352.0,0.5205,-0.013394025009155985,0.033656745052897064,0.06254578238575537,954.74,899.675,0.02810934736820911,0.017668133343065395,0.02301532587368091,-0.09994283797228865,939.55,0
2015-10-27,RELIANCE,EQ,942.85,938.8,948.25,937.4,939.5,939.55,941.44,2651976,249667618735000.0,87659.0,1614510.0,0.6088,-0.003500026515352417,-0.0248572911261028,0.05360246705915328,949.95,904.7849999999999,0.005468100386737962,0.017132925985810076,0.011548081528391275,0.06061221714751919,936.95,0
2015-10-28,RELIANCE,EQ,939.55,936.9,944.9,929.9,936.9,936.95,936.98,2733564,256129247180000.03,67044.0,1636569.0,0.5987,-0.0027672822095683447,-0.020643880004181048,0.0485116383169204,946.0,909.9199999999998,0.0054026090111660065,0.01710657129862231,0.01600939217674369,0.030764984298500497,941.0,1
2015-10-29,RELIANCE,EQ,936.95,936.0,945.0,934.95,940.5,941.0,940.34,3035672,285456795155000.0,76473.0,2108950.0,0.6947,0.004322535887720802,-0.014659685863874339,0.04213965335843617,943.2,914.9324999999999,0.006623502220774217,0.017104593184130667,0.010680127523910685,0.11051799043300248,947.7,1
2015-10-30,RELIANCE,EQ,941.0,942.1,955.9,940.1,946.5,947.7,949.62,3055325,290138510050000.0,69257.0,1752363.0,0.5735,0.007120085015940525,-0.00831894522053045,0.0486887241341154,941.61,919.2025,0.007987152518240018,0.016462912076189915,0.016671942597868476,0.006474019591049318,959.8,1
2015-11-02,RELIANCE,EQ,947.7,949.0,961.5,945.2,959.85,959.8,953.41,1650838,157393046785000.0,42402.0,936577.0,0.5673,0.01276775350849424,0.017977408919764404,0.052239215041385734,945.0,923.9574999999999,0.006854063976444315,0.01654781016563744,0.01698270473015207,-0.4596849762300246,967.2,1
2015-11-03,RELIANCE,EQ,959.8,963.25,970.45,961.25,967.0,967.2,965.43,2599796,250990952620000.0,65688.0,1754587.0,0.6748999999999999,0.007709939570744062,0.029428981959448874,0.0038401660612350508,950.5300000000001,927.9174999999999,0.005690268523651464,0.015767707500086024,0.009511993382961171,0.5748341145527303,951.3,0
2015-11-04,RELIANCE,EQ,967.2,968.0,975.0,946.2,947.45,951.3,961.91,2293418,220606353305000.03,72054.0,1331663.0,0.5806,-0.0164392059553351,0.015315651849084677,-0.005644402634054635,953.4,930.5799999999999,0.011337473001761827,0.016337734877862796,0.03027436140018917,-0.11784693875981034,936.6,0
2015-11-05,RELIANCE,EQ,951.3,949.0,951.0,933.0,935.15,936.6,941.85,2461259,231812928520000.0,90682.0,1555837.0,0.6321,-0.015452538631346546,-0.004675876726886297,-0.019267015706806223,952.5200000000001,931.72,0.013950762715901323,0.016458597906147756,0.019218449711723255,0.07318378071507237,952.4,1
2015-11-06,RELIANCE,EQ,936.6,939.45,954.75,937.9,951.8,952.4,948.47,1912599,181403844340000.0,71989.0,1060804.0,0.5546,0.016869528080290408,0.004959375329745663,-0.0034008266624809824,953.46,934.885,0.015891158494251368,0.015364126777072546,0.01769214615707688,-0.22291843320837024,961.25,1
2015-11-09,RELIANCE,EQ,952.4,933.5,965.0,923.45,960.35,961.25,949.16,3893160,369524092920000.0,73959.0,2471307.0,0.6348,0.009292314153716896,0.0015107314023754537,0.01951529935832852,953.75,938.5799999999999,0.015318416867334546,0.015357417938958078,0.04322496749024703,1.0355338468753774,922.75,0
2015-11-10,RELIANCE,EQ,961.25,957.0,959.5,916.3,925.7,922.75,933.44,2625561,245081511680000.03,65647.0,1381943.0,0.5263,-0.04005201560468141,-0.04595740281224159,-0.01788090043105739,944.86,940.1299999999999,0.022720715625861407,0.018252740930055505,0.046816580872392356,-0.3255964306630089,928.45,1
2015-11-11,RELIANCE,EQ,922.75,927.1,932.85,927.1,928.5,928.45,928.82,299511,27819326540000.0,8723.0,98030.0,0.3273,0.006177187753996227,-0.024019762430358416,-0.009071988900154704,940.29,941.8725000000001,0.023155465499234175,0.018278233397250453,0.006193117561527277,-0.8859249508962085,933.05,1
2015-11-13,RELIANCE,EQ,928.45,915.05,938.55,914.5,931.85,933.05,929.36,3127549,290662422330000.0,99399.0,1889429.0,0.6041,0.004954494049221658,-0.003790305359812174,-0.008448459086078719,939.5799999999999,943.3774999999999,0.022562551045188964,0.018186403610768488,0.025775681903434922,9.442184093405585,934.3,1
2015-11-16,RELIANCE,EQ,933.05,926.0,942.0,924.75,933.0,934.3,934.51,3507963,327820956600000.0,65980.0,2302883.0,0.6565000000000001,0.0013396924066233495,-0.019004619907601827,-0.01413949562097716,935.96,944.9074999999999,0.020543356038203384,0.018185336702391974,0.01846302044311249,0.12163326617744441,927.75,0
2015-11-17,RELIANCE,EQ,934.3,938.05,938.9,926.2,927.35,927.75,931.47,1963105,182857375125000.0,42115.0,1170802.0,0.5964,-0.0070105961682542794,-0.03485045513654095,-0.03339237341112722,929.26,945.6875,0.019225641114010462,0.01819684307149687,0.013689032605766566,-0.440386058803927,912.0,0
2015-11-18,RELIANCE,EQ,927.75,927.6,931.3,909.95,911.0,912.0,921.37,2571383,236919814705000.03,132654.0,1505710.0,0.5856,-0.016976556184316927,-0.011649959360606865,-0.057071960297766844,927.11,943.1125,0.009686701255372202,0.013157099592573471,0.023410087719298145,0.30985505105432476,934.75,1
2015-11-19,RELIANCE,EQ,912.0,918.9,938.7,917.25,933.55,934.75,931.31,2784876,259359531975000.0,81482.0,1591562.0,0.5715,0.024945175438596534,0.006785502719586445,-0.01739724587406699,928.3700000000001,942.015,0.015615989998685917,0.014474206562850355,0.02294731211553896,0.08302652697011692,946.85,1
2015-11-20,RELIANCE,EQ,934.75,934.0,952.8,925.55,948.0,946.85,942.21,2583965,243462510860000.0,57892.0,1344176.0,0.5202,0.012944637603637288,0.0147902041691228,0.01094383941917565,931.1299999999999,941.6075000000001,0.016450731359330426,0.014806320031169412,0.02877963774621112,-0.07214360711212997,953.75,1
2015-11-23,RELIANCE,EQ,946.85,950.0,957.9,946.2,956.3,953.75,951.73,2400013,228416769550000.0,79563.0,1414277.0,0.5893,0.007287321117389167,0.02081772449962549,0.0014174716505670482,935.0200000000001,941.5125,0.016511203182511768,0.014903281004810342,0.012267365661861002,-0.07118981874754493,967.7,1
2015-11-24,RELIANCE,EQ,953.75,953.0,971.6,951.05,969.1,967.7,964.16,3384443,326312905330000.0,83064.0,2141467.0,0.6327,0.014626474442988258,0.04306116949609273,0.006710013003901283,943.01,942.7550000000001,0.01563838546783656,0.014894252659920146,0.02123592022320974,0.410176944874882,988.65,1
2015-11-26,RELIANCE,EQ,967.7,971.0,991.95,968.25,990.0,988.65,983.36,5441612,535105404530000.0,110515.0,3531632.0,0.649,0.02164927146843021,0.08404605263157894,0.07141696017339472,958.3399999999999,945.21,0.007047000155943305,0.015507103961765422,0.023972083143680822,0.6078308897505438,979.05,0
2015-11-27,RELIANCE,EQ,988.65,989.0,992.5,974.1,979.5,979.05,982.75,2489697,244675208940000.0,68929.0,1303225.0,0.5234000000000001,-0.009710210893642879,0.0473923508959615,0.05449943454144002,967.2,947.3149999999999,0.01182772709626587,0.01571148898802171,0.01879372861447319,-0.5424706869949567,965.85,0
2015-11-30,RELIANCE,EQ,979.05,978.5,984.4,962.3,967.1,965.85,967.44,6839027,661638126325000.0,92076.0,4617784.0,0.6752,-0.013482457484295884,0.020066536410202174,0.035153528749799046,971.0,948.5575000000001,0.015238142816538456,0.01609177896504925,0.022881399803282108,1.746931453907845,965.9,1
2015-12-01,RELIANCE,EQ,965.85,964.0,978.8,961.25,966.55,965.9,968.5,2967325,287386659810000.0,65247.0,1737934.0,0.5857,5.176787285798845e-05,0.01273918741808644,0.03382211281173064,973.43,949.4675,0.015200225428451628,0.01603771540070383,0.018169582772543696,-0.5661188353255514,977.95,1
2015-12-02,RELIANCE,EQ,965.9,966.25,979.7,964.5,978.65,977.95,972.76,1731204,168403838830000.0,65916.0,707134.0,0.4085,0.012475411533285019,0.01059212565877865,0.054109404473187794,975.4799999999999,950.375,0.014800892606355075,0.01602662649759119,0.015542716907817418,-0.41657755722746914,977.2,0
2015-12-03,RELIANCE,EQ,977.95,974.9,988.95,974.1,977.05,977.2,980.75,2597024,254702706130000.03,54577.0,1304778.0,0.5024000000000001,-0.0007669103737409921,-0.011581449451271819,0.07149122807017538,973.1899999999999,950.875,0.010076601967112943,0.01595342749375755,0.01519647973802704,0.5001259239234659,965.45,0
2015-12-04,RELIANCE,EQ,977.2,972.3,976.2,961.4,966.0,965.45,967.43,3073001,297290592130000.0,78197.0,1738082.0,0.5656,-0.012024150634465824,-0.013891016802001888,0.03284300615137736,970.47,951.5825000000001,0.010545036925012774,0.015733748537428136,0.015329639028432407,0.18327785958081244,952.05,0
2015-12-07,RELIANCE,EQ,965.45,965.45,973.0,949.75,952.6,952.05,957.4,3310778,316974773725000.0,77551.0,1973435.0,0.5961,-0.013879538039256345,-0.014287932908836898,0.005491894175423617,967.71,952.3549999999999,0.010647079824911957,0.01565164720436785,0.024420986292736726,0.07737615444967316,940.9,0
2015-12-08,RELIANCE,EQ,952.05,948.9,953.6,936.1,940.0,940.9,945.84,1721726,162848560680000.0,62533.0,770794.0,0.4477,-0.011711569770495256,-0.025882596542085134,-0.013473132372214924,962.71,951.7800000000001,0.011139733737812213,0.015423360121887855,0.0185992135189712,-0.47996331979975704,915.9,0
2015-12-09,RELIANCE,EQ,940.9,936.2,943.45,912.85,917.75,915.9,924.72,2097118,193925572130000.0,54403.0,1017335.0,0.4851,-0.02657030502710167,-0.06344905158750458,-0.053528986256071165,950.3,949.5125,0.009181327929397791,0.016286337538263314,0.03340976089092698,0.2180323698428206,950.35,1
2015-12-10,RELIANCE,EQ,915.9,922.5,953.8,920.0,949.25,950.35,940.59,4249865,399739049170000.0,117406.0,2428087.0,0.5713,0.03761327655857638,-0.027476463364715542,-0.03873969554442924,944.93,950.8925000000002,0.024768452906384672,0.016065386915844568,0.03556584416267686,1.0265264043320403,952.95,1
2015-12-11,RELIANCE,EQ,950.35,951.75,959.0,942.9,950.9,952.95,950.93,4150045,394642106250000.0,80404.0,2363190.0,0.5694,0.0027358341663596963,-0.012947330260500323,-0.026658495480312405,942.43,952.1175,0.02464812780784101,0.016032139670698237,0.016894905294086805,-0.02348780490674407,955.1,1
2015-12-14,RELIANCE,EQ,952.95,947.6,963.5,946.0,958.05,955.1,955.64,2414730,230762294010000.0,92541.0,1282998.0,0.5313,0.002256151949210361,0.0032036132556063635,-0.011130092664492386,943.04,953.22,0.02380513191967147,0.016012211732979502,0.018322688723693855,-0.4181436586832191,975.9,1
2015-12-15,RELIANCE,EQ,955.1,957.0,977.95,953.65,976.0,975.9,969.49,3593061,348343230545000.0,116706.0,2136173.0,0.5945,0.021777824311590255,0.037198427037942405,0.01035303861683401,950.04,955.3,0.024091632514034445,0.016654863459044128,0.02490009222256386,0.48797629548645194,978.65,1
2015-12-16,RELIANCE,EQ,975.9,975.9,987.55,973.5,979.0,978.65,981.35,2765248,271367899810000.0,87348.0,1647585.0,0.5958,0.002817911671277873,0.06851184627142692,0.0007157830154915779,962.5899999999999,957.845,0.01586153363887985,0.016509692878911356,0.014356511520972722,-0.23039213639846357,1009.7,1
2015-12-17,RELIANCE,EQ,978.65,980.05,1015.0,978.0,1013.05,1009.7,996.08,4427435,441007803100000.0,115033.0,2561104.0,0.5785,0.031727379553466495,0.062450676066712285,0.033258288988948115,974.46,962.7300000000001,0.013688567705848318,0.017022612763201897,0.036644547885510546,0.6010987079639873,991.9,0
2015-12-18,RELIANCE,EQ,1009.7,1003.8,1009.0,990.0,990.6,991.9,995.59,3661020,364488883610000.0,91366.0,2462445.0,0.6726000000000001,-0.017628998712488908,0.04087307833569431,0.027396550831218613,982.25,965.5875,0.019165905835422062,0.017090364231464372,0.01915515676983567,-0.17310587281349132,992.1,1
2015-12-21,RELIANCE,EQ,991.9,987.9,999.0,984.35,990.5,992.1,991.29,2818835,279428962895000.0,67705.0,1466404.0,0.5202,0.00020163322915611737,0.038739399015809806,0.042067118323617425,989.65,967.85,0.019346105863908527,0.016941285403692347,0.014766656587037574,-0.2300410814472469,987.3,0
2015-12-22,RELIANCE,EQ,992.1,992.8,1002.6,984.0,985.9,987.3,992.85,2646828,262790043530000.03,85459.0,1339241.0,0.506,-0.004838221953432198,0.01168152474638795,0.04931448613030076,991.9300000000001,969.5274999999999,0.018156539164495382,0.016976832319347247,0.01883925858401704,-0.061020598935375814,1003.8,1
2015-12-23,RELIANCE,EQ,987.3,991.8,1006.9,990.0,1004.7,1003.8,1003.71,2953173,296413017490000.0,105611.0,1739721.0,0.5891,0.016712245518079705,0.02569866653042463,0.09597117589256476,996.96,971.3324999999999,0.019255780674901142,0.017065520074135487,0.016836023112173717,0.11574042589847178,1000.55,0
2015-12-24,RELIANCE,EQ,1003.8,1003.9,1007.2,996.3,1002.4,1000.55,1000.54,2720569,272204904130000.03,71797.0,1611582.0,0.5924,-0.0032376967523410904,-0.00906209765276822,0.05282264428894612,995.1299999999999,971.9275,0.012334463928037892,0.016451366354755425,0.010894008295437602,-0.07876409543226892,1010.4,1
2015-12-28,RELIANCE,EQ,1000.55,1000.6,1013.75,1000.0,1010.1,1010.4,1009.24,2945508,297272442695000.0,52257.0,1770192.0,0.601,0.009844585477987167,0.018651073696945186,0.0602864788288997,998.8299999999999,973.4950000000001,0.009224142778092824,0.016379411760662793,0.013608471892319873,0.08268086565714738,1015.4,1
2015-12-29,RELIANCE,EQ,1010.4,1010.4,1018.7,1007.15,1014.0,1015.4,1014.21,3409060,345750561235000.0,113811.0,2342117.0,0.687,0.004948535233570972,0.023485535732284957,0.06313475028792781,1003.49,975.9725000000001,0.009011191432378949,0.015993981838209402,0.01137482765412652,0.15737590935078094,1004.5,0
2015-12-30,RELIANCE,EQ,1015.4,1015.0,1016.0,1002.0,1003.45,1004.5,1007.91,1863321,187806256555000.0,63926.0,1161470.0,0.6233,-0.010734685838093339,0.01742124987339211,0.02930628138128899,1006.93,977.9025000000001,0.010781211338388615,0.01626489523125001,0.013937282229965157,-0.45342088434935146,1014.6,1
2015-12-31,RELIANCE,EQ,1004.5,1003.4,1019.7,999.1,1010.4,1014.6,1011.8,4225066,427493369975000.0,58372.0,2504126.0,0.5927,0.010054753608760514,0.010759115361625993,0.036734276809891275,1009.0899999999999,979.735,0.009007813699137302,0.016192359133506848,0.020303567908535405,1.2674922893049558,1015.35,1
2016-01-01,RELIANCE,EQ,1014.6,1009.8,1018.9,1008.2,1013.6,1015.35,1015.52,1238135,125735282530000.0,30701.0,529539.0,0.4277,0.0007392075694854228,0.014791864474539063,0.005595721501435946,1012.05,981.6424999999999,0.008575591940241049,0.016182484842950855,0.010538238045993924,-0.7069548736043414,995.3,0
2016-01-04,RELIANCE,EQ,1015.35,1005.0,1013.8,986.7,993.2,995.3,998.91,6896571,688907047495000.0,66235.0,4974602.0,0.7212999999999999,-0.019746885310484186,-0.014944576405384047,0.0034277648956548834,1009.03,983.135,0.012122885316729868,0.016621914398406712,0.02722797146588959,4.570128459336018,1005.15,1
2016-01-05,RELIANCE,EQ,995.3,1000.3,1010.0,997.0,1005.0,1005.15,1003.41,3416459,342812527100000.0,59935.0,1987804.0,0.5818,0.009896513613985691,-0.010094544022060226,0.013153915935893545,1006.9799999999999,985.79,0.013091842169950366,0.016299584277014084,0.01293339302591653,-0.5046148296015512,1032.2,1
2016-01-06,RELIANCE,EQ,1005.15,1007.6,1038.4,1000.4,1029.1,1032.2,1028.15,6116855,628907342075000.0,160947.0,2912662.0,0.4761999999999999,0.02691140625777244,0.02757590841214541,0.04547756507647138,1012.5200000000001,990.3549999999999,0.017018876199546732,0.016765767389537556,0.03681457081960871,0.7904078462525088,1013.25,0
2016-01-07,RELIANCE,EQ,1032.2,1021.05,1028.0,1008.05,1018.9,1013.25,1016.73,4512219,458770042470000.0,105075.0,2474491.0,0.5484,-0.018358845185041717,-0.0013305736250739386,0.009414225941422716,1012.25,995.2225000000001,0.019682704748285495,0.016042738068887914,0.019689119170984502,-0.26233023342878004,1025.75,1
2016-01-08,RELIANCE,EQ,1013.25,1020.0,1032.9,1016.7,1027.4,1025.75,1026.11,4871839,499905650430000.0,176664.0,2746938.0,0.5638000000000001,0.012336540833950194,0.010242773427882046,0.025186147618809773,1014.3299999999999,998.9925,0.020475418013397615,0.01424892384937593,0.015793321959541844,0.07969914580830406,1051.6,1
2016-01-11,RELIANCE,EQ,1025.75,1015.95,1060.8,1011.0,1054.0,1051.6,1047.9,6632671,695038902485000.0,135818.0,3486732.0,0.5257000000000001,0.025201072386058954,0.05656585953983728,0.04077593032462379,1025.59,1003.925,0.018163111033170094,0.015015462399264818,0.047356409281095434,0.36143066304120475,1045.45,0
2016-01-12,RELIANCE,EQ,1051.6,1055.0,1065.4,1041.1,1044.4,1045.45,1053.1,5342761,562646557550000.0,143685.0,3007937.0,0.563,-0.005848231266641135,0.04009351838034125,0.029594248571991333,1033.65,1008.4424999999999,0.01974129102730643,0.015202844281129517,0.02324357931991026,-0.19447821247277308,1076.85,1
2016-01-13,RELIANCE,EQ,1045.45,1053.1,1089.75,1047.2,1073.2,1076.85,1060.93,16412811,1741282559570000.0,176074.0,9071367.0,0.5527000000000001,0.030034913195274626,0.04325712071303989,0.07202588352414119,1042.58,1013.4900000000001,0.0205214330345744,0.01579342036416734,0.039513395551840975,2.0719717763905217,1061.65,0
2016-01-14,RELIANCE,EQ,1076.85,1063.85,1081.0,1053.05,1060.45,1061.65,1067.41,6359913,678862287015000.0,137443.0,3284265.0,0.5164,-0.014115243534382538,0.04776708610905511,0.0463729548590579,1052.2599999999998,1017.64,0.01916701495841191,0.016363075036245848,0.02632694390806767,-0.6125031233223852,1073.3,1
2016-01-15,RELIANCE,EQ,1061.65,1069.75,1089.5,1065.6,1072.6,1073.3,1080.4,6575725,710439094810000.0,136461.0,3749070.0,0.5700999999999999,0.010973484670088851,0.046356324640506985,0.05707391539863105,1061.77,1020.8199999999999,0.01912662356378599,0.015138047261926536,0.022267772291065024,0.03393316858265205,1016.85,0
2016-01-18,RELIANCE,EQ,1073.3,1075.0,1083.95,1008.1,1020.4,1016.85,1049.91,6229959,654092320990000.0,196022.0,3348625.0,0.5375,-0.05259480108077885,-0.03304488398630645,0.02165176328745111,1054.8200000000002,1022.0675000000001,0.03091556818817837,0.019152909389524762,0.07459310616118407,-0.052582186755072646,1043.6,1
2016-01-19,RELIANCE,EQ,1016.85,1029.0,1049.8,1014.1,1046.95,1043.6,1036.51,4912096,509143524600000.0,136592.0,2110252.0,0.4296,0.026306731572995012,-0.0017695729111867342,0.03825299706511465,1054.45,1024.6425,0.03420503427033405,0.019938969360343513,0.03420850900728242,-0.21153638410782483,1004.55,0
2016-01-20,RELIANCE,EQ,1043.6,1034.9,1034.9,990.0,1009.15,1004.55,1008.92,10312353,1040432799370000.0,219237.0,3884483.0,0.3767,-0.037418551169030256,-0.06714027023262292,-0.02678744429374158,1039.99,1025.5049999999999,0.032727364294863434,0.021830529479572144,0.04469663033198954,1.0993793688071243,984.2,0
2016-01-21,RELIANCE,EQ,1004.55,1017.55,1025.75,976.7,982.45,984.2,994.85,7261772,722437699475000.0,184992.0,2395817.0,0.3299,-0.02025782688766109,-0.07295247963076346,-0.02867012089810017,1024.5,1024.525,0.032877294526522355,0.022003100911606836,0.04983743141637874,-0.29581813190452266,1004.15,1
2016-01-22,RELIANCE,EQ,984.2,994.05,1011.0,994.05,1004.05,1004.15,1003.25,5413455,543105801145000.0,125503.0,2921202.0,0.5396,0.020270270270270174,-0.06442746669151211,-0.021057762612722408,1010.6699999999998,1024.7050000000002,0.03488652662982059,0.02248599248321847,0.016879948214908177,-0.25452699423777003,1003.95,0
2016-01-25,RELIANCE,EQ,1004.15,1010.0,1018.75,1000.0,1000.2,1003.95,1010.67,2994340,302627594155000.0,88530.0,1470352.0,0.491,-0.0001991734302643211,-0.012686236908098558,-0.04531190566755405,1008.0899999999999,1024.3825000000002,0.026869888955521812,0.022376370458640972,0.018676228895861346,-0.44687080616722596,999.35,0
2016-01-27,RELIANCE,EQ,1003.95,1008.1,1010.0,996.95,997.0,999.35,1004.13,3943295,395958118900000.0,90937.0,2006348.0,0.5088,-0.004581901489117968,-0.042401303181295424,-0.04409584389497345,999.24,1023.5799999999999,0.02171688970024413,0.022365123055088733,0.013058488017211142,0.31691624865579726,1016.9,1
2016-01-28,RELIANCE,EQ,999.35,1001.0,1021.8,997.1,1015.5,1016.9,1012.35,5274473,533962541445000.0,87223.0,2985253.0,0.5660000000000001,0.01756141491969765,0.012294062017818908,-0.05567163486093696,1001.71,1024.2,0.016718022692567506,0.0225813258954552,0.024289507326187367,0.337580120178683,1035.4,1
2016-01-29,RELIANCE,EQ,1016.9,1018.95,1040.0,1018.0,1036.0,1035.4,1032.75,4383577,452714689900000.0,85556.0,2336975.0,0.5331,0.01819254597305542,0.05202194675878902,-0.024725662883247734,1011.95,1025.24,0.011684574861142223,0.02282773057651233,0.021247826926791575,-0.16890711166783867,1030.3,0
2016-02-01,RELIANCE,EQ,1035.4,1039.95,1041.8,1025.55,1028.2,1030.3,1032.86,2267273,234178193505000.03,66817.0,943684.0,0.4161999999999999,-0.004925632605756403,0.02604192600707056,-0.0400633560048449,1017.18,1025.9875,0.011715112987529582,0.022869705119116075,0.015772105212074155,-0.4827801587607563,1001.15,0
2016-02-02,RELIANCE,EQ,1030.3,1030.3,1032.8,990.5,995.5,1001.15,1013.98,3376466,342367233355000.0,107860.0,1517109.0,0.4493,-0.028292730272736044,-0.002788983515115362,-0.015439838717608345,1016.6200000000001,1026.28,0.019263104730870253,0.02335212660989573,0.04225141087749084,0.4892189868621908,981.4,0
2016-02-03,RELIANCE,EQ,1001.15,988.0,994.0,975.0,980.0,981.4,984.1,3586808,352976634030000.0,84824.0,1560107.0,0.435,-0.019727313589372186,-0.01796167508880775,-0.0596013798390187,1013.03,1025.0925,0.021178812232904406,0.023665787554361894,0.019360097819441615,0.06229649580360053,973.05,0
2016-02-04,RELIANCE,EQ,981.4,988.0,1001.0,965.7,977.65,973.05,983.08,4161079,409066961800000.0,117696.0,1682274.0,0.4043,-0.0085082535153862,-0.04312125086045826,-0.0313573241750037,1004.26,1022.135,0.01762779752177207,0.022781710384035894,0.036277683572272706,0.16010642331566127,970.9,0
2016-02-05,RELIANCE,EQ,973.05,979.1,982.0,961.4,974.9,970.9,970.48,4799882,465817611810000.06,166929.0,2621080.0,0.5461,-0.0022095472997276655,-0.062294765308093636,-0.013513513513513598,991.36,1020.0174999999999,0.010960977984489183,0.022481621824475828,0.021217427129467527,0.1535185945760702,961.05,0
2016-02-08,RELIANCE,EQ,970.9,971.1,984.8,957.95,959.65,961.05,974.75,2760853,269115128070000.0,69133.0,1166891.0,0.4227,-0.010145226078895897,-0.06721343298068527,-0.042921874221978795,977.5099999999999,1016.7824999999999,0.010257534910060468,0.022294111637032717,0.027938192601841643,-0.4248081515337252,957.5,0
2016-02-09,RELIANCE,EQ,961.05,952.9,968.8,950.0,956.75,957.5,961.0,4481029,430626343780000.0,91823.0,2189127.0,0.4885,-0.0036938764892564535,-0.043599860160815074,-0.04626724438468055,968.78,1012.0775,0.006906361917447097,0.02128272751986122,0.019634464751958177,0.6230596123734222,962.65,1
2016-02-10,RELIANCE,EQ,957.5,951.7,973.0,948.65,965.4,962.65,962.41,3859250,371419998605000.0,74240.0,1462647.0,0.379,0.005378590078328971,-0.01910535969023841,-0.036723870515835366,965.03,1007.9375,0.0061075875730070926,0.021391931928735185,0.025294759258297432,-0.13875808435964154,924.55,0
2016-02-11,RELIANCE,EQ,962.65,962.85,965.95,915.5,924.0,924.55,940.35,3912163,367880389825000.0,115177.0,1609334.0,0.4114,-0.03957824754583705,-0.049843276296182126,-0.09081522273576559,955.3299999999999,1000.3224999999999,0.01740575240398572,0.02124304585768025,0.054567086690822615,0.01371069508324152,906.55,0
2016-02-12,RELIANCE,EQ,924.55,933.9,933.9,888.1,904.85,906.55,908.01,6701935,608541119700000.0,177405.0,3424732.0,0.511,-0.019468930831215148,-0.06627871047481726,-0.12444465906895896,942.46,992.5674999999999,0.017172061962786526,0.02136578324243853,0.050521206772930295,0.7131021892492722,946.75,1
2016-02-15,RELIANCE,EQ,906.55,918.0,951.35,918.0,944.4,946.75,939.84,4407889,414271754025000.0,129662.0,2576861.0,0.5846,0.0443439413159783,-0.014879558815878435,-0.08109288556731042,939.6,986.24,0.03130710638982569,0.024032897602616003,0.035225772379192,-0.3422960682250723,930.55,0
2016-02-16,RELIANCE,EQ,946.75,951.1,958.0,927.0,929.25,930.55,944.11,2977263,281084910510000.0,79628.0,1097241.0,0.3685,-0.0171111697913916,-0.028146214099216804,-0.07051890326124954,934.2099999999998,981.925,0.03199145573079816,0.021596599825882933,0.03331363172317447,-0.32456035077108336,952.6,1
2016-02-17,RELIANCE,EQ,930.55,935.1,957.45,916.4,956.1,952.6,938.34,3529832,331217003510000.0,104491.0,1329173.0,0.3766,0.02369566385470967,-0.010439931439256145,-0.02934583248420619,932.2,977.375,0.03447084237989258,0.021409539095365852,0.04309258870459801,0.18559630103218971,940.1,0
2016-02-18,RELIANCE,EQ,952.6,962.95,968.7,936.0,937.15,940.1,949.33,3299161,313198237665000.0,69320.0,1434528.0,0.4347999999999999,-0.013121981944152816,0.0168189930236331,-0.033862596988849414,935.3100000000001,974.1524999999999,0.02874297513908188,0.02008156267386062,0.034783533666631256,-0.06534900244544217,944.35,1
2016-02-19,RELIANCE,EQ,940.1,940.0,952.75,937.35,943.5,944.35,944.49,2339664,220977847865000.0,86096.0,919295.0,0.3929,0.004520795660036159,0.04169654183442728,-0.02734576166443503,942.8699999999999,972.1600000000001,0.02576318375574687,0.019729807252155673,0.01630751310425158,-0.2908306081455255,962.3,1
2016-02-22,RELIANCE,EQ,944.35,944.1,968.3,944.1,963.0,962.3,960.94,2919198,280518045240000.0,65484.0,1341258.0,0.4595,0.019007783131254286,0.01642461050963817,0.0013006607356536026,945.9799999999999,970.0674999999999,0.018374282340998985,0.0196570943548535,0.02514808271848689,0.24769966969616153,949.65,0
2016-02-23,RELIANCE,EQ,962.3,963.1,967.2,942.75,943.9,949.65,958.52,4340746,416069880780000.0,81610.0,2002814.0,0.4614,-0.013145588693754484,0.020525495674601046,-0.008198433420365525,949.8,967.3525,0.017323209794932924,0.019809219255110463,0.025746327594376926,0.4869652555256616,952.65,1
2016-02-24,RELIANCE,EQ,949.65,944.9,958.55,942.0,955.0,952.65,952.71,3471311,330716688885000.0,109885.0,2018951.0,0.5816,0.0031590586005370014,5.2487927776567744e-05,-0.010387991481846992,949.8100000000001,965.0174999999999,0.013570839005369909,0.019843855663578176,0.017372592242691394,-0.20029621636465256,944.1,0
2016-02-25,RELIANCE,EQ,952.65,954.2,956.55,940.85,942.0,944.1,946.5,5675025,537139177355000.0,80392.0,3465183.0,0.6106,-0.008974964572508237,0.004254866503563548,0.021145422097236466,950.6099999999999,961.3774999999999,0.012657980722723273,0.019333348444319668,0.016629594322635242,0.6348362333423885,950.35,1
2016-02-26,RELIANCE,EQ,944.1,953.0,958.75,944.3,953.0,950.35,951.69,1908533,181633163600000.0,58546.0,873305.0,0.4576,0.006620061434170044,0.00635357653412405,0.0483150405383046,951.8100000000001,957.125,0.012841039007656999,0.018815225663781965,0.015204924501499495,-0.6636961070656077,966.65,1
2016-02-29,RELIANCE,EQ,950.35,951.3,994.6,935.0,965.0,966.65,960.96,7093474,681655128720000.0,134218.0,3616512.0,0.5098,0.017151575735255387,0.0045204198274966245,0.021019276472141524,952.68,953.9425000000001,0.012213828349845347,0.01940321634698426,0.06165623545233541,2.7167154039254235,981.3,1
2016-03-01,RELIANCE,EQ,966.65,964.7,985.05,964.65,984.25,981.3,979.72,3760923,368464558065000.0,97955.0,2489030.0,0.6618,0.015155433714374444,0.03332806823566581,0.05453763903068087,959.01,952.95,0.010475551615796835,0.018847249915089653,0.020788749617853847,-0.46980520405093473,1001.5,1
2016-03-02,RELIANCE,EQ,981.3,992.9,1005.75,987.25,1000.0,1001.5,998.81,4595886,459043212350000.0,74124.0,2619433.0,0.5700000000000001,0.02058493834709063,0.051278013961056024,0.051333193365525887,968.78,953.9549999999999,0.011844619389577163,0.01887577870926781,0.018472291562656017,0.22201012889655014,1012.85,1
2016-03-03,RELIANCE,EQ,1001.5,1010.0,1018.0,997.5,1010.0,1012.85,1009.28,3630006,366368213865000.0,78861.0,1722542.0,0.4745,0.011333000499251122,0.07282067577587115,0.07738538453356036,982.53,955.9449999999999,0.005386613987514123,0.01886102030754515,0.02023991706570568,-0.2101618708558045,1006.4,0
2016-03-04,RELIANCE,EQ,1012.85,1014.0,1015.0,1003.5,1007.5,1006.4,1007.65,2054428,207014307890000.0,51720.0,1133261.0,0.5516,-0.006368169027990422,0.0589782711632556,0.06570657065706564,993.74,957.72,0.010572517482354837,0.01893468131496938,0.011426868044515103,-0.4340428087446687,1027.0,1
2016-03-08,RELIANCE,EQ,1006.4,1007.5,1030.9,1007.5,1023.0,1027.0,1021.65,3022554,308798435145000.0,86702.0,1508636.0,0.4991,0.02046899841017491,0.06243211089846379,0.06723475007793822,1005.8100000000001,961.0175000000002,0.011101133209665543,0.01914029798723877,0.02278481012658237,0.4712387097527877,1041.7,1
2016-03-09,RELIANCE,EQ,1027.0,1020.0,1043.9,1018.6,1041.9,1041.7,1033.7,2709831,280114103445000.0,79794.0,1284797.0,0.4740999999999999,0.014313534566699149,0.061551003770508705,0.09693044805981166,1017.89,965.2275000000002,0.01105203577888998,0.019207610953858607,0.02428722280887018,-0.1034631639335476,1011.75,0
2016-03-10,RELIANCE,EQ,1041.7,1042.05,1045.9,1009.0,1009.15,1011.75,1018.42,4733124,482031342255000.0,144977.0,2858169.0,0.6039,-0.02875107996544113,0.010234648027958038,0.06203747441347818,1019.9399999999999,967.6825000000001,0.019970531975182882,0.020582807124527733,0.03647146034099342,0.7466491452788016,1014.5,1
2016-03-11,RELIANCE,EQ,1011.75,1014.9,1029.55,1010.6,1015.4,1014.5,1019.42,3501676,356968691250000.0,88004.0,1696826.0,0.4846,0.002718062762540052,0.0016290664955322942,0.07456837199449207,1020.2700000000001,972.1800000000001,0.01934740968690792,0.018025110566932314,0.018679152291769276,-0.2601765768232567,1019.75,1
2016-03-14,RELIANCE,EQ,1014.5,1019.1,1026.4,1012.95,1019.75,1019.75,1018.41,2715590,276557264230000.03,82702.0,1681036.0,0.619,0.005174963035978308,0.013265103338632844,0.0730257273636028,1022.9400000000002,977.8400000000001,0.019012309515588074,0.017096719263709415,0.01318950723216479,-0.22448850207729099,1020.5,1
2016-03-15,RELIANCE,EQ,1019.75,1024.0,1027.85,1015.1,1019.55,1020.5,1021.64,2397332,244920192440000.0,56909.0,1347048.0,0.5619,0.0007354743809757647,-0.006329113924050667,0.05570785703201775,1021.6400000000001,981.5275000000001,0.016274688168051898,0.014544685934791614,0.012493875551200281,-0.1171966313029581,1021.75,1
2016-03-16,RELIANCE,EQ,1020.5,1021.0,1025.8,1005.45,1024.4,1021.75,1015.77,2529074,256895774275000.0,50367.0,1293631.0,0.5115,0.0012248897599216324,-0.019151387155611044,0.041220829511872115,1017.65,986.0875,0.014066000200919661,0.013707114569680818,0.01991680939564464,0.05495359007429923,1016.0,0
2016-03-17,RELIANCE,EQ,1021.75,1027.0,1036.9,1012.0,1014.5,1016.0,1026.51,3847740,394973221800000.0,90226.0,2139833.0,0.5561,-0.005627599706386155,0.004200642451198444,0.014478282576135815,1018.5,989.2575,0.004009607304040226,0.013133027591461026,0.02450787401574812,0.5214026952157194,1027.2,1
2016-03-18,RELIANCE,EQ,1016.0,1018.25,1030.15,1015.7,1028.3,1027.2,1024.0,3207246,328421396525000.0,69238.0,1932733.0,0.6026,0.011023622047244164,0.012518482010842824,0.014167941945993912,1021.04,993.6125,0.006136055273166649,0.012643786786743116,0.014067367601246149,-0.16645979198178673,1037.3,1
2016-03-21,RELIANCE,EQ,1027.2,1027.95,1041.5,1022.75,1040.0,1037.3,1030.59,2904852,299370083365000.0,79043.0,1768394.0,0.6088,0.009832554517133829,0.01721010051483196,0.030703497615262254,1024.55,998.26,0.006942956660972223,0.012699552390154611,0.018075773643111925,-0.09428462924265868,1047.85,1
2016-03-22,RELIANCE,EQ,1037.3,1037.0,1052.25,1035.65,1049.35,1047.85,1044.68,3504967,366156266725000.0,93579.0,1834629.0,0.5234000000000001,0.010170635303190956,0.02680058794708473,0.020301850048685344,1030.02,1002.5375,0.007297994015508393,0.012326801487263117,0.015841962112897755,0.20659055951903915,1029.2,0
2016-03-23,RELIANCE,EQ,1047.85,1046.9,1046.9,1022.4,1027.25,1029.2,1031.48,3841654,396260579530000.0,90954.0,2074473.0,0.54,-0.017798349000333835,0.007291411793491687,-0.011999616012287606,1031.51,1006.515,0.012830994459495223,0.012712051182699961,0.023804897007384487,0.09605996290407304,1020.4,0
2016-03-28,RELIANCE,EQ,1029.2,1030.0,1031.7,1015.65,1022.5,1020.4,1022.77,4130553,422462494865000.0,84002.0,2553799.0,0.6183,-0.008550330353672808,0.004330708661417271,0.00854954287126275,1032.3899999999999,1009.9024999999999,0.013296179765021884,0.01302384526749479,0.01572912583300673,0.07520172300785033,1036.25,1
2016-03-29,RELIANCE,EQ,1020.4,1023.8,1042.0,1020.2,1034.0,1036.25,1034.32,3627901,375239707830000.0,57044.0,2206146.0,0.6081000000000001,0.015533124264994091,0.008810358255451733,0.02143913257762442,1034.2,1014.5099999999999,0.01426889755848413,0.012938839454665691,0.021037394451145917,-0.12169121180626419,1047.05,1
2016-03-30,RELIANCE,EQ,1036.25,1042.7,1051.75,1042.7,1047.4,1047.05,1047.52,3303780,346076457835000.0,94538.0,2101809.0,0.6362,0.01042219541616407,0.009399402294418158,0.026771267467516457,1036.15,1019.345,0.01435367794102983,0.012995611413813623,0.008643331264027462,-0.0893411920556818,1045.2,0
2016-03-31,RELIANCE,EQ,1047.05,1041.0,1056.0,1032.7,1045.0,1045.2,1045.52,7047985,736881191115000.0,128999.0,4593813.0,0.6518,-0.0017668688219282247,-0.002528987927661319,0.02420382165605095,1035.62,1023.2724999999998,0.013619636476637519,0.012745891319223107,0.022292384232682694,1.1333094213295074,1034.45,0
2016-04-01,RELIANCE,EQ,1045.2,1039.1,1046.3,1025.0,1035.0,1034.45,1033.05,2830115,292364141580000.0,61004.0,1553432.0,0.5489,-0.01028511289705325,0.005101049358725129,0.012429655003670215,1036.6699999999998,1025.9299999999998,0.011469336189695737,0.012842204038565841,0.02059065203731447,-0.5984504791085679,1035.05,1
2016-04-04,RELIANCE,EQ,1034.45,1040.0,1042.2,1025.3,1035.75,1035.05,1032.19,1973260,203678407665000.0,77242.0,1071002.0,0.5428000000000001,0.0005800183672481918,0.014357114856918818,0.018750000000000044,1039.6,1027.6074999999998,0.010212594903558869,0.012137181902773372,0.016327713637022456,-0.3027633152716409,1026.95,0
2016-04-05,RELIANCE,EQ,1035.05,1031.35,1042.4,1022.2,1027.3,1026.95,1031.04,2345148,241793724045000.0,61672.0,1177032.0,0.5019,-0.007825708902951423,-0.008974668275030129,-0.0002433800623052873,1037.74,1028.3125,0.008114044203564038,0.012094450638602669,0.019669896294853738,0.1884637604775854,1033.75,1
2016-04-06,RELIANCE,EQ,1026.95,1032.1,1036.7,1022.6,1034.4,1033.75,1029.94,1597975,164582629595000.0,55920.0,799056.0,0.5,0.006621549247772585,-0.01270235423332211,-0.003422346476429139,1035.08,1029.6799999999998,0.006748918606385778,0.012040101920231118,0.013639661426844037,-0.31860377255507966,1037.25,1
2016-04-07,RELIANCE,EQ,1033.75,1034.9,1048.0,1022.1,1034.8,1037.25,1037.23,2009055,208384937030000.0,61885.0,848423.0,0.4222999999999999,0.0033857315598548876,-0.0076061997703789075,-0.010115951710645499,1033.49,1030.1924999999999,0.007268925342564128,0.011193062042128965,0.024969872258375492,0.25725058276881674,1036.35,0
2016-04-08,RELIANCE,EQ,1037.25,1035.9,1054.45,1031.2,1035.0,1036.35,1041.82,3065701,319391529095000.0,64946.0,1249613.0,0.4075999999999999,-0.0008676789587853673,0.001836724829619385,0.006947143412358914,1033.8700000000001,1029.925,0.005406517375798191,0.010715603294074998,0.022434505717180492,0.5259417985072583,1040.3,1
2016-04-11,RELIANCE,EQ,1036.35,1037.0,1045.5,1033.0,1039.2,1040.3,1040.4,2356318,245151687940000.0,51362.0,1157872.0,0.4914,0.0038114536594779924,0.0050722187333944735,0.01950215601724814,1034.92,1031.3525,0.0056253004959426044,0.008365760737227482,0.012015764683264443,-0.2313934072500874,1047.4,1
2016-04-12,RELIANCE,EQ,1040.3,1040.3,1057.45,1038.05,1047.6,1047.4,1048.86,2552099,267679811125000.0,51698.0,1317059.0,0.5161,0.006824954340094225,0.019913335605433513,0.010759951749095276,1039.01,1032.9975,0.0031204978388617785,0.008449142229753554,0.018522054611418835,0.08308768171358882,1066.05,1
2016-04-13,RELIANCE,EQ,1047.4,1052.55,1069.9,1052.55,1064.6,1066.05,1060.03,3666141,388622231115000.0,96144.0,2271719.0,0.6196,0.017805995799121455,0.03124546553808938,0.018146220333317364,1045.47,1035.3125,0.007047459471604052,0.009169360763386036,0.01627503400403371,0.4365198998941655,1064.75,0
2016-04-18,RELIANCE,EQ,1066.05,1065.8,1066.8,1055.4,1063.05,1064.75,1061.15,4358102,462460323185000.06,72390.0,2810674.0,0.6448999999999999,-0.0012194549974203772,0.026512412629549287,0.0187045541523152,1050.97,1037.525,0.007769822306739055,0.009196874706053125,0.010706738671049414,0.18874369534614188,1037.3,0
2016-04-20,RELIANCE,EQ,1064.75,1069.2,1069.2,1035.8,1037.15,1037.3,1044.82,4957497,517966839285000.06,159487.0,3576113.0,0.7214,-0.025780699694764042,0.0009166787282288702,0.0027550872444292995,1051.1599999999999,1038.3025,0.01615453649819696,0.011122923193933591,0.03219897811626347,0.1375357896625642,1041.15,1
2016-04-21,RELIANCE,EQ,1037.3,1041.4,1052.0,1035.0,1039.5,1041.15,1042.52,2601436,271204791865000.0,65460.0,1357319.0,0.5218,0.003711558854719188,0.0008170719984621488,0.005893435099753708,1051.3300000000002,1039.56,0.016149151072910664,0.011033919629240128,0.016328098736973537,-0.47525212824132823,1038.95,0
2016-04-22,RELIANCE,EQ,1041.15,1039.0,1047.5,1029.3,1040.5,1038.95,1039.15,2675586,278034636500000.0,83568.0,1312184.0,0.4904,-0.0021130480718436484,-0.00806759595188089,0.011685086907833986,1049.6399999999999,1040.1475,0.015731234065417786,0.010812236271064894,0.017517686125415127,0.02850348807351022,1016.9,0
2016-04-25,RELIANCE,EQ,1038.95,1044.45,1044.45,1012.3,1014.55,1016.9,1019.84,13979586,1425699965780000.0,154748.0,7951031.0,0.5688000000000001,-0.02122335049809909,-0.046104779325547574,-0.01629987908101571,1039.81,1039.1275,0.013228990647393201,0.01162010344407365,0.03161569475858009,4.224868869847577,1016.95,1
2016-04-26,RELIANCE,EQ,1016.9,1015.4,1023.9,1007.5,1014.3,1016.95,1013.25,6041279,612132471165000.0,91302.0,2934575.0,0.4858,4.9169043170538274e-05,-0.044893167410190116,-0.019570980959267237,1030.25,1037.5825,0.013433894403961281,0.01132802486673583,0.016126653227788952,-0.567849934897929,1019.4,1
2016-04-27,RELIANCE,EQ,1016.95,1017.9,1025.95,1016.0,1018.45,1019.4,1021.78,3315060,338725162380000.0,134641.0,2024372.0,0.6107,0.002409164659029406,-0.01725633857129083,-0.016355478361557374,1026.67,1037.0925,0.010192398562914195,0.010673946195218706,0.009760643515793649,-0.45126520394108594,996.7,0
2016-04-28,RELIANCE,EQ,1019.4,1014.0,1019.2,990.95,993.5,996.7,1005.46,14160507,1423780396580000.0,145782.0,10774003.0,0.7608,-0.02226800078477531,-0.042693175815204376,-0.041910987215226236,1017.78,1035.9075,0.012085625068243714,0.01162222796156277,0.02834353366108157,3.2715688403829795,982.7,0
2016-04-29,RELIANCE,EQ,996.7,993.45,998.55,978.85,980.9,982.7,987.1,5367060,529784466595000.0,146902.0,3198219.0,0.5959000000000001,-0.014046352964783737,-0.05414120025025271,-0.06177200687416462,1006.5300000000001,1033.23,0.011647462995643218,0.011269592546071154,0.020046809809707876,-0.6209839096862846,986.95,1
2016-05-02,RELIANCE,EQ,982.7,979.0,992.4,978.0,987.0,986.95,986.75,2427753,239558230840000.0,71546.0,1210161.0,0.4985,0.004324819375190803,-0.029452256859081483,-0.07419914638150171,1000.5400000000002,1030.225,0.011653927261991768,0.010977788008687163,0.014590404782410433,-0.5476568176990755,975.8,0
2016-05-03,RELIANCE,EQ,986.95,988.0,994.95,972.75,975.0,975.8,982.83,4016624,394764276000000.0,128285.0,2261862.0,0.5631,-0.011297431480824849,-0.04046413294655593,-0.08354073726226818,992.3100000000001,1026.755,0.011303816385204418,0.011132073558938832,0.02275056364009023,0.6544615535435441,978.1,1
2016-05-04,RELIANCE,EQ,975.8,974.05,983.7,973.0,976.0,978.1,979.17,3096453,303196677485000.0,70953.0,1452516.0,0.4690999999999999,0.0023570403771264736,-0.04051402785952518,-0.05707124264918528,984.05,1023.9375,0.011291631753928999,0.011077550177433596,0.010939576730395712,-0.22909064926166856,975.25,0
2016-05-05,RELIANCE,EQ,978.1,980.0,983.45,970.9,974.9,975.25,976.77,4952411,483735446495000.0,107343.0,3031389.0,0.6121,-0.002913812493610113,-0.02152101936390094,-0.06329539451567989,979.76,1020.9475,0.00813295007759924,0.011049985633410867,0.01286849525762632,0.5993819379787131,968.95,0
2016-05-06,RELIANCE,EQ,975.25,973.0,976.8,967.0,969.15,968.95,971.08,3371220,327373834885000.0,72457.0,1645541.0,0.4881,-0.006459882081517487,-0.013992062684440865,-0.0673757158669811,977.01,1018.0475,0.006383026818123827,0.011022209759077549,0.01011404097218634,-0.3192770147711892,983.1,1
2016-05-09,RELIANCE,EQ,968.95,975.0,986.0,972.8,983.3,983.1,981.2,3508088,344212476735000.0,79373.0,2042436.0,0.5822,0.014603436709840434,-0.003900906834186202,-0.033238273183203826,976.24,1015.515,0.009923640432603853,0.011516419754782103,0.01342691486115354,0.04059895230806654,982.55,0
2016-05-10,RELIANCE,EQ,983.1,983.1,984.7,978.0,982.3,982.55,981.5,1656840,162618120940000.0,44767.0,785672.0,0.4742,-0.0005594547858814858,0.006917401106784071,-0.03382663847780132,977.5899999999999,1012.7800000000001,0.008054078244848347,0.011444850970076963,0.0068189913999288036,-0.5277085409488018,975.4,0
2016-05-11,RELIANCE,EQ,982.55,971.8,980.75,970.0,974.1,975.4,976.47,2820699,275431421360000.0,50564.0,1435352.0,0.5089,-0.007276983359625455,-0.0027604539413148554,-0.04316264469295661,977.05,1009.7324999999998,0.008879600879945047,0.011482208523886733,0.01102111954070125,0.7024570869848628,992.8,1
2016-05-12,RELIANCE,EQ,975.4,976.0,994.2,975.05,993.0,992.8,986.82,2922714,288418255755000.0,68535.0,1310645.0,0.4484,0.01783883534960018,0.01799538579851312,-0.003912912611618413,980.5600000000001,1007.3574999999998,0.011838780023384756,0.012315944161012731,0.01928887993553595,0.03616656722323075,978.15,0
2016-05-13,RELIANCE,EQ,992.8,988.95,990.55,975.0,975.95,978.15,981.35,3348353,328590349280000.0,82572.0,1953946.0,0.5836,-0.014756244963738951,0.009494813973889293,-0.004630100742851417,982.4,1003.8950000000001,0.01399192420446925,0.012422871893834554,0.015897357256044527,0.1456314233961995,975.95,0
2016-05-16,RELIANCE,EQ,978.15,977.0,982.5,971.1,974.5,975.95,976.4,2132072,208176047855000.0,46086.0,869891.0,0.408,-0.0022491437918519264,-0.007272912216458094,-0.011145448097674704,980.9699999999999,999.39,0.01208809908749148,0.01139280497876718,0.011680926276960886,-0.3632475428964629,969.15,0
2016-05-17,RELIANCE,EQ,975.95,980.25,983.1,966.35,967.45,969.15,973.96,2779023,270666884005000.03,85318.0,1517844.0,0.5462,-0.006967570059941641,-0.013637982799857506,-0.006814921090387394,978.29,994.6099999999999,0.012314213555436288,0.011382346072252554,0.017283186297270804,0.3034376887834933,970.55,1
2016-05-18,RELIANCE,EQ,969.15,965.9,972.5,964.1,970.05,970.55,969.99,1880974,182452963655000.0,44676.0,820347.0,0.4361,0.0014445648248464504,-0.004972319048595519,-0.007719047132195178,977.3199999999999,991.2725,0.012116774198194727,0.010295974175019443,0.008654886404615916,-0.32315277707309364,951.2,0
2016-05-19,RELIANCE,EQ,970.55,971.7,971.9,945.6,947.35,951.2,960.71,2088058,200600910330000.0,45052.0,953086.0,0.4564,-0.019937149039204516,-0.04190169218372275,-0.024660343501666238,969.0,986.775,0.008807165493880458,0.010797759319629008,0.027649285113540742,0.11009402575474203,934.2,0
2016-05-20,RELIANCE,EQ,951.2,952.0,954.5,931.35,933.4,934.2,943.02,4238988,399744779650000.0,126939.0,2452616.0,0.5786,-0.017872161480235516,-0.04493175893267898,-0.03586356365137522,960.21,981.5375,0.009448050391232168,0.011186107169520496,0.024780560907728514,1.0301102747145912,930.0,0
2016-05-23,RELIANCE,EQ,934.2,937.35,940.7,925.65,931.1,930.0,932.46,4198098,391453826800000.0,119010.0,2399326.0,0.5715,-0.004495825305073864,-0.04708233003739948,-0.05401281660054935,951.0200000000001,977.1924999999999,0.00908630972384524,0.01053452350797045,0.016182795698924803,-0.009646170265167009,940.45,1
2016-05-24,RELIANCE,EQ,930.0,928.05,944.0,928.05,941.0,940.45,939.86,2807737,263887653230000.03,85430.0,1570679.0,0.5594,0.01123655913978494,-0.029613578909353455,-0.04284769222940299,945.2800000000001,973.3675,0.013133422307808331,0.011066968788271342,0.016959965973736026,-0.33118831432710716,951.2,1
2016-05-25,RELIANCE,EQ,940.45,949.85,952.8,941.15,949.65,951.2,948.1,2112135,200251764150000.0,52041.0,998514.0,0.4728,0.011430698070072909,-0.019937149039204516,-0.024810334221857633,941.4100000000001,969.9575000000001,0.015140247499091904,0.011510242897563697,0.01224768713204371,-0.24774471398140208,946.85,0
2016-05-26,RELIANCE,EQ,951.2,950.0,952.4,944.1,947.3,946.85,947.62,3243601,307370752325000.0,81624.0,1797370.0,0.5540999999999999,-0.004573170731707377,-0.004573170731707377,-0.04628323932312639,940.5400000000002,967.4649999999999,0.012387578118770975,0.01062942073813441,0.008765908010772514,0.535697765531086,974.7,1
2016-05-27,RELIANCE,EQ,946.85,949.05,976.9,948.75,973.1,974.7,966.82,3063379,296174121885000.0,67215.0,1369331.0,0.447,0.02941331784337553,0.043352601156069426,-0.003527066400858647,948.64,967.0649999999999,0.01408182814875116,0.012435405779905337,0.028880681235251848,-0.05556232101297298,968.7,0
2016-05-30,RELIANCE,EQ,974.7,976.4,981.5,965.0,965.8,968.7,972.17,2202091,214080546060000.0,62587.0,898390.0,0.408,-0.006155740227762441,0.041612903225806575,-0.007428659255084735,956.3799999999999,966.1524999999999,0.014481707339388566,0.0124495022048456,0.017033137194177764,-0.28115620039178957,957.85,0
2016-05-31,RELIANCE,EQ,968.7,969.0,973.0,956.5,959.0,957.85,959.97,5333469,511997348905000.0,104315.0,3875057.0,0.7266,-0.011200578094353264,0.018501781062257416,-0.011659701800546873,959.86,965.2549999999999,0.016647163704371803,0.012445246423909356,0.017226079239964505,1.4220020880154363,953.6,0
2016-06-01,RELIANCE,EQ,957.85,957.95,966.1,951.8,952.7,953.6,959.2,2067034,198269612160000.0,53205.0,1142983.0,0.5529999999999999,-0.004437020410293924,0.002523128679562614,-0.01746432435217138,960.3399999999999,964.0300000000001,0.016334272147524087,0.012445691058676872,0.014995805369127589,-0.6124409835324813,956.25,1
2016-06-02,RELIANCE,EQ,953.6,954.5,957.15,945.1,955.35,956.25,950.47,2343852,222776080115000.0,84845.0,1344888.0,0.5738000000000001,0.0027789429530200582,0.009927654855573786,0.005309083263246306,962.22,963.0800000000002,0.01608004595759705,0.012469372182688631,0.012601307189542436,0.13392039027901825,959.65,1
2016-06-03,RELIANCE,EQ,956.25,960.0,962.9,955.85,958.75,959.65,959.64,1975712,189597755670000.0,61330.0,1266612.0,0.6411,0.003555555555555534,-0.015440648404637436,0.027242560479554534,959.21,962.615,0.006237038330656314,0.012435811439004055,0.0073464283853487775,-0.1570662311442873,954.8,0
2016-06-06,RELIANCE,EQ,959.65,961.0,963.0,952.55,954.45,954.8,956.96,1982466,189714729290000.0,64201.0,1383949.0,0.6981,-0.005053925910488255,-0.014349127696913433,0.026666666666666616,956.43,961.2,0.006120088388785655,0.01195434716990923,0.010944700460829541,0.0034185144393514832,955.05,1
2016-06-07,RELIANCE,EQ,954.8,957.25,960.95,951.6,953.45,955.05,956.15,4332627,414262060110000.0,95245.0,3560213.0,0.8217,0.0002618349392542463,-0.002923213446781925,0.015524482960284969,955.8700000000001,959.825,0.003999581767928329,0.011958766732838326,0.009790063347468743,1.1854735465828923,954.1,0
2016-06-08,RELIANCE,EQ,955.05,958.0,958.0,949.15,955.95,954.1,953.25,2773975,264427816995000.0,70012.0,1967464.0,0.7093,-0.0009947123187267204,0.0005243288590603967,0.0030487804878047697,955.9699999999999,958.76,0.0034243496636366753,0.01187714132884515,0.009275757258149065,-0.3597475619295176,971.15,1
2016-06-09,RELIANCE,EQ,954.1,960.0,976.45,956.2,970.0,971.15,971.14,3575840,347264163775000.0,116207.0,2243652.0,0.6274000000000001,0.017870244209202246,0.015581699346405298,0.025664043935153424,958.95,957.6775000000001,0.008798751878797043,0.011879770263334812,0.020851567728981106,0.2890671329049468,976.7,1
2016-06-10,RELIANCE,EQ,971.15,974.0,984.4,968.3,975.7,976.7,976.64,3729737,364261299575000.0,74227.0,2380554.0,0.6383,0.0057148741183135066,0.017766894180169857,0.002051913409254036,962.36,957.6049999999999,0.008877634649649047,0.011511522629064746,0.016484079041670954,0.04303799946306319,981.1,1
2016-06-13,RELIANCE,EQ,976.7,969.9,983.45,963.05,980.0,981.1,973.74,2334856,227353531280000.03,57776.0,1139885.0,0.4882,0.004504965700829366,0.027545035609551904,0.012800660679260778,967.6200000000001,957.8625,0.0074778805362370184,0.011541455482670186,0.02079298746305177,-0.3739891043255865,976.25,0
2016-06-14,RELIANCE,EQ,981.1,980.95,985.4,969.3,976.3,976.25,977.5,2497008,244081729895000.0,55244.0,1606569.0,0.6434000000000001,-0.004943430842931473,0.022197790691586894,0.01920968836456649,971.86,958.2175000000001,0.00865426765408181,0.011482856395572455,0.016491677336747782,0.06944839424786786,984.6,1
2016-06-15,RELIANCE,EQ,976.25,980.0,986.5,973.75,981.85,984.6,980.12,2543921,249334842920000.0,97049.0,1709999.0,0.6722,0.008553137003841194,0.0319672990252593,0.03250838926174504,977.96,958.9199999999998,0.00819936661802425,0.011625132321348014,0.012949421084704447,0.018787685101529616,976.3,0
2016-06-16,RELIANCE,EQ,984.6,981.0,983.65,967.05,975.25,976.3,975.47,2142329,208977929540000.0,71071.0,1159591.0,0.5413,-0.008429819215925338,0.00530299129897549,0.020967320261437772,978.99,960.175,0.007344702265014666,0.010801230395758322,0.017002970398443125,-0.15786339277045158,974.9,0
2016-06-17,RELIANCE,EQ,976.3,977.0,978.65,970.1,973.0,974.9,974.27,2408096,234613725115000.0,97303.0,1421798.0,0.5904,-0.0014339854552903875,-0.0018429405139757105,0.015891210337102057,978.6299999999999,962.21,0.006899178397698334,0.00984389797036494,0.008770130269771212,0.12405517546557965,990.2,1
2016-06-20,RELIANCE,EQ,974.9,972.15,992.6,968.0,987.5,990.2,983.33,2459237,241825212765000.0,108255.0,1520066.0,0.6181,0.015693917324853812,0.009275303231067289,0.0370758273984082,980.45,965.22,0.009989855261132507,0.01015360545728717,0.024843465966471443,0.021237110148432548,987.1,0
2016-06-21,RELIANCE,EQ,990.2,994.1,994.15,979.7,983.05,987.1,985.9,3184865,313997142495000.0,116389.0,2202758.0,0.6916,-0.0031306806705716506,0.011113956466069164,0.03355845243704536,982.6200000000001,967.5525,0.009708893598204527,0.01006214742694669,0.014638841049538984,0.2950622489821031,980.5,0
2016-06-22,RELIANCE,EQ,987.1,985.0,985.9,977.1,978.0,980.5,980.71,2923284,286688865435000.0,82337.0,1995192.0,0.6825,-0.006686252659305003,-0.004164127564493247,0.027670055549732675,981.8,969.0174999999999,0.009627374974035475,0.010028552165568774,0.008975012748597608,-0.08213252367054802,980.45,0
2016-06-23,RELIANCE,EQ,980.5,979.95,982.0,970.0,981.0,980.45,975.5,2248693,219358901275000.0,106606.0,1120627.0,0.4983,-5.09943906169541e-05,0.0042507425996107795,0.009576275549606272,982.6299999999999,970.6975,0.008645911630783024,0.009933393247384625,0.012239277882604926,-0.2307647837158483,951.45,0
2016-06-24,RELIANCE,EQ,980.45,964.9,964.9,933.4,948.55,951.45,947.15,5711173,540934685865000.0,163656.0,3518982.0,0.6162,-0.029578254882961952,-0.024053749102471933,-0.025852359987713736,977.9400000000002,969.5350000000001,0.016300674205847958,0.010057382929985209,0.03310736244679174,1.5397744378623495,955.65,1
2016-06-27,RELIANCE,EQ,951.45,940.5,958.4,940.5,953.9,955.65,953.76,2094599,199774176450000.0,55952.0,1231534.0,0.588,0.004414314992905455,-0.03489194102201587,-0.02594027112424835,971.03,968.8825,0.01326105883436936,0.010058662391836521,0.01873070684874167,-0.6332453945975722,957.8,1
2016-06-28,RELIANCE,EQ,955.65,956.4,961.55,955.0,958.0,957.8,958.6,1738370,166640499930000.0,54522.0,1087259.0,0.6254,0.0022497776382566226,-0.029682909532975477,-0.018898847631242055,965.1700000000001,968.8800000000001,0.013859006083914407,0.009759897944675685,0.00683858843182288,-0.17007026165867545,966.9,1
2016-06-29,RELIANCE,EQ,957.8,962.0,968.95,960.0,967.0,966.9,964.82,1719857,165936068065000.0,44475.0,1179499.0,0.6858,0.009500939653372287,-0.01387047424783272,-0.017976843388177954,962.45,969.5449999999998,0.015438865446486816,0.009919484708761347,0.009256386389492239,-0.010649631551395866,969.15,1
2016-06-30,RELIANCE,EQ,966.9,972.0,977.5,967.05,969.0,969.15,971.01,2916329,283179298660000.0,111061.0,2022807.0,0.6936,0.0023270245113249377,-0.011525320006119721,-0.007323568575232975,960.1899999999999,970.1899999999999,0.015576608889354339,0.009915109010857513,0.010782644585461534,0.6956810944165708,973.45,1
2016-07-01,RELIANCE,EQ,969.15,972.75,976.8,970.0,974.75,973.45,973.03,1510979,147022544580000.0,49870.0,904855.0,0.5989,0.004436877676314399,0.023122602343791154,-0.0014873320340547114,964.5899999999999,970.8800000000001,0.002948272797767201,0.00993033418614002,0.006985464071087323,-0.4818900748166617,986.7,1
2016-07-04,RELIANCE,EQ,973.45,975.5,993.6,975.5,986.35,986.7,987.44,1783750,176134696430000.0,46307.0,777298.0,0.4357999999999999,0.013611382197339372,0.032490974729241895,-0.0035346394667743475,970.8,972.475,0.004982068066738003,0.010227690882564141,0.018343974865714017,0.1805260033395566,993.1,1
2016-07-05,RELIANCE,EQ,986.7,986.1,1002.9,980.3,991.2,993.1,994.43,2596678,258221095435000.0,52194.0,1151719.0,0.4435,0.006486267355832576,0.03685529338066407,0.006078411508459114,977.86,974.3774999999999,0.004423347554252506,0.010276386218505369,0.022757023461887044,0.4557409950946041,987.9,0
2016-07-07,RELIANCE,EQ,993.1,992.5,1000.5,986.15,988.1,987.9,992.38,2749648,272868306485000.0,101086.0,1681360.0,0.6115,-0.005236129292115699,0.021718895439031938,0.007547169811320753,982.0600000000001,976.0674999999999,0.00682509316550113,0.010384758498201068,0.014525761716772976,0.058909884090364795,978.4,0
2016-07-08,RELIANCE,EQ,987.9,987.0,989.0,976.35,977.6,978.4,982.34,1632225,160339458825000.0,47260.0,811990.0,0.4975,-0.009616357930964714,0.0095444461641645,-0.0020908766382784494,983.9100000000001,976.43,0.009329660807486269,0.009955109602110393,0.01292927228127553,-0.4063876539833462,992.5,1
2016-07-11,RELIANCE,EQ,978.4,991.0,994.95,985.5,991.55,992.5,991.25,1889606,187306886295000.0,44114.0,844296.0,0.4468,0.014411283728536395,0.01956957214032551,0.04314467391875554,987.72,977.22,0.010927519202988869,0.010379457685920959,0.009521410579345134,0.15768720611435305,1003.4,1
2016-07-12,RELIANCE,EQ,992.5,995.25,1005.0,991.0,1003.4,1003.4,998.38,2232685,222907018365000.0,58174.0,1068464.0,0.4786,0.010982367758186395,0.016925103881625603,0.04996599173337524,991.0600000000001,978.335,0.010395598453200487,0.010598121883418741,0.013952561291608531,0.18156112967465177,1008.75,1
2016-07-13,RELIANCE,EQ,1003.4,1005.2,1016.7,1004.15,1008.0,1008.75,1010.89,3409386,344650682555000.0,75726.0,2187003.0,0.6415000000000001,0.005331871636436114,0.015758735273386337,0.0531948214658593,994.1899999999999,979.96,0.0103226340087084,0.010534619072371628,0.012441140024783215,0.527034041971886,1004.9,0
2016-07-14,RELIANCE,EQ,1008.75,1008.1,1014.1,998.25,1004.2,1004.9,1006.27,2459183,247460548670000.0,94968.0,1452576.0,0.5907,-0.003816604708798077,0.0172082194554104,0.039300858413486406,997.5899999999999,980.975,0.010049386015736163,0.010473527235315803,0.015772713702856028,-0.27870208888051984,1012.2,1
2016-07-15,RELIANCE,EQ,1004.9,1009.0,1021.0,1003.5,1014.35,1012.2,1013.32,3198562,324117586860000.0,75448.0,1747552.0,0.5464,0.007264404418350079,0.0345461978740802,0.044420368364030516,1004.35,982.7700000000001,0.00690110860294667,0.010310710489121085,0.017289073305670814,0.3006604225875016,1006.25,0
2016-07-18,RELIANCE,EQ,1012.2,1028.0,1038.75,1001.75,1002.9,1006.25,1024.42,7339086,751830944505000.0,170099.0,3188518.0,0.4345,-0.005878284923928168,0.01385390428211597,0.03369459140171549,1007.1,984.3375,0.007286662600247702,0.0104325657408642,0.03677018633540373,1.2944954638990898,1017.8,1
2016-07-19,RELIANCE,EQ,1006.25,1006.0,1022.95,995.3,1022.5,1017.8,1010.24,3805750,384470769525000.0,108195.0,1909887.0,0.5018,0.01147826086956516,0.014351205899940211,0.03151920543224884,1009.9800000000001,985.7175,0.007428269535940495,0.010172939549858888,0.027166437414030353,-0.4814408769702385,1023.0,1
2016-07-20,RELIANCE,EQ,1017.8,1019.95,1028.3,1016.55,1022.75,1023.0,1022.31,2803645,286619122470000.0,86184.0,1617834.0,0.5770000000000001,0.005109058754175777,0.014126394052044633,0.030107743429664602,1012.8300000000002,987.5125,0.007410499958639566,0.010145540063437835,0.011485826001955034,-0.2633134073441503,1006.35,0
2016-07-21,RELIANCE,EQ,1023.0,1024.0,1025.0,1005.0,1006.2,1006.35,1011.19,1534044,155120538860000.0,42542.0,729397.0,0.4755,-0.016275659824046884,0.001442929644740909,0.018675979350136762,1013.1200000000001,988.8050000000001,0.01128604637312587,0.01077651776393889,0.019873801361355393,-0.45283942867231763,1014.85,1
2016-07-22,RELIANCE,EQ,1006.35,1006.0,1017.8,1005.1,1015.9,1014.85,1013.37,1577114,159820486230000.0,45519.0,669255.0,0.4244,0.008446365578576032,0.0026180596720015714,0.037254701553556924,1013.65,990.525,0.011478096540459478,0.010885020988762241,0.012514164654875037,0.028076117764549213,1022.75,1
2016-07-25,RELIANCE,EQ,1014.85,1014.0,1023.75,1007.35,1020.5,1022.75,1016.5,1883884,191497522560000.0,65866.0,1081712.0,0.5742,0.007784401635709592,0.016397515527950324,0.030478589420654956,1016.95,994.0899999999999,0.01117986671054149,0.008058736737684742,0.01603519921779514,0.1945135228017758,1024.05,1
2016-07-26,RELIANCE,EQ,1022.75,1023.0,1034.8,1015.2,1022.25,1024.05,1028.33,2403872,247196545080000.03,73738.0,1251345.0,0.5206000000000001,0.001271082864825246,0.006140695617999681,0.020580027905122478,1018.2,997.51,0.0102044862685746,0.008073694212084013,0.01913969044480241,0.2760191179499374,1013.1,0
2016-07-27,RELIANCE,EQ,1024.05,1023.05,1026.0,1008.95,1011.2,1013.1,1017.1,2521448,256457731570000.0,44577.0,1446453.0,0.5737,-0.010692837263805433,-0.009677419354838679,0.00431226765799253,1016.22,1000.275,0.01112276991471669,0.008674930062088396,0.016829533116178023,0.04891109010795924,1026.35,1
2016-07-28,RELIANCE,EQ,1013.1,1014.95,1030.5,1013.05,1024.0,1026.35,1022.77,3568375,364963331370000.0,57410.0,2561901.0,0.7179000000000001,0.013078669430460765,0.019873801361355303,0.021345407503233993,1020.2199999999999,1003.2475000000001,0.00921734823257202,0.00885441034876535,0.017001997369318504,0.4152086420183958,1014.9,0
2016-07-29,RELIANCE,EQ,1026.35,1024.0,1024.9,1012.0,1016.05,1014.9,1016.04,2201164,223647854210000.0,59232.0,1381115.0,0.6274000000000001,-0.011156038388463907,4.926836478302832e-05,0.002667457024303488,1020.2299999999999,1005.5350000000001,0.010863261930497317,0.009406438849615825,0.012710611882944223,-0.3831466704031947,1009.5,0
2016-08-01,RELIANCE,EQ,1014.9,1018.0,1020.3,1005.05,1009.0,1009.5,1012.34,1823694,184620218185000.0,39583.0,1037724.0,0.569,-0.005320721253325389,-0.012955267660718639,0.0032298136645962927,1017.5799999999999,1007.3375,0.010085901031696288,0.009544590646531024,0.015106488360574542,-0.17148654075752645,1012.8,1
2016-08-02,RELIANCE,EQ,1009.5,1008.0,1020.0,1006.3,1013.0,1012.8,1014.69,1762408,178829175540000.0,60093.0,994583.0,0.5643,0.00326894502228825,-0.010985791709389181,-0.0049125564943997,1015.3299999999999,1008.6425000000002,0.010312838730421561,0.009146445315653666,0.013526856240126428,-0.03360541845287646,993.95,0
2016-08-03,RELIANCE,EQ,1012.8,1014.4,1014.4,991.5,992.9,993.95,998.0,2713804,270836617390000.0,84839.0,1601581.0,0.5902000000000001,-0.018611769352290586,-0.018902378837232225,-0.028396871945258972,1011.5,1008.6850000000001,0.012355752159057489,0.010078343849138466,0.0230393882992102,0.5398273271569354,993.0,0
2016-08-04,RELIANCE,EQ,993.95,999.0,1000.0,983.4,995.2,993.0,990.33,2328716,230618925905000.03,70610.0,1366932.0,0.5870000000000001,-0.0009557824840283891,-0.03249378866858277,-0.013265762408704695,1004.8299999999999,1008.9400000000002,0.008601160067923332,0.010004440252347091,0.016717019133937586,-0.1418997097800726,1016.25,1
2016-08-05,RELIANCE,EQ,993.0,998.0,1019.0,997.05,1018.0,1016.25,1008.21,2767914,279065016295000.0,63040.0,1757500.0,0.635,0.023413897280966767,0.0013301803133314305,0.0013795142139232386,1005.1,1010.8325000000001,0.015279676411373308,0.010960975757240523,0.021599015990159946,0.18860092858038513,1029.25,1
2016-08-08,RELIANCE,EQ,1016.25,1019.9,1034.0,1018.65,1027.3,1029.25,1029.46,3098753,319004071185000.0,85046.0,2073440.0,0.6691,0.012792127921279262,0.01956414066369483,0.0063554143241262295,1009.05,1012.6700000000001,0.015736784466654028,0.010869744063740932,0.014913772164197254,0.1195264737271462,1030.7,1
2016-08-09,RELIANCE,EQ,1029.25,1027.0,1034.5,1021.0,1029.9,1030.7,1027.79,3038046,312245991140000.0,80430.0,2009236.0,0.6614,0.00140879281029882,0.017673775671406045,0.00649382354377237,1012.6300000000001,1014.0349999999999,0.015779769763156256,0.01065630302100911,0.013097894634714271,-0.019590783776570753,1003.65,0
2016-08-10,RELIANCE,EQ,1030.7,1031.25,1034.55,1002.0,1002.2,1003.65,1012.18,3079463,311696049905000.0,75445.0,1989339.0,0.6459999999999999,-0.02624429999029787,0.009759042205342183,-0.0093278057447439,1014.57,1013.78,0.018586401471853486,0.0122609460773281,0.03243162457031829,0.013632775803921415,1014.1,1
2016-08-11,RELIANCE,EQ,1003.65,1001.95,1022.85,999.6,1014.0,1014.1,1013.46,3238899,328250348260000.0,92154.0,1802433.0,0.5565,0.010411996213819608,0.02124874118831821,-0.011935499585911113,1018.79,1014.24,0.018815626362606207,0.012450278420690243,0.022926733063800414,0.05177396188880978,1035.8,1
2016-08-12,RELIANCE,EQ,1014.1,1017.0,1042.9,1017.0,1032.55,1035.8,1032.8,3740861,386357190225000.0,104993.0,2111952.0,0.5646,0.021398284192880368,0.019237392373923745,0.020593161887870748,1022.7,1015.4200000000001,0.01832032117127387,0.013229421801047043,0.02500482718671567,0.15497920744055316,1024.9,0
2016-08-16,RELIANCE,EQ,1035.8,1036.25,1044.8,1015.5,1023.65,1024.9,1028.02,3055603,314121127135000.0,87377.0,1686839.0,0.552,-0.010523267039968975,-0.004226378430896238,0.015255076770678722,1021.8299999999999,1016.3525,0.01847474626513764,0.013400561565567579,0.02858815494194551,-0.1831818931524053,1013.3,0
2016-08-17,RELIANCE,EQ,1024.9,1024.1,1028.8,1007.2,1014.0,1013.3,1015.54,3539970,359498347875000.0,88744.0,2228305.0,0.6295000000000001,-0.011318177383159433,-0.01688173086252065,0.000493680884676051,1018.35,1016.1274999999999,0.018979736933641175,0.013432230338377016,0.02131649067403524,0.15851764774416055,1018.05,1
2016-08-18,RELIANCE,EQ,1013.3,1016.0,1023.65,1016.0,1018.0,1018.05,1019.0,1771449,180511279465000.0,76822.0,1061800.0,0.5994,0.004687654199151181,0.014347631146315987,0.024246692489561683,1021.2299999999999,1015.8800000000001,0.014001322089561436,0.013423898089459714,0.0075143656991306694,-0.4995864371731964,1014.9,0
2016-08-19,RELIANCE,EQ,1018.05,1018.0,1022.0,1007.1,1013.3,1014.9,1015.51,1869308,189830077870000.0,59860.0,1007945.0,0.5392,-0.0030941505819949144,0.0007888768366037802,0.022054380664652484,1021.39,1016.3074999999999,0.013490830836198689,0.012904391292972288,0.01468124938417576,0.05524234680196827,1011.85,0
2016-08-22,RELIANCE,EQ,1014.9,1012.0,1019.7,1007.2,1010.05,1011.85,1012.82,1527904,154749617595000.0,72620.0,844756.0,0.5529000000000001,-0.003005222189378265,-0.023122224367638444,-0.004329643296432928,1016.6,1016.1575,0.006543653427861751,0.012786875719183608,0.012353609724761575,-0.1826365692545049,1010.45,0
2016-08-23,RELIANCE,EQ,1011.85,1012.0,1015.0,1005.0,1011.2,1010.45,1010.12,1673328,169026889865000.0,53304.0,983692.0,0.5879,-0.0013836042891732792,-0.014098936481607982,-0.018265727471459714,1013.71,1015.5424999999999,0.0057174415693876345,0.012654113240898488,0.009896580731357315,0.09517875468615822,1020.5,1
2016-08-24,RELIANCE,EQ,1010.45,1011.7,1021.95,1011.0,1021.25,1020.5,1017.13,1993153,202729112405000.0,67902.0,1397697.0,0.7012,0.009946063635014157,0.007105496891345098,-0.009896187057339745,1015.15,1015.365,0.005726935351059239,0.012865956939124935,0.010730034296913323,0.19113108727039774,1012.7,0
2016-08-25,RELIANCE,EQ,1020.5,1021.2,1029.0,1009.0,1013.95,1012.7,1017.92,3419775,348106852470000.0,82485.0,2198395.0,0.6428,-0.007643312101910826,-0.005255144639261244,0.009017087630150078,1014.0799999999999,1015.3449999999999,0.006566904588093774,0.012751309160936966,0.019749185346104474,0.7157614091843425,1027.9,1
2016-08-26,RELIANCE,EQ,1012.7,1017.9,1030.8,1014.6,1026.6,1027.9,1024.82,2203465,225815195470000.0,79842.0,1221216.0,0.5542,0.015009380863039379,0.012809143758005792,0.013608125431417095,1016.68,1015.4225,0.009489063042251963,0.012861904807312717,0.015760287965755355,-0.3556695981460769,1057.45,1
2016-08-29,RELIANCE,EQ,1027.9,1027.25,1059.75,1026.1,1059.3,1057.45,1046.1,3701495,387213305460000.0,90569.0,1772992.0,0.479,0.028747932678276023,0.045065968275930235,0.020901718478470777,1025.8,1017.55,0.014245935210221406,0.014054817121031073,0.03182183554778012,0.6798519604350421,1066.4,1
2016-08-30,RELIANCE,EQ,1057.45,1062.0,1068.5,1053.0,1064.75,1066.4,1062.92,4153522,441485572120000.0,118180.0,2695150.0,0.6489,0.008463757151638385,0.055371369191944186,0.04049175529319937,1036.9900000000002,1020.3949999999999,0.013097092196166817,0.014007126117192443,0.01453488372093023,0.12212011633137432,1060.0,0
2016-08-31,RELIANCE,EQ,1066.4,1064.9,1074.0,1047.0,1047.9,1060.0,1063.92,5324960,566532490665000.0,210357.0,3748267.0,0.7039,-0.006001500375093838,0.03870651641352274,0.04608704233691907,1044.89,1022.7549999999999,0.015167176890732615,0.014144842144458214,0.02547169811320755,0.2820348610167467,1029.2,0
2016-09-01,RELIANCE,EQ,1060.0,1053.0,1072.75,1025.7,1028.05,1029.2,1050.52,9742454,1023462698890000.0,193607.0,3773071.0,0.3873,-0.029056603773584877,0.016293077910536136,0.010952310790236286,1048.19,1024.5175,0.0220496659712552,0.015119697633430056,0.04571511853867077,0.829582569634326,1013.35,0
2016-09-02,RELIANCE,EQ,1029.2,1031.1,1032.55,1002.3,1013.0,1013.35,1013.84,6428814,651781969765000.0,133004.0,3431902.0,0.5338,-0.015400310921103832,-0.014155073450724864,-0.0015272440634545026,1045.2800000000002,1025.535,0.02225116557932686,0.015598323826696217,0.029851482705876547,-0.34012375116166826,1019.9,1
2016-09-06,RELIANCE,EQ,1013.35,1019.9,1025.0,1015.0,1021.7,1019.9,1019.3,2631091,268186144630000.03,73178.0,1244935.0,0.4732,0.0064637094784625315,-0.03550995318927619,0.00795572466274641,1037.77,1025.7175,0.01563968407619864,0.014761923550649153,0.009804882831650163,-0.5907346207247557,1017.65,0
2016-09-07,RELIANCE,EQ,1019.9,1022.0,1027.05,1013.05,1017.0,1017.65,1019.15,2954995,301159062815000.0,87614.0,1549467.0,0.5244,-0.00220609863712129,-0.045714553638409705,0.0071255381265771245,1028.02,1025.1375,0.013575873408566702,0.014471100452733074,0.013757185672873777,0.12310634637874562,1033.4,1
2016-09-08,RELIANCE,EQ,1017.65,1023.05,1035.95,1020.2,1034.0,1033.4,1030.87,2790196,287633314530000.0,90566.0,1624638.0,0.5822999999999999,0.015476833881983065,-0.025094339622641404,0.012640862322391033,1022.7,1025.2725,0.017645073628734964,0.014902547519194943,0.015240952196632475,-0.055769637512076975,1044.55,1
2016-09-09,RELIANCE,EQ,1033.4,1035.0,1049.9,1030.0,1041.5,1044.55,1042.48,3490441,363870784610000.0,69385.0,1393681.0,0.3993,0.010789626475711023,0.014914496696463164,0.03145057766367132,1025.77,1027.3175,0.012186250339955969,0.013690557860527797,0.01905126609544789,0.2509662403644761,1046.5,1
2016-09-12,RELIANCE,EQ,1044.55,1030.4,1056.0,1029.15,1046.95,1046.5,1046.99,7699800,806159546855000.0,101157.0,3561932.0,0.4626,0.0018668326073429942,0.03271327774214239,0.018095145442163618,1032.4,1028.9375000000002,0.007004387411107685,0.013549728455966237,0.02565695174390818,1.2059676699878326,1044.75,0
2016-09-14,RELIANCE,EQ,1046.5,1048.0,1059.0,1040.9,1043.0,1044.75,1049.2,4252754,446199159945000.0,95815.0,2122901.0,0.4992,-0.0016722408026755842,0.02436513383665062,-0.01201002411461538,1037.3700000000001,1029.385,0.00789677460860128,0.012738752155120079,0.017324718832256433,-0.44767993973869447,1065.0,1
2016-09-15,RELIANCE,EQ,1044.75,1047.0,1070.2,1047.0,1064.8,1065.0,1055.37,7170885,756797004120000.0,64639.0,3435092.0,0.479,0.01938262742282837,0.04652876725789823,-0.0013128282070518082,1046.8400000000001,1031.39,0.008910492887771036,0.013125152383017362,0.02178403755868549,0.6861744178007945,1075.55,1
2016-09-16,RELIANCE,EQ,1065.0,1067.0,1093.85,1059.1,1072.9,1075.55,1080.3,8988926,971071135305000.0,151282.0,5125328.0,0.5702,0.00990610328638497,0.040787691116701996,0.014669811320754622,1055.27,1034.5025,0.00824822006314634,0.012846500823623892,0.03230905118311562,0.2535309100620078,1082.4,1
2016-09-19,RELIANCE,EQ,1075.55,1072.55,1088.0,1071.0,1083.0,1082.4,1080.96,3812324,412098436925000.0,81518.0,2274111.0,0.5965,0.006368834549765445,0.03623569958355288,0.05169063350174907,1062.84,1037.7199999999998,0.008117653628322374,0.012863174423795464,0.015705838876570583,-0.5758865964632482,1074.2,0
2016-09-20,RELIANCE,EQ,1082.4,1084.0,1084.75,1069.05,1073.55,1074.2,1076.13,2635854,283652444320000.0,65326.0,1612838.0,0.6119,-0.007575757575757569,0.02646918299092227,0.06004835446785406,1068.3799999999999,1040.685,0.010429221318489444,0.013015766876338637,0.014615527834667701,-0.30859654111245527,1072.25,0
2016-09-21,RELIANCE,EQ,1074.2,1074.0,1084.9,1069.0,1070.0,1072.25,1075.51,2501476,269036039795000.0,66182.0,1540167.0,0.6157,-0.0018153044125861495,0.026322086623594254,0.05132856162368871,1073.8799999999999,1043.705,0.010453238443165667,0.012989932227845606,0.014828631382606754,-0.050980820637258395,1088.95,1
2016-09-22,RELIANCE,EQ,1072.25,1083.0,1095.8,1079.0,1086.95,1088.95,1090.17,4288544,467525107325000.0,82688.0,2666890.0,0.6219,0.015574726043366738,0.022488262910798085,0.07006338131970713,1078.67,1047.63,0.009234103913543353,0.013240928794035694,0.015427705587951654,0.7144054150429586,1102.8,1
2016-09-23,RELIANCE,EQ,1088.95,1089.0,1109.45,1089.0,1101.6,1102.8,1100.28,7105725,781831031315000.0,81712.0,4870535.0,0.6854000000000001,0.012718673951972015,0.025335874668774183,0.06715695761563767,1084.1200000000001,1051.7450000000001,0.00971930826271914,0.013322581973804218,0.018543706927820137,0.6569084985486915,1107.2,1
2016-09-26,RELIANCE,EQ,1102.8,1103.4,1129.55,1100.25,1106.3,1107.2,1118.64,8734943,977121752235000.0,119368.0,4166235.0,0.477,0.0039898440333696605,0.02291204730229124,0.05997798094873397,1089.08,1056.47,0.009697069751685881,0.013039817382125871,0.026463150289017297,0.22928244478923676,1110.5,1
2016-09-27,RELIANCE,EQ,1107.2,1117.0,1125.95,1106.6,1110.9,1110.5,1115.34,4428693,493949879035000.06,99600.0,2419363.0,0.5463,0.002980491329479751,0.03379258983429523,0.061156235069278475,1096.3400000000001,1060.6,0.007222789730498866,0.012807414133479003,0.017424583520936638,-0.4929911963936112,1090.65,0
2016-09-28,RELIANCE,EQ,1110.5,1107.9,1108.0,1086.3,1089.0,1090.65,1092.6,5673488,619886598330000.0,123527.0,3869711.0,0.6820999999999999,-0.017874831157136395,0.017160177197482085,0.043933955491744614,1100.02,1062.26,0.013116532825328191,0.012288803441440795,0.019896392059780905,0.2810750259726742,1072.45,0
2016-09-29,RELIANCE,EQ,1090.65,1095.0,1110.75,1067.4,1074.55,1072.45,1085.03,4859746,527298998565000.0,96086.0,2515785.0,0.5177,-0.016687296566267884,-0.01515221084530971,0.006995305164319232,1096.7199999999998,1062.5625,0.013604230742859196,0.012826614295234863,0.04042146487015703,-0.14342887479448274,1083.7,1
2016-09-30,RELIANCE,EQ,1072.45,1068.0,1094.55,1066.3,1084.5,1083.7,1082.8,2560105,277208200215000.0,97669.0,1458364.0,0.5697,0.010489999533777716,-0.01731955023576348,0.007577518478917744,1092.9,1063.7475,0.012983869475266705,0.012925742589653995,0.026068100027682936,-0.4732018916214963,1090.7,1
2016-10-03,RELIANCE,EQ,1083.7,1087.0,1107.95,1076.25,1090.0,1090.7,1093.31,4143109,452968773275000.0,108886.0,2777662.0,0.6704000000000001,0.006459352219248871,-0.014902456647398865,0.007668144863266724,1089.6,1066.8225,0.013377232100665479,0.010820414706939995,0.029063903914917068,0.6183355760798874,1096.35,1
2016-10-04,RELIANCE,EQ,1090.7,1093.05,1108.3,1092.0,1095.0,1096.35,1100.57,2997544,329900403640000.0,74385.0,1798026.0,0.5998,0.005180159530576489,-0.01274200810445758,0.020619996276298513,1086.77,1070.9724999999999,0.013653377231952786,0.009923716167190235,0.014867514935923707,-0.27649888043013104,1089.4,0
2016-10-05,RELIANCE,EQ,1096.35,1104.0,1106.5,1085.8,1090.0,1089.4,1095.21,2466397,270122531205000.03,51226.0,1493361.0,0.6055,-0.006339216491083932,-0.0011461055333975567,0.015994404290044395,1086.52,1074.4475,0.011147735017125068,0.010165787016548125,0.019001285111070354,-0.17719406287280526,1110.8,1
2016-10-06,RELIANCE,EQ,1089.4,1092.0,1126.25,1092.0,1112.0,1110.8,1114.15,4825630,537647509530000.0,96062.0,2636451.0,0.5463,0.01964384064622715,0.03575924285514476,0.0200652004224251,1094.19,1079.105,0.009401435053624486,0.010697368383795543,0.03083363341735686,0.956550385035337,1109.0,0
2016-10-07,RELIANCE,EQ,1110.8,1114.0,1123.05,1106.5,1106.95,1109.0,1114.12,3492838,389144781830000.0,74933.0,2314405.0,0.6626000000000001,-0.0016204537270435582,0.023345944449570943,0.005622052956111734,1099.25,1082.885,0.00985457336879457,0.010449502316960086,0.014923354373309246,-0.2761902590957036,1096.35,0
2016-10-10,RELIANCE,EQ,1109.0,1114.0,1122.0,1094.0,1096.0,1096.35,1105.74,2640973,292022266760000.0,66148.0,1756054.0,0.6648999999999999,-0.01140667267808848,0.005180159530576489,-0.009799494219653315,1100.3799999999999,1085.475,0.01203828311144757,0.010816668951109287,0.025539289460482513,-0.2438890667130854,1057.15,0
2016-10-13,RELIANCE,EQ,1096.35,1089.0,1089.05,1052.0,1058.5,1057.15,1067.72,5014667,535427674125000.0,126457.0,3223106.0,0.6426999999999999,-0.03575500524467534,-0.03575500524467534,-0.04804142278253032,1092.5400000000002,1086.0075,0.01990913035118354,0.013791037868683844,0.03504706049283446,0.8987952546277451,1077.65,1
2016-10-14,RELIANCE,EQ,1057.15,1063.0,1082.0,1061.65,1078.95,1077.65,1073.32,3489473,374532297080000.0,93233.0,1742763.0,0.4994,0.019391760866480645,-0.010785753625849104,-0.011919497547334124,1090.19,1087.6525,0.023206035566247223,0.01439947764538511,0.018883682086020422,-0.3041466163156995,1060.65,0
2016-10-17,RELIANCE,EQ,1077.65,1080.0,1080.8,1058.75,1060.4,1060.65,1068.55,2246237,240021776150000.0,59134.0,1069777.0,0.4763,-0.015775066116085923,-0.04514764133957494,-0.011002843955429165,1080.1599999999999,1087.435,0.020174663654692924,0.014266227339523027,0.020789138735680907,-0.3562818798139432,1081.1,1
2016-10-18,RELIANCE,EQ,1060.65,1066.0,1082.75,1062.05,1079.55,1081.1,1076.71,2531133,272529200290000.0,73109.0,1439506.0,0.5687,0.019280629802479465,-0.025157799819657378,-0.002399187967149663,1074.58,1087.7125,0.023913472138053858,0.014758064568227085,0.019147164924613862,0.12683256486292405,1087.35,1
2016-10-19,RELIANCE,EQ,1081.1,1084.45,1094.7,1081.4,1087.0,1087.35,1088.72,3902656,424888506950000.0,77327.0,2242617.0,0.5746,0.005781148829895555,-0.008209057326583613,-0.003071422022554393,1072.78,1087.96,0.023971141020253543,0.014746054078122182,0.012231572170874103,0.5418612929466764,1087.55,1
2016-10-20,RELIANCE,EQ,1087.35,1093.95,1098.0,1084.05,1086.1,1087.55,1089.93,2314521,252265559070000.0,50757.0,1141733.0,0.4933,0.00018393341610334346,0.02875656245565894,-0.008026633830437335,1078.8600000000001,1088.6275,0.014692545678847788,0.014628656028080014,0.012826996459932918,-0.40693696805457613,1064.2,0
2016-10-21,RELIANCE,EQ,1087.55,1097.0,1097.0,1058.4,1065.0,1064.2,1069.05,9968242,1065653735495000.0,172822.0,5585752.0,0.5604,-0.02147027722863304,-0.012480861133020937,-0.023131999265650904,1076.17,1088.225,0.016478967533399082,0.015445353766987528,0.036271377560608824,3.306827200962964,1063.3,0
2016-10-24,RELIANCE,EQ,1064.2,1070.0,1074.0,1060.65,1063.3,1063.3,1067.37,2403099,256500175925000.0,58047.0,1464989.0,0.6096,-0.0008457056944184416,0.0024984679206145888,-0.04276197335253873,1076.7,1086.9424999999999,0.014706882391600227,0.014988862504679012,0.01255525251575276,-0.7589244924029733,1060.85,0
2016-10-25,RELIANCE,EQ,1063.3,1065.0,1065.25,1054.2,1063.5,1060.85,1059.75,1750711,185531552765000.0,69996.0,863955.0,0.4935,-0.0023041474654378336,-0.0187309222088613,-0.04341749323715072,1072.65,1084.845,0.010378468901933629,0.014632970439794361,0.01041617570815851,-0.27147778764004316,1054.05,0
2016-10-26,RELIANCE,EQ,1060.85,1056.05,1059.45,1052.1,1054.5,1054.05,1054.67,2502055,263883550370000.0,66935.0,1702307.0,0.6804000000000001,-0.006409954281943686,-0.030624913781211127,-0.038582569434943204,1065.9899999999998,1082.1875,0.008913773806524774,0.014599835705036278,0.006973103742706832,0.42916506493647444,1048.7,0
2016-10-27,RELIANCE,EQ,1054.05,1051.1,1053.9,1043.4,1050.5,1048.7,1048.69,2935574,307851415830000.0,58825.0,1689252.0,0.5754,-0.005075660547412264,-0.03572249551744744,-0.007993189235207865,1058.22,1079.0975,0.008263201472195137,0.01455595458426053,0.010012396300181177,0.17326517602530722,1054.95,1
2016-10-28,RELIANCE,EQ,1048.7,1050.0,1058.0,1043.8,1056.0,1054.95,1052.58,1857917,195559920750000.0,33745.0,844896.0,0.4548,0.005959759702488743,-0.008691975192632984,-0.02106435299030296,1056.37,1077.3125,0.004830613584456189,0.014225072833101173,0.013460353571259343,-0.3671026518152838,1051.2,0
2016-10-30,RELIANCE,EQ,1054.95,1058.75,1058.75,1046.3,1049.55,1051.2,1052.55,362170,38120236020000.0,9214.0,125224.0,0.3458,-0.0035546708374804004,-0.011379667074202904,-0.008909630886720477,1053.95,1076.25,0.004857756737561184,0.013786678680861099,0.011843607305936116,-0.8050666418359916,1051.0,0
2016-11-01,RELIANCE,EQ,1051.2,1051.3,1055.95,1047.4,1052.0,1051.0,1051.07,2337011,245635591570000.0,74188.0,1567083.0,0.6706000000000001,-0.00019025875190259445,-0.009285007305462556,-0.02784201276477649,1051.98,1074.615,0.004945982533962217,0.013526284361736774,0.008135109419600337,5.4528011707209325,1023.75,0
2016-11-02,RELIANCE,EQ,1051.0,1041.0,1042.85,1021.0,1026.4,1023.75,1029.71,1609225,165702721545000.0,62676.0,854648.0,0.5311,-0.025927687916270203,-0.0287462644087092,-0.05849082632087177,1045.92,1071.2675,0.012046183957779375,0.014438312871050855,0.021343101343101255,-0.31141744732908827,1023.95,1
2016-11-03,RELIANCE,EQ,1023.75,1023.85,1034.75,1020.6,1021.9,1023.95,1027.98,1671371,171813332485000.0,63170.0,940280.0,0.5626,0.00019536019536015026,-0.023600648421855608,-0.0584800698818444,1040.97,1067.6475,0.01234766421645913,0.014331159889287029,0.013819034132525979,0.03861858969379672,1005.55,0
2016-11-04,RELIANCE,EQ,1023.95,1020.25,1026.9,1000.0,1006.55,1005.55,1010.83,2636911,266548045745000.0,71344.0,1383790.0,0.5247999999999999,-0.017969627423214063,-0.046826863832409193,-0.055111821086262114,1031.09,1063.455,0.011807002000837168,0.014691890597587052,0.026751529013972545,0.5776934026018161,1001.15,0
2016-11-07,RELIANCE,EQ,1005.55,1014.0,1016.55,999.05,1000.0,1001.15,1005.0,2172921,218378637345000.0,72315.0,1263004.0,0.5811999999999999,-0.004375714782954621,-0.04761225266362257,-0.05845010815386065,1021.0800000000002,1057.9725,0.011709132829560029,0.01360836334042339,0.01747989811716526,-0.17595967402767865,1003.5,1
2016-11-08,RELIANCE,EQ,1001.15,1005.7,1005.7,998.3,1003.9,1003.5,1001.7,3070346,307556414420000.0,71607.0,2139904.0,0.6970000000000001,0.0023473006043051026,-0.045195052331113206,-0.054060423245510636,1011.5800000000002,1052.6975,0.012263707028543696,0.01369034826688515,0.00737419033383168,0.4130039702317756,1004.6,1
2016-11-09,RELIANCE,EQ,1003.5,950.0,1009.0,930.0,1003.0,1004.6,981.42,4946573,485467503395000.0,83043.0,2272901.0,0.4595,0.001096163428002006,-0.01870573870573866,-0.046914283003652524,1007.75,1048.11,0.008348909908015704,0.013662836437023346,0.07863826398566594,0.6110799890305523,1010.4,1
2016-11-10,RELIANCE,EQ,1004.6,1018.6,1028.95,1007.0,1008.05,1010.4,1018.04,2231907,227217538020000.0,67470.0,1128033.0,0.5054,0.005773442166036258,-0.013233068020899519,-0.036521407456851396,1005.04,1045.7725,0.009322382367466114,0.01163071490486235,0.021724069675376136,-0.5487973188710649,1001.75,0
2016-11-11,RELIANCE,EQ,1010.4,997.85,1017.5,995.1,998.0,1001.75,1003.74,3377392,339002572725000.0,96461.0,1906464.0,0.5645,-0.008560965954077626,-0.003779026403460728,-0.050428930281055995,1004.28,1041.9775,0.005694596171751333,0.01052739927232689,0.0223608684801597,0.5132315100942826,985.4,0
2016-11-15,RELIANCE,EQ,1001.75,996.5,1000.0,979.55,982.85,985.4,988.79,3311592,327448201630000.0,95636.0,1881764.0,0.5682,-0.01632143748440229,-0.015731908305448683,-0.06259512937595135,1001.1299999999999,1038.2150000000001,0.009091781009521372,0.01056133219449198,0.020752993708138875,-0.019482488263133257,986.55,1
2016-11-16,RELIANCE,EQ,985.4,995.0,996.8,980.7,982.05,986.55,990.58,3783226,374760286845000.0,79760.0,3035821.0,0.8024,0.0011670387659832304,-0.016890881913303457,-0.06132254995242625,997.74,1033.4875,0.008927761869933621,0.009180602744265718,0.01631949723784898,0.14241911443197108,977.75,0
2016-11-17,RELIANCE,EQ,986.55,986.0,998.15,974.4,977.05,977.75,987.21,2886635,284970934365000.0,78724.0,2017146.0,0.6988,-0.00891997364553232,-0.026727055544495393,-0.044932844932844884,992.3699999999999,1028.0075000000002,0.008798120685846327,0.008896113653190447,0.02429046279723856,-0.23699112873510597,987.5,1
2016-11-18,RELIANCE,EQ,977.75,985.0,992.7,982.0,986.4,987.5,987.8,4151928,410125745320000.0,123195.0,2929574.0,0.7056,0.009971874200971564,-0.022664291369754563,-0.03559744128131259,987.79,1023.0050000000001,0.010214195059638375,0.009462564285301902,0.01083544303797473,0.4383280186099039,991.5,1
2016-11-21,RELIANCE,EQ,987.5,987.55,993.55,983.2,993.0,991.5,988.95,3024712,299128579220000.0,89103.0,2172681.0,0.7183,0.0040506329113925155,-0.010232093835787381,-0.013972452886479969,985.74,1019.3700000000001,0.010523249663615813,0.008788866890409853,0.010438729198184477,-0.27149218387216734,1001.45,1
2016-11-22,RELIANCE,EQ,991.5,997.7,1007.8,993.3,1001.3,1001.45,1000.64,4033660,403624579160000.0,100268.0,2679071.0,0.6642,0.010035300050428742,0.016287801907854726,0.00029965539629439597,988.95,1016.2775000000001,0.007815230106156215,0.009284292373577687,0.014479005442108941,0.3335682868319363,1009.0,1
2016-11-23,RELIANCE,EQ,1001.45,1005.0,1010.5,999.55,1007.0,1009.0,1005.35,2996248,301228858500000.0,68315.0,2246046.0,0.7495999999999999,0.007539068350891132,0.022756069129795886,0.00548081714001003,993.4399999999999,1013.6850000000001,0.007907405625959207,0.00957665917152218,0.010852329038652176,-0.2571887566131008,987.35,0
2016-11-24,RELIANCE,EQ,1009.0,1005.55,1005.55,982.2,992.4,987.35,989.73,4323375,427898868575000.0,98362.0,2749446.0,0.6359,-0.021456888007928665,0.009818460751725988,-0.017171013338642238,995.36,1010.35,0.013353135160195406,0.01045426089200881,0.02364916189800973,0.44292962398306157,993.7,1
2016-11-25,RELIANCE,EQ,987.35,990.0,995.9,984.35,993.0,993.7,989.79,2389829,236542243390000.0,90829.0,1700942.0,0.7117,0.006431356661771526,0.006278481012658377,-0.01652810768012658,996.6,1007.6,0.012913193025082714,0.010660832989391989,0.011623226325852826,-0.4472306936132072,986.65,0
2016-11-28,RELIANCE,EQ,993.7,993.0,1000.6,984.1,986.5,986.65,991.92,1900161,188480109890000.0,85702.0,1267547.0,0.6670999999999999,-0.0070946965885076985,-0.004891578416540643,-0.015073621162964845,995.6299999999999,1004.1849999999998,0.013280690325627066,0.010505384429532224,0.01672325546039629,-0.20489666833903175,997.7,1
2016-11-29,RELIANCE,EQ,986.65,989.0,1004.3,988.05,997.95,997.7,999.9,2259609,225938757645000.0,83165.0,1615394.0,0.7149,0.0111995135052958,-0.003744570372959166,0.012482240714430715,994.8799999999999,1001.51,0.013528439114448393,0.010992432906803955,0.01628746116066954,0.18916712846964012,990.05,0
2016-11-30,RELIANCE,EQ,997.7,999.95,999.95,986.65,988.15,990.05,990.16,6308004,624595346085000.0,103344.0,4820747.0,0.7642,-0.007667635561792174,-0.018780971258671952,0.0035477167908366525,991.0899999999999,998.4625,0.012915218716340384,0.011035008103585797,0.013433664966415907,1.7916351899819838,997.75,1
2016-12-01,RELIANCE,EQ,990.05,1000.0,1015.0,995.0,996.5,997.75,1004.55,2886513,289964914445000.0,64770.0,818598.0,0.2836,0.00777738498055669,0.010533245556286985,0.020455126566095716,993.1700000000001,997.1625,0.008856345012199212,0.009846801766675779,0.020045101478326235,-0.5424046972703251,994.75,0
2016-12-02,RELIANCE,EQ,997.75,995.9,1005.0,991.8,995.6,994.75,999.59,2853045,285186703995000.0,115352.0,1868329.0,0.6548999999999999,-0.0030067652217489194,0.001056656938713818,0.0073417721518986845,993.3799999999999,995.7025,0.008714830105560269,0.009848282560049491,0.013269665745162147,-0.011594612600047238,993.85,0
2016-12-05,RELIANCE,EQ,994.75,995.0,999.7,986.5,993.05,993.85,993.15,911410,90517018175000.0,33770.0,418584.0,0.4593,-0.0009047499371701573,0.0072974205645366386,0.0023701462430660847,994.82,995.1175000000001,0.007804218893453019,0.009043435261999784,0.013281682346430594,-0.6805483264371925,1005.2,1
2016-12-06,RELIANCE,EQ,993.85,996.0,1006.55,994.6,1003.25,1005.2,1000.6,1537535,153846438205000.0,77584.0,1007905.0,0.6555,0.011420234441817279,0.00751728976646282,0.003744570372959277,996.32,995.32,0.007873263354959149,0.009375047407001125,0.011888181456426514,0.6869850012617813,999.15,0
2016-12-07,RELIANCE,EQ,1005.2,1004.0,1007.6,996.35,1001.85,999.15,1002.8,1127113,113027044875000.0,47622.0,666754.0,0.5916,-0.00601870274572236,0.00919145497702134,-0.009762140733399427,998.14,995.1025,0.007413105252735608,0.009462484525190079,0.011259570635039785,-0.2669350616408732,1020.05,1
2016-12-08,RELIANCE,EQ,999.15,1005.05,1021.8,1004.35,1019.55,1020.05,1017.09,2000230,203442337420000.0,63936.0,1242726.0,0.6213000000000001,0.020917780113096196,0.02235028814833373,0.03311895477794091,1002.6,995.875,0.011331784962118563,0.01057518978218416,0.0171070045586,0.7746490369643506,1028.95,1
2016-12-09,RELIANCE,EQ,1020.05,1022.0,1031.85,1020.3,1028.95,1028.95,1027.97,1883333,193601772225000.0,61243.0,1178522.0,0.6258,0.008725062496936609,0.03438049761246553,0.03547348294253805,1009.4399999999999,996.8025,0.010583507924133682,0.010668191991833591,0.011225035230088882,-0.05844177919539251,1027.2,0
2016-12-12,RELIANCE,EQ,1028.95,1020.5,1041.7,1020.5,1024.9,1027.2,1034.34,2062700,213353020815000.0,72075.0,1225688.0,0.5942000000000001,-0.0017007629136498448,0.033556371685868,0.041098667207216444,1016.11,998.075,0.010733826068003749,0.010453950647900527,0.02063862928348914,0.0952391319007313,1039.8,1
2016-12-13,RELIANCE,EQ,1027.2,1028.0,1041.0,1027.55,1039.0,1039.8,1037.64,2369453,245863517375000.0,84958.0,1821332.0,0.7687,0.012266355140186924,0.03442101074413051,0.04219705322241141,1023.03,1000.7949999999998,0.010833668930716387,0.009853903238249041,0.012935179842277406,0.14871430649149175,1059.5,1
2016-12-14,RELIANCE,EQ,1039.8,1039.8,1064.45,1038.2,1056.35,1059.5,1056.76,5517829,583099801335000.0,117128.0,3927832.0,0.7118000000000001,0.018945951144450968,0.06040134113996909,0.0701479723246301,1035.1,1004.4424999999999,0.009029633048448088,0.010486494688211745,0.024775837659273242,1.3287353663482668,1052.95,0
2016-12-15,RELIANCE,EQ,1059.5,1052.4,1067.6,1048.65,1051.0,1052.95,1059.31,4418967,468104911120000.0,75838.0,2801638.0,0.634,-0.006182161396885322,0.03225332091564148,0.05532448008018043,1041.68,1008.2025,0.010261012142141831,0.01033082073839204,0.017997055890592924,-0.19914752704369776,1057.15,1
2016-12-16,RELIANCE,EQ,1052.95,1052.0,1062.0,1052.0,1055.85,1057.15,1057.34,3415537,361139994750000.0,77749.0,2550641.0,0.7468000000000001,0.003988793389999579,0.027406579522814667,0.06272932897713002,1047.3200000000002,1011.6850000000001,0.01021247005971134,0.010227659086696697,0.009459395544624698,-0.22707343141507963,1062.55,1
2016-12-19,RELIANCE,EQ,1057.15,1055.0,1066.95,1054.35,1060.55,1062.55,1063.71,3430950,364952169985000.0,55483.0,2065450.0,0.6020000000000001,0.005108073594097151,0.034413940809968846,0.06912511948483169,1054.3899999999999,1015.2375,0.009443303889804262,0.010233586876769096,0.011858265493388675,0.004512613975488966,1057.9,0
2016-12-20,RELIANCE,EQ,1062.55,1054.7,1061.0,1053.15,1060.0,1057.9,1058.65,2671719,282840295870000.0,47616.0,1896610.0,0.7099,-0.004376264646369421,0.01740719369109467,0.05242737763629135,1058.0099999999998,1018.0599999999998,0.009964712386622835,0.010257744788136866,0.007420361092730796,-0.2212888558562497,1063.25,1
2016-12-21,RELIANCE,EQ,1057.9,1060.1,1067.3,1057.2,1063.0,1063.25,1061.12,4655758,494030265290000.0,89738.0,3720215.0,0.7991,0.005057188770205112,0.0035394053798962766,0.06415453135164895,1058.7599999999998,1020.7724999999998,0.0055308938698161855,0.010212250843955864,0.009499177051492978,0.7426076619584618,1053.35,0
2016-12-22,RELIANCE,EQ,1063.25,1058.0,1062.65,1050.95,1052.0,1053.35,1058.51,6604416,699084684125000.0,71577.0,4816707.0,0.7293000000000001,-0.009311074535621966,0.0003798850847618329,0.03264545855595302,1058.84,1024.0725,0.006583735322737933,0.008989875466123827,0.011107419186405322,0.41854795717475013,1057.3,1
2016-12-23,RELIANCE,EQ,1053.35,1052.0,1068.95,1052.0,1059.9,1057.3,1059.91,2346414,248699008035000.0,67543.0,1174874.0,0.5007,0.0037499406654959433,0.00014189093316918644,0.027552359201127308,1058.8700000000001,1027.2525,0.006549180215325633,0.008960330460695004,0.01603140073772822,-0.6447204415954416,1047.45,0
2016-12-26,RELIANCE,EQ,1057.3,1054.35,1066.0,1044.65,1044.95,1047.45,1056.49,3502299,370013071995000.0,45499.0,2051673.0,0.5858,-0.009316182729594114,-0.014211095948425845,0.01971378504672905,1055.85,1030.2925,0.006927639628698986,0.009106517054127489,0.020382834502840144,0.49261767105037735,1064.7,1
2016-12-27,RELIANCE,EQ,1047.45,1047.85,1067.1,1047.0,1064.85,1064.7,1056.43,3987142,421215535905000.0,35254.0,2006497.0,0.5032,0.016468566518688332,0.006427828717270101,0.023946912867859327,1057.21,1033.6425000000002,0.010902957381956213,0.009425811291579317,0.018878557340095716,0.13843563899027478,1049.7,0
2016-12-28,RELIANCE,EQ,1064.7,1067.9,1069.55,1047.1,1051.15,1049.7,1057.89,2202927,233046399905000.03,76376.0,1489420.0,0.6761,-0.014088475626937158,-0.012743945450270355,-0.009249646059461991,1054.5,1036.625,0.0125101171381994,0.009915546762407416,0.02138706297037253,-0.4474922137210062,1065.45,1
2016-12-29,RELIANCE,EQ,1049.7,1050.0,1068.8,1049.5,1064.05,1065.45,1058.89,2005206,212329803530000.0,70952.0,1210453.0,0.6037,0.015004286939125366,0.011487160013291087,0.011871408898808111,1056.92,1040.01,0.013854124875541276,0.010226534447515648,0.01811441175090333,-0.08975376850889749,1082.4,1
2016-12-30,RELIANCE,EQ,1065.45,1064.8,1085.0,1063.1,1080.7,1082.4,1079.52,3591493,387707153000000.0,71421.0,2387799.0,0.6648000000000001,0.0159087709418555,0.02373971436678346,0.023884973750177396,1061.94,1044.3925000000002,0.0151635148351866,0.010480460274307882,0.020232815964523365,0.7910843075474541,1085.1,1
2017-01-02,RELIANCE,EQ,1082.4,1084.0,1090.0,1072.35,1086.7,1085.1,1086.63,1622458,176301619120000.0,38903.0,881915.0,0.5436,0.0024944567627491754,0.035944436488615006,0.02122253070443736,1069.47,1048.955,0.013209733349426963,0.010419284794612146,0.016265781955580216,-0.548249711192532,1089.4,1
2017-01-03,RELIANCE,EQ,1085.1,1089.85,1097.0,1081.1,1089.0,1089.4,1091.74,1470751,160568213495000.0,31291.0,776985.0,0.5283,0.003962768408441786,0.02319902319902334,0.029775971263824585,1074.41,1053.165,0.01214722294935998,0.010289460800383591,0.014595190012851193,-0.09350442353515465,1067.15,0
2017-01-04,RELIANCE,EQ,1089.4,1092.9,1093.0,1064.3,1067.15,1067.15,1072.39,2375547,254751362410000.0,70540.0,1516724.0,0.6385000000000001,-0.02042408665320361,0.016623797275411967,0.003667999059487448,1077.9,1056.565,0.01466161713941593,0.011470061887931161,0.026894063627418866,0.6151931904176846,1077.4,1
2017-01-05,RELIANCE,EQ,1067.15,1071.0,1079.9,1068.75,1077.0,1077.4,1077.12,1996483,215045174920000.0,84058.0,1272212.0,0.6372,0.00960502272407826,0.011215918156647575,0.02283191721649991,1080.29,1059.4325000000001,0.013763614073492629,0.010819107537382482,0.010348988305179219,-0.1595691434435943,1074.95,0
2017-01-06,RELIANCE,EQ,1077.4,1074.2,1085.0,1073.1,1073.95,1074.95,1078.77,1793427,193470400460000.0,66643.0,1121595.0,0.6254,-0.0022739929459810737,-0.006882852919438354,0.01669346448500897,1078.8,1061.7325,0.011485750047184537,0.010781254713218679,0.011070282338713513,-0.1017068514983599,1077.7,1
2017-01-09,RELIANCE,EQ,1074.95,1077.0,1086.0,1071.0,1078.0,1077.7,1079.41,1195257,129017089309999.98,37309.0,717860.0,0.6006,0.0025582585236523236,-0.006819647958713371,0.02887966012697496,1077.3200000000002,1064.2575000000002,0.011491091393818745,0.010741217210742103,0.01391853020321054,-0.3335346239350696,1089.85,1
2017-01-10,RELIANCE,EQ,1077.7,1080.0,1094.4,1080.0,1088.0,1089.85,1089.83,2594400,282746483390000.0,76596.0,1854059.0,0.7145999999999999,0.011274009464600443,0.0004130714154579884,0.02362167746783128,1077.41,1066.76,0.012728997510936868,0.010695716754828968,0.013212827453319349,1.1705792143446976,1086.05,0
2017-01-11,RELIANCE,EQ,1089.85,1095.0,1095.7,1084.0,1084.8,1086.05,1087.58,2623211,285294252380000.0,58033.0,2028194.0,0.7732,-0.003486718355736995,0.01771072482781233,0.034628941602362406,1081.19,1068.0875,0.0067219862111289564,0.010025330095234363,0.010772984669214166,0.011105072463768018,1083.3,0
2017-01-12,RELIANCE,EQ,1086.05,1087.0,1090.35,1079.8,1080.45,1083.3,1084.63,999364,108393777615000.02,29486.0,499595.0,0.4999,-0.0025321117812255878,0.005476146278076799,0.016753484443192912,1082.3700000000001,1069.605,0.006149201675688117,0.009914836294071515,0.00973876119265204,-0.6190302648166693,1090.4,1
2017-01-13,RELIANCE,EQ,1083.3,1084.55,1097.5,1084.55,1089.95,1090.4,1091.91,1653669,180565445275000.0,52984.0,881588.0,0.5331,0.006554047816855979,0.014372761523791855,0.007390983000739038,1085.4599999999998,1071.2675,0.006202567713199909,0.009965617661051585,0.011876375641966292,0.6547214028121886,1076.25,0
2017-01-16,RELIANCE,EQ,1090.4,1089.95,1093.95,1073.95,1076.7,1076.25,1078.39,2746005,296125076240000.0,59289.0,1898030.0,0.6912,-0.012976889214967091,-0.0013454579196436889,-0.00815593032900186,1085.1699999999998,1071.9524999999999,0.009443974188784622,0.01043946996058423,0.018583042973286876,0.6605529885363999,1041.25,0
2017-01-17,RELIANCE,EQ,1076.25,1065.0,1068.0,1038.5,1040.0,1041.25,1049.23,8968290,940982708705000.0,172984.0,5407424.0,0.6029,-0.03252032520325199,-0.04459329265495249,-0.04419864145401142,1075.45,1071.1200000000001,0.014859166469168163,0.012790760202608978,0.028331332533013204,2.2659408850311635,1032.55,0
2017-01-18,RELIANCE,EQ,1041.25,1042.6,1048.0,1028.75,1031.95,1032.55,1036.48,3627071,375936953125000.0,155581.0,2321652.0,0.6401000000000001,-0.008355342136854738,-0.049261083743842415,-0.032422808414937054,1064.75,1069.585,0.014564785716191974,0.012823783940621667,0.018643164979904123,-0.5955671594027401,1033.7,1
2017-01-19,RELIANCE,EQ,1032.55,1035.15,1045.3,1031.0,1032.45,1033.7,1037.12,3493728,362341180750000.0,117616.0,2467726.0,0.7062999999999999,0.0011137475182800838,-0.045786024185359486,-0.04056060887321333,1054.83,1068.6025,0.015111026518557856,0.012695900246375933,0.013833800909354701,-0.036763272624109056,1025.8,0
2017-01-20,RELIANCE,EQ,1033.7,1033.95,1037.45,1023.9,1025.7,1025.8,1029.42,2008082,206716805390000.0,75554.0,1194058.0,0.5946,-0.007642449453419853,-0.05924431401320629,-0.04572305688636691,1041.91,1067.0275,0.012512505135431631,0.012733505525112904,0.01320920257360116,-0.4252323019994687,1015.9,0
2017-01-23,RELIANCE,EQ,1025.8,1021.8,1031.0,1012.8,1018.4,1015.9,1019.37,3133533,319424470870000.0,98745.0,2089020.0,0.6667000000000001,-0.009651004094365367,-0.05607433217189317,-0.05734434443722747,1029.84,1065.45,0.012541027815653461,0.012744629599869751,0.01791514912885131,0.5604606783985913,1027.3,1
2017-01-24,RELIANCE,EQ,1015.9,1017.0,1028.8,1017.0,1027.9,1027.3,1024.12,2153091,220502780365000.0,67115.0,1431871.0,0.665,0.011221576926862875,-0.01339735894357752,-0.057393219250355565,1027.05,1063.58,0.008846965226454685,0.01240585486921668,0.011486420714494261,-0.31288708304651647,1017.3,0
2017-01-25,RELIANCE,EQ,1027.3,1032.0,1032.7,1016.15,1018.05,1017.3,1020.11,5453230,556288461390000.0,161600.0,3923084.0,0.7194,-0.009734254842791779,-0.01476926056849548,-0.06330279453063858,1024.0,1061.96,0.009087018544080913,0.012213963577498854,0.016268554015531376,1.5327447841266348,1025.1,1
2017-01-27,RELIANCE,EQ,1017.3,1020.25,1028.9,1019.0,1028.15,1025.1,1024.42,4997239,511926408175000.0,109980.0,3544461.0,0.7093,0.007667354762606937,-0.00831962851891277,-0.05372472999169209,1022.28,1059.9425,0.010219696810143035,0.011795333149446493,0.009657594381036087,-0.08361851599877501,1044.8,1
2017-01-30,RELIANCE,EQ,1025.1,1024.95,1046.45,1024.8,1044.95,1044.8,1038.36,3583756,372122706935000.0,88109.0,2667553.0,0.7443000000000001,0.019217637303677648,0.018522129069994175,-0.04181951577402798,1026.08,1058.0625,0.012959839974399862,0.012077535121774133,0.02072166921898937,-0.2828527913113621,1045.2,1
2017-01-31,RELIANCE,EQ,1044.8,1046.85,1053.8,1040.3,1045.0,1045.2,1046.18,3457365,361702951440000.0,95062.0,2634632.0,0.762,0.00038284839203694965,0.028841421399744105,-0.02885017421602787,1031.94,1056.0675,0.010995000193095272,0.012048164796982857,0.012916188289322617,-0.035267747022955764,1049.65,1
2017-02-01,RELIANCE,EQ,1045.2,1046.1,1050.9,1035.2,1050.0,1049.65,1044.86,2585798,270180555070000.0,83931.0,1755572.0,0.6789000000000001,0.004257558362036118,0.021756059573639686,0.008067226890756451,1036.41,1054.08,0.010561299811848267,0.012055766406578704,0.01495736674129476,-0.252089958682407,1043.5,0
2017-02-02,RELIANCE,EQ,1049.65,1050.0,1050.8,1038.25,1045.55,1043.5,1042.22,2079908,216772958200000.0,64859.0,1469840.0,0.7067,-0.005859095889105936,0.025754448048756595,0.01060481332623131,1041.65,1052.8974999999998,0.009340188329133857,0.011286065079226859,0.012026832774317158,-0.19564173226214887,1033.65,0
2017-02-03,RELIANCE,EQ,1043.5,1046.0,1050.45,1030.1,1033.45,1033.65,1038.23,3021751,313728604385000.0,48459.0,2477077.0,0.8197,-0.009439386679444106,0.008340649692712976,-4.836993324941474e-05,1043.3600000000001,1050.71,0.011139667483563211,0.011141446626432332,0.019687515116335447,0.4528291635976207,1041.65,1
2017-02-06,RELIANCE,EQ,1033.65,1037.0,1044.9,1032.05,1040.7,1041.65,1038.21,2283982,237125582645000.0,60273.0,1512364.0,0.6622,0.0077395636820973834,-0.003014931087289341,0.015451355039968862,1042.73,1049.045,0.0070693299716994284,0.011352023061863975,0.012336197379158196,-0.2441528107378801,1030.9,0
2017-02-07,RELIANCE,EQ,1041.65,1042.0,1042.35,1027.2,1031.95,1030.9,1031.93,2264245,233653792200000.0,67846.0,1351517.0,0.5969,-0.010320165122642,-0.013681592039800905,0.014765232798503947,1039.8700000000001,1046.705,0.008228840906911743,0.011473680597688817,0.014695896789213176,-0.008641486666707499,1025.15,0
2017-02-08,RELIANCE,EQ,1030.9,1030.9,1038.25,1022.0,1022.7,1025.15,1027.7,3710094,381287488540000.0,96353.0,2786342.0,0.751,-0.005577650596566119,-0.02334111370456815,-0.0020928647912000775,1034.97,1043.47,0.007261270311985709,0.011046449221057955,0.015851338828464127,0.6385567816203634,1032.75,1
2017-02-09,RELIANCE,EQ,1025.15,1028.0,1034.0,1026.8,1032.45,1032.75,1030.58,2254216,232315936545000.0,97836.0,1637861.0,0.7266,0.007413549236696904,-0.01030186871106853,0.015187260395163715,1032.8200000000002,1040.805,0.008955953854663145,0.011287293370600448,0.006971677559912898,-0.39241000362794043,1030.15,0
2017-02-10,RELIANCE,EQ,1032.75,1035.0,1035.55,1025.55,1030.0,1030.15,1030.89,2861531,294992251535000.0,81923.0,2366578.0,0.8270000000000001,-0.0025175502299684682,-0.0033860591109176053,0.004926348648912393,1032.1200000000001,1038.1474999999998,0.008010729567331454,0.011287288403404752,0.00970732417609086,0.26941295776447327,1029.85,0
2017-02-13,RELIANCE,EQ,1030.15,1033.0,1034.0,1022.0,1030.0,1029.85,1026.56,1957988,200998398520000.0,53352.0,1315916.0,0.6720999999999999,-0.0002912197252828985,-0.011328181250900182,-0.014308958652373693,1029.76,1035.1200000000001,0.006585837841777364,0.011102112948639279,0.011652182356653882,-0.3157550975334532,1049.8,1
2017-02-14,RELIANCE,EQ,1029.85,1035.0,1052.9,1029.9,1048.1,1049.8,1047.4,4170414,436810826670000.0,108276.0,2878955.0,0.6903,0.019371753167937156,0.018333495004364986,0.004401071565250492,1033.5400000000002,1033.7975000000001,0.010000685184823364,0.011870266852990313,0.021908935035244808,1.1299487024435289,1051.3,1
2017-02-15,RELIANCE,EQ,1049.8,1052.9,1057.5,1045.25,1050.35,1051.3,1052.94,3482845,366722007570000.0,73263.0,2400194.0,0.6890999999999999,0.0014288435892551021,0.025508462176266677,0.0015719525556137093,1038.77,1034.3,0.00879777484428344,0.009301562811127217,0.011652240083705889,-0.16486828406004772,1067.5,1
2017-02-16,RELIANCE,EQ,1051.3,1052.55,1069.45,1052.55,1065.95,1067.5,1062.56,4492847,477392384115000.0,54707.0,2936392.0,0.6536,0.015409493008655906,0.03364802711207937,0.0229995208433158,1045.7199999999998,1036.0475000000001,0.009975621843482713,0.009620391564407077,0.015831381733021163,0.2899933818473117,1075.5,1
2017-02-17,RELIANCE,EQ,1067.5,1066.5,1078.2,1058.45,1070.7,1075.5,1070.57,3393856,363336703825000.0,72587.0,2370822.0,0.6986,0.007494145199063329,0.04402271513857192,0.04048759251197209,1054.79,1038.1375,0.008574204516157992,0.009705011551877495,0.018363551836355185,-0.2446090418836876,1075.4,0
2017-02-20,RELIANCE,EQ,1075.5,1070.55,1078.85,1066.5,1075.0,1075.4,1074.6,2663127,286180684325000.0,46942.0,1784092.0,0.6698999999999999,-9.298000929791606e-05,0.044229742195465604,0.0324005184082945,1063.9,1040.6175,0.008522638021350705,0.00945259712842367,0.011484098939929244,-0.21530937081596857,1088.2,1
2017-02-21,RELIANCE,EQ,1075.4,1075.2,1090.95,1073.05,1088.1,1088.2,1084.82,3242790,351785337360000.0,78020.0,1715528.0,0.529,0.011902547889157455,0.036578395884930615,0.05558250072751969,1071.5800000000002,1044.2325,0.006634870413547159,0.009231705550653007,0.016449182135636915,0.21766254482043101,1207.5,1
2017-02-22,RELIANCE,EQ,1088.2,1093.0,1211.65,1092.0,1209.8,1207.5,1177.82,29103926,3427918422525000.0,529232.0,10949059.0,0.3762,0.10963058261349001,0.14857795110815175,0.177876408330488,1102.8200000000002,1053.2425,0.04551684511101839,0.02548717644073983,0.09908902691511395,7.974964767992994,1182.75,0
2017-02-23,RELIANCE,EQ,1207.5,1213.6,1222.0,1179.35,1186.8,1182.75,1196.34,14229234,1702300470095000.0,325600.0,6195579.0,0.4354,-0.02049689440993785,0.10796252927400474,0.1452432824981844,1125.8700000000001,1061.515,0.050707728279441124,0.02599879008381561,0.0360600295920525,-0.5110888476008357,1238.9,1
2017-02-27,RELIANCE,EQ,1182.75,1190.5,1256.8,1190.35,1237.55,1238.9,1241.99,19068911,2368341651350000.0,248086.0,8149162.0,0.4274,0.047474106954132456,0.1519293351929336,0.2026403921758968,1158.55,1072.205,0.05106102896791732,0.027465130726895434,0.053636290257486514,0.34012210355104155,1238.05,0
2017-02-28,RELIANCE,EQ,1238.9,1232.0,1248.0,1228.5,1237.65,1238.05,1240.68,8254531,1024122953945000.0,132662.0,4383833.0,0.5311,-0.0006860925014126051,0.15124604798214603,0.20216536388794482,1191.08,1081.8674999999998,0.05114811266075315,0.027468678381816998,0.015750575501797183,-0.5671210065430585,1234.5,0
2017-03-01,RELIANCE,EQ,1238.05,1240.1,1244.4,1230.0,1231.55,1234.5,1238.28,5574153,690237607580000.0,86071.0,3829123.0,0.6869,-0.0028674124631477005,0.13444219812534453,0.17593827395694417,1220.34,1091.3325,0.05282230141027761,0.02753102291231786,0.011664641555285614,-0.3247159650863265,1236.75,1
2017-03-02,RELIANCE,EQ,1234.5,1237.9,1254.7,1227.05,1234.95,1236.75,1241.01,4129033,512416494985000.06,114912.0,2267277.0,0.5491,0.0018226002430132837,0.024223602484471973,0.1764006468182251,1226.19,1100.6875,0.02529057605418213,0.02755706778490589,0.022356984030725766,-0.2592537377427566,1258.55,1
2017-03-03,RELIANCE,EQ,1236.75,1241.55,1287.8,1241.55,1258.6,1258.55,1269.09,19270851,2445642201825000.0,218969.0,8796175.0,0.4564,0.01762684455225383,0.06408793067004859,0.17896955503512868,1241.35,1111.44,0.02105563204263467,0.027409535441389733,0.03674863930713917,3.667158387932477,1305.35,1
2017-03-06,RELIANCE,EQ,1258.55,1269.0,1312.0,1265.25,1308.0,1305.35,1298.39,15252154,1980319690645000.0,271304.0,7693280.0,0.5044,0.03718565015295372,0.053636290257486285,0.21371455137145512,1254.64,1125.025,0.016896462913348224,0.027672941944321808,0.03581414946183016,-0.2085375990920173,1304.95,0
2017-03-07,RELIANCE,EQ,1305.35,1318.85,1327.0,1296.15,1306.35,1304.95,1309.21,9616850,1259051810820000.0,187234.0,4262649.0,0.4432,-0.0003064312253417967,0.05403658979847359,0.21345545843407088,1268.02,1138.19,0.01683370855524298,0.027797604962562804,0.02364075251925354,-0.36947594418467056,1291.2,0
2017-03-08,RELIANCE,EQ,1304.95,1307.7,1307.7,1286.1,1288.15,1291.2,1294.73,9906103,1282571891795000.0,117724.0,5532704.0,0.5585,-0.010536802176328575,0.04592952612393675,0.18654659070023882,1279.3600000000001,1151.2050000000002,0.018631554425438082,0.027806669740391768,0.01672862453531609,0.030077728154229266,1286.75,0
2017-03-09,RELIANCE,EQ,1291.2,1290.0,1298.0,1281.5,1285.4,1286.75,1287.46,7107670,915087464660000.0,91156.0,3491139.0,0.4911999999999999,-0.0034464064436183772,0.04042854255104111,0.06563146997929614,1289.3600000000001,1164.285,0.019287649484457065,0.027741102598689473,0.01282300369147076,-0.28249585129490373,1281.65,0
2017-03-10,RELIANCE,EQ,1286.75,1290.25,1296.0,1261.2,1279.1,1281.65,1282.25,5665568,726467175990000.0,82236.0,2917379.0,0.5149,-0.003963473868272671,0.018354455524214552,0.08361868526738547,1293.98,1176.73,0.019038049616295332,0.027951116181257552,0.02715249873210311,-0.20289377531596153,1289.5,1
2017-03-14,RELIANCE,EQ,1281.65,1318.75,1319.0,1285.25,1288.25,1289.5,1299.08,6346620,824479450915000.0,148050.0,3687454.0,0.5810000000000001,0.00612491709905183,-0.012142337304171247,0.04084268302526417,1290.81,1189.6975,0.006058071506763161,0.027794131875985274,0.026172935246219466,0.12020895345356375,1304.95,1
2017-03-15,RELIANCE,EQ,1289.5,1291.05,1316.3,1290.4,1302.0,1304.95,1306.9,5510658,720186348550000.0,118169.0,3101824.0,0.5629,0.011981388134935989,0.0,0.05403658979847359,1290.81,1203.4524999999999,0.008939717806063443,0.02765198496826394,0.01984750373577521,-0.1317176701929531,1297.65,0
2017-03-16,RELIANCE,EQ,1304.95,1310.0,1310.4,1293.6,1296.8,1297.65,1300.24,3639964,473282240420000.0,101204.0,2180552.0,0.5991,-0.005594084064523552,0.004995353159851446,0.051154313487241865,1292.1,1215.845,0.007660648041531578,0.02787630691168628,0.01294648017570237,-0.3394683538699008,1300.7,1
2017-03-17,RELIANCE,EQ,1297.65,1308.0,1319.95,1298.05,1300.55,1300.7,1302.8,5195076,676812419520000.0,103713.0,3520073.0,0.6776000000000001,0.002350402650945993,0.010841266757334322,0.05170810592278152,1294.89,1228.315,0.007242880494343783,0.027860402900095487,0.01683708772199592,0.4272327968078806,1280.8,0
2017-03-20,RELIANCE,EQ,1300.7,1306.0,1306.25,1278.35,1280.95,1280.8,1287.84,2941714,378845642610000.0,85225.0,2067131.0,0.7027,-0.015299454140078494,-0.0006632075839738683,0.01767907512613731,1294.72,1238.98,0.010629223549858501,0.028447562738746816,0.021783260462211188,-0.43374957363472644,1263.8,0
2017-03-21,RELIANCE,EQ,1280.8,1282.2,1283.9,1259.3,1265.2,1263.8,1270.21,5165107,656078698585000.0,97439.0,3464341.0,0.6707,-0.01327295440349785,-0.0199302055060101,-0.0318305435323859,1289.5800000000002,1248.395,0.011312972278416905,0.02890061247805706,0.019465105238170705,0.7558154871615663,1259.7,0
2017-03-22,RELIANCE,EQ,1263.8,1252.0,1265.9,1246.55,1260.45,1259.7,1257.09,4638338,583080037075000.0,123911.0,2456891.0,0.5297,-0.0032441842063617443,-0.03467565807119044,-0.03467565807119044,1280.53,1257.6100000000001,0.007275695001249379,0.02895832439603493,0.01536080019052166,-0.10198607695832829,1273.3,1
2017-03-23,RELIANCE,EQ,1259.7,1263.15,1277.55,1258.0,1272.0,1273.3,1269.4,2699090,342622494745000.0,100190.0,1514419.0,0.5611,0.010796221322536992,-0.018764690016568553,-0.013863073110285118,1275.66,1266.865,0.010875874532543153,0.028952175296320395,0.015353805073431207,-0.4180911352299035,1286.75,1
2017-03-24,RELIANCE,EQ,1273.3,1274.1,1292.0,1268.45,1284.0,1286.75,1282.43,3721911,477307855510000.06,122493.0,2349994.0,0.6314000000000001,0.01056310374617131,-0.010724994233874074,0.0,1272.8700000000001,1270.8274999999999,0.012520343574286122,0.016488767385700424,0.018301923450553686,0.378950312883231,1251.1,0
2017-03-27,RELIANCE,EQ,1286.75,1271.1,1278.75,1247.2,1248.5,1251.1,1258.23,7418122,933373605240000.0,178024.0,4098344.0,0.5525,-0.0277054594909657,-0.023188632104934492,-0.02383646081223434,1266.9299999999998,1274.245,0.016415543245785376,0.017103877438794938,0.025217808328670734,0.9930949450430169,1245.75,0
2017-03-28,RELIANCE,EQ,1251.1,1258.0,1264.0,1242.1,1246.3,1245.75,1249.71,4961934,620097665340000.0,100601.0,3029496.0,0.6104999999999999,-0.0042762369115177945,-0.014282323152397525,-0.03392787902287708,1263.3200000000002,1274.5875,0.015700992818782032,0.01356124542902337,0.017579771222155403,-0.3311064444612801,1256.65,1
2017-03-29,RELIANCE,EQ,1245.75,1251.7,1260.0,1233.35,1259.2,1256.65,1246.51,4325787,539212474285000.06,119423.0,2173596.0,0.5025000000000001,0.00874974914710025,-0.0024212113995395468,-0.037012912372121454,1262.71,1275.5175000000002,0.016506612392408762,0.013686398944469755,0.021207177814029435,-0.12820545376057002,1270.65,1
2017-03-30,RELIANCE,EQ,1256.65,1255.0,1274.75,1253.0,1267.6,1270.65,1267.91,6368859,807511174325000.0,113795.0,4612464.0,0.7242000000000001,0.011140731309433827,-0.0020812063143013093,-0.020806843139521414,1262.1799999999998,1277.325,0.016565512573932555,0.013844509611978377,0.017117223468303622,0.4723006472579441,1320.9,1
2017-03-31,RELIANCE,EQ,1270.65,1266.0,1337.65,1266.0,1320.6,1320.9,1311.06,10375519,1360291763690000.0,209261.0,4371626.0,0.4213,0.03954668870263256,0.02653973188265013,0.015530099177366141,1269.01,1281.5325,0.024493533240732376,0.016247110730522638,0.05424331894920137,0.6291016962378975,1374.65,1
2017-04-03,RELIANCE,EQ,1320.9,1342.0,1380.5,1337.05,1373.25,1374.65,1365.85,10260327,1401407097070000.0,167021.0,4815428.0,0.4693,0.04069195245665824,0.09875309727439863,0.07327451592754541,1293.72,1287.3375,0.020007377934277166,0.018029392622007097,0.03160804568435605,-0.011102287991569426,1415.0,1
2017-04-05,RELIANCE,EQ,1374.65,1395.2,1418.0,1380.1,1415.05,1415.0,1400.66,9217360,1291038648060000.0,188615.0,4343888.0,0.4713,0.029352926199396112,0.13586193056391727,0.11963918341509738,1327.5700000000002,1292.8200000000002,0.01523912498723742,0.017356225961643074,0.026784452296819854,-0.1016504639666942,1438.5,1
2017-04-06,RELIANCE,EQ,1415.0,1409.0,1448.9,1402.2,1434.0,1438.5,1429.25,11571075,1653797535315000.0,193297.0,5364090.0,0.4636,0.01660777385159018,0.1447101420443242,0.14193855679923795,1363.94,1299.4975,0.01331206972089334,0.01753712008374356,0.03246437261035804,0.25535673989081475,1406.6,0
2017-04-07,RELIANCE,EQ,1438.5,1421.3,1434.0,1402.55,1405.25,1406.6,1419.57,7286151,1034318845535000.0,172166.0,3594186.0,0.4933,-0.022175877650330245,0.10699248416164941,0.10468860441372807,1391.13,1305.2675,0.02590743795810138,0.018259076240024374,0.02235887956775206,-0.3703133892054109,1381.35,0
2017-04-10,RELIANCE,EQ,1406.6,1410.0,1424.9,1377.3,1384.75,1381.35,1396.97,7033141,982509389600000.0,146691.0,3998689.0,0.5685,-0.017951087729276227,0.04576425164660436,0.07351855449776568,1403.22,1309.9975,0.02817059908480396,0.018867006582877564,0.03445904368914478,-0.03472478130085421,1372.35,0
2017-04-11,RELIANCE,EQ,1381.35,1387.85,1400.45,1370.1,1375.7,1372.35,1382.9,7371727,1019438522125000.0,150329.0,4362093.0,0.5917,-0.00651536540340969,-0.0016731531662605992,0.09691471505075544,1402.76,1314.5325,0.022325885151815862,0.01893023482131621,0.02211534958283247,0.04814150604971523,1354.0,0
2017-04-12,RELIANCE,EQ,1372.35,1382.8,1386.45,1351.15,1355.0,1354.0,1363.72,6274215,855626424065000.0,162585.0,3238000.0,0.5161,-0.013371224541844251,-0.04310954063604244,0.08689544451133857,1390.56,1317.7575000000002,0.015282804974540994,0.019291548585880645,0.02607090103397338,-0.1488812594389347,1364.8,1
2017-04-13,RELIANCE,EQ,1354.0,1354.0,1373.4,1347.35,1365.8,1364.8,1365.73,2906188,396907763035000.0,68868.0,1141564.0,0.3928,0.007976366322008932,-0.05123392422662498,0.08606214936537615,1375.82,1320.75,0.011803594200010597,0.019209860603079023,0.019087045720984894,-0.5368045245500832,1391.85,1
2017-04-17,RELIANCE,EQ,1364.8,1365.0,1395.55,1365.0,1391.45,1391.85,1380.35,2705854,373503909815000.0,56746.0,977288.0,0.3611999999999999,0.01981975381008194,-0.010486278970567309,0.09538425215440904,1372.87,1325.4599999999998,0.01565055644355827,0.019490436452426232,0.02194920429643996,-0.06893359961571655,1370.2,0
2017-04-18,RELIANCE,EQ,1391.85,1399.95,1410.0,1367.0,1369.0,1370.2,1393.47,3661083,510160121625000.0,88267.0,1142150.0,0.312,-0.015554837087329743,-0.008071813805335282,0.03732303732303732,1370.64,1328.935,0.015066083649843196,0.019960718714409638,0.03138227995913005,0.35302311211174,1368.8,0
2017-04-19,RELIANCE,EQ,1370.2,1369.0,1382.55,1357.55,1369.95,1368.8,1368.72,2645292,362065541150000.0,80500.0,1199472.0,0.4534,-0.001021748649832177,-0.002586803657958936,-0.00425562870548879,1369.9299999999998,1333.3349999999998,0.014809673186490768,0.019530235360533537,0.01826417299824664,-0.27745642477922516,1369.55,1
2017-04-20,RELIANCE,EQ,1368.8,1379.0,1386.8,1364.1,1370.45,1369.55,1371.78,1918612,263191917240000.0,55149.0,736770.0,0.384,0.0005479251899473958,0.01148449039881827,-0.0321201413427562,1373.04,1338.6225,0.012961940334199036,0.019145959687182128,0.016574787338906972,-0.2747069132632617,1402.5,1
2017-04-21,RELIANCE,EQ,1369.55,1380.5,1421.0,1378.55,1405.0,1402.5,1404.5,6910277,970548212425000.0,137920.0,2371273.0,0.3432,0.024058997480924438,0.02762309495896842,-0.02502606882168923,1380.58,1345.7625,0.016277512395345042,0.01955631641475397,0.03026737967914442,2.601706337706634,1417.4,1
2017-04-24,RELIANCE,EQ,1402.5,1409.05,1435.0,1400.2,1417.85,1417.4,1418.74,5831731,827369351800000.0,183083.0,2146777.0,0.3681,0.010623885918003673,0.018356863167726445,0.0076780890089578335,1385.69,1352.9675,0.014708870239384074,0.019553927522022452,0.024551996613517674,-0.15607854793664566,1432.8,1
2017-04-25,RELIANCE,EQ,1417.4,1460.0,1467.75,1426.1,1431.0,1432.8,1442.9,8403704,1212571308800000.0,176682.0,3213592.0,0.3824,0.010864964018625578,0.045686761056779934,0.03724617222282545,1398.2099999999998,1360.27,0.010059329253009272,0.01955811228374466,0.029068955890563995,0.44103080200372746,1416.45,0
2017-04-26,RELIANCE,EQ,1432.8,1435.0,1440.05,1402.6,1416.5,1416.45,1421.45,3831775,544667130875000.0,108141.0,1977500.0,0.5161,-0.011411222780569497,0.03481151373465807,0.032134659525631326,1407.7400000000002,1368.5375,0.013225565989155889,0.018404361450388672,0.02643933778107243,-0.5440373673323097,1409.5,0
2017-04-27,RELIANCE,EQ,1416.45,1417.0,1424.15,1402.2,1409.0,1409.5,1408.44,2873655,404737259875000.0,67915.0,1530304.0,0.5325,-0.004906632779130948,0.029170165382790048,0.0409896602658788,1415.73,1376.725,0.014081568810744042,0.01842411074087028,0.015572898190847851,-0.2500459969596336,1395.2,0
2017-04-28,RELIANCE,EQ,1409.5,1409.75,1420.3,1391.0,1394.25,1395.2,1403.8,2708404,380205452995000.0,65970.0,1109279.0,0.4096,-0.010145441645973752,-0.0052049910873439575,0.022274325908558046,1414.27,1383.6525,0.010990750733766288,0.018775877516499447,0.02100057339449538,-0.057505511273969856,1370.55,0
2017-05-02,RELIANCE,EQ,1395.2,1402.0,1402.0,1366.3,1372.0,1370.55,1375.81,4249684,584676771415000.0,98491.0,2414317.0,0.5681,-0.017667717889908285,-0.033053478199520314,-0.01530337320831987,1404.9,1388.6475,0.010794566972339879,0.019407431481904807,0.026047936959614788,0.5690731515682299,1370.1,0
2017-05-03,RELIANCE,EQ,1370.55,1376.9,1380.75,1365.0,1370.2,1370.1,1371.36,2171549,297796540140000.0,51100.0,1091961.0,0.5028,-0.0003283353398271238,-0.04376046901172537,-7.298204641670303e-05,1392.3600000000001,1391.1075,0.0065983014495001584,0.017516119273140392,0.011495511276549158,-0.48900930045622215,1357.95,0
2017-05-04,RELIANCE,EQ,1370.1,1375.0,1379.6,1354.05,1361.6,1357.95,1364.31,3283811,448013868420000.0,101401.0,1986534.0,0.6049,-0.008867965841909298,-0.041300434184051715,-0.007926651081239022,1380.66,1390.2724999999998,0.006451940218288009,0.01508782703039076,0.01881512574100663,0.5121975143089104,1328.25,0
2017-05-05,RELIANCE,EQ,1357.95,1361.6,1367.35,1325.0,1328.4,1328.25,1343.7,3565543,479100638075000.0,81287.0,1874915.0,0.5258,-0.021871202916160404,-0.05764455480666908,-0.030155890621006876,1364.4099999999999,1385.935,0.008348500926916084,0.014066030831522474,0.03188405797101442,0.08579421897301631,1321.4,0
2017-05-08,RELIANCE,EQ,1328.25,1330.0,1339.5,1318.35,1320.1,1321.4,1328.0,3672585,487718099165000.0,64261.0,2378259.0,0.6476000000000001,-0.00515716167890079,-0.05289564220183485,-0.057825311942958924,1349.65,1380.08,0.008873625355967755,0.013284158922872751,0.01600575147570765,0.030021233792440594,1330.35,1
2017-05-09,RELIANCE,EQ,1321.4,1324.0,1333.65,1320.25,1330.0,1330.35,1329.47,4824511,641406277260000.0,73661.0,3697634.0,0.7664,0.006773119418798101,-0.02933129035788551,-0.061415267390997674,1341.6100000000001,1376.2675,0.010678142230002123,0.012784745964773669,0.010072537302213773,0.31365536808542216,1359.1,1
2017-05-10,RELIANCE,EQ,1330.35,1334.8,1363.6,1330.65,1359.2,1359.1,1352.69,5235932,708260405040000.0,127713.0,2966210.0,0.5665,0.02161085428646592,-0.008028611050288292,-0.051437744276940256,1339.41,1375.1550000000002,0.016471215200120327,0.013349797133424457,0.024243984990066823,0.08527724364189448,1359.55,1
2017-05-11,RELIANCE,EQ,1359.1,1364.1,1369.75,1351.65,1357.0,1359.55,1361.0,3150756,428816698340000.0,81000.0,1801503.0,0.5718,0.0003311014642042309,0.0011782466217460374,-0.040170849659359686,1339.73,1374.5149999999999,0.01594828072945128,0.013281164606856084,0.01331322864182995,-0.3982435218791993,1350.45,0
2017-05-12,RELIANCE,EQ,1359.55,1360.05,1364.0,1344.05,1349.9,1350.45,1351.52,1719729,232424317695000.0,45354.0,884077.0,0.5141,-0.006693391195616183,0.016713721061547115,-0.04189428875487755,1344.17,1374.3375,0.011484001672590219,0.013018850927483306,0.014772853493280051,-0.4541852812467865,1344.1,0
2017-05-15,RELIANCE,EQ,1350.45,1356.4,1356.4,1333.5,1343.6,1344.1,1344.22,1540213,207037880320000.0,75812.0,802733.0,0.5212,-0.004702136324928774,0.01717874981080647,-0.03662557339449546,1348.7099999999998,1373.3025,0.011401008983800826,0.012915673889872463,0.017037422810802838,-0.10438621433958495,1356.3,1
2017-05-16,RELIANCE,EQ,1344.1,1346.05,1376.9,1341.0,1356.2,1356.3,1360.59,2892947,393612146360000.0,79767.0,1238129.0,0.428,0.009076705602261814,0.01950614499943626,-0.010397285761190811,1353.9,1371.525,0.011612744412880729,0.012222835268117203,0.02646907026469077,0.8782772252928652,1353.1,0
2017-05-17,RELIANCE,EQ,1356.3,1353.0,1365.95,1347.75,1350.0,1353.1,1354.16,2250304,304726329420000.0,56277.0,1225837.0,0.5447,-0.002359360023593604,-0.004414686189390005,-0.012407853441354644,1352.7,1370.67,0.006148067632811948,0.011755657078560897,0.013450594930160407,-0.22214129743821787,1327.35,0
2017-05-18,RELIANCE,EQ,1353.1,1340.25,1350.0,1324.1,1327.45,1327.35,1336.14,2237916,299017774720000.0,84723.0,1339478.0,0.5985,-0.01903037469514446,-0.02368430730756499,-0.022533966640892578,1346.26,1368.5975,0.010057345145492154,0.01246122275688381,0.019512562624778764,-0.005505033986519137,1318.85,0
2017-05-19,RELIANCE,EQ,1327.35,1333.0,1335.7,1310.0,1318.2,1318.85,1321.99,2928883,387193970145000.0,115988.0,1444387.0,0.4932,-0.006403736768749724,-0.023399607538228118,-0.007076980990024517,1339.9399999999998,1366.0625,0.010044118426030648,0.012499083659192927,0.01948667399628468,0.3087546628202309,1324.15,1
2017-05-22,RELIANCE,EQ,1318.85,1326.5,1333.6,1315.2,1326.0,1324.15,1322.82,2011859,266131829265000.0,89828.0,1123947.0,0.5587,0.004018652614020013,-0.014842645636485297,0.0020811260784017183,1335.95,1362.145,0.010771012394821429,0.011033422954619475,0.01389570667975672,-0.31309683589272774,1305.55,0
2017-05-23,RELIANCE,EQ,1324.15,1325.7,1329.85,1302.0,1304.55,1305.55,1313.55,2108223,276924698680000.03,81667.0,1172410.0,0.5561,-0.014046746969754276,-0.03741797537417979,-0.01864171082797761,1325.8,1356.5525,0.009166461777312982,0.010829402493318123,0.021332005668109156,0.04789798887496599,1297.7,0
2017-05-24,RELIANCE,EQ,1305.55,1307.5,1313.7,1295.1,1299.0,1297.7,1302.71,3274804,426612216180000.0,78535.0,1782580.0,0.5443,-0.00601279154379375,-0.04094301973246606,-0.045176955338091296,1314.7199999999998,1349.7975000000001,0.008785531512028823,0.01024833336812048,0.014333050782153144,0.5533480092001652,1302.45,1
2017-05-25,RELIANCE,EQ,1297.7,1300.0,1312.4,1296.45,1301.5,1302.45,1303.19,5925335,772184299045000.0,114553.0,4678965.0,0.7897,0.0036603221083455484,-0.01875918182845504,-0.04199919090875648,1309.74,1344.0975,0.00763953768968807,0.010297554950062158,0.012246151483742213,0.8093708814329041,1337.3,1
2017-05-26,RELIANCE,EQ,1302.45,1303.95,1344.4,1300.0,1339.0,1337.3,1320.18,4898639,646710296855000.0,111248.0,2843822.0,0.5805,0.02675726515413257,0.013989460514842511,-0.009737494909104472,1313.43,1340.4875,0.015310336536659343,0.012393610513229836,0.033201226351604045,-0.17327222849003476,1356.9,1
2017-05-29,RELIANCE,EQ,1337.3,1337.0,1365.45,1335.6,1355.25,1356.9,1352.77,5491170,742826829670000.0,88604.0,2590759.0,0.4718,0.01465639721827583,0.024732847487067167,0.009523100959750064,1319.98,1338.5725,0.016220969738716423,0.012827165990793801,0.021998673446827426,0.12095829065991603,1359.35,1
2017-05-30,RELIANCE,EQ,1356.9,1355.9,1364.7,1348.5,1360.0,1359.35,1357.25,2207727,299643167215000.0,71958.0,1133031.0,0.5132,0.0018055862628048036,0.04120868599440852,0.002248765022487609,1330.74,1338.0125,0.012743177109284104,0.012246307832101426,0.011917460550998673,-0.5979496172946749,1340.7,0
2017-05-31,RELIANCE,EQ,1359.35,1367.0,1367.95,1335.8,1340.0,1340.7,1346.68,3754099,505555239180000.0,153444.0,2447584.0,0.652,-0.013719792547908782,0.033135547507127994,-0.009164141600768505,1339.34,1336.5425,0.015130580352372419,0.012606480601297715,0.023980010442306327,0.7004362405315512,1328.25,0
2017-06-01,RELIANCE,EQ,1340.7,1332.7,1340.0,1323.0,1329.85,1328.25,1329.31,2179328,289699825200000.0,79314.0,1229535.0,0.5642,-0.009286193779369012,0.01980882183577104,0.0006780427166912517,1344.5,1335.0575000000001,0.016783714335186658,0.012620542528122442,0.01279879540749106,-0.4194804132762615,1324.75,0
2017-06-02,RELIANCE,EQ,1328.25,1335.0,1338.7,1317.0,1322.9,1324.75,1326.29,2627565,348490865755000.0,92530.0,1625375.0,0.6186,-0.0026350461133070047,-0.009384580871906079,0.0044735944193805555,1341.99,1334.8825000000002,0.010984406034203456,0.011643812542880034,0.01638044914134746,0.20567670401151172,1329.35,1
2017-06-05,RELIANCE,EQ,1324.75,1326.25,1341.0,1315.85,1330.0,1329.35,1328.64,2476706,329066270145000.0,77234.0,1452622.0,0.5865,0.0034723532742026997,-0.020303633281745337,0.003927047539931117,1336.48,1335.28,0.007310879546576698,0.011605119842094488,0.01891902057396479,-0.0574139935643837,1312.8,0
2017-06-06,RELIANCE,EQ,1329.35,1333.95,1333.95,1311.0,1312.5,1312.8,1320.16,2192356,289427005480000.0,61140.0,1301049.0,0.5934,-0.012449693459209321,-0.034244307941295404,0.005553215120064348,1327.17,1334.4025000000001,0.007224529921128906,0.011839989245786846,0.01748171846435104,-0.114809751339077,1339.0,1
2017-06-07,RELIANCE,EQ,1312.8,1311.2,1342.0,1309.0,1339.0,1339.0,1328.04,2559954,339971861000000.0,102403.0,1465014.0,0.5723,0.019957343083485624,-0.0012679943313195219,0.03182553748940431,1326.83,1333.3974999999998,0.01282913992589194,0.011681464008755705,0.024645257654966394,0.16767258602161328,1331.7,0
2017-06-08,RELIANCE,EQ,1339.0,1340.0,1344.8,1328.05,1333.9,1331.7,1332.33,1806521,240688191495000.0,61841.0,1063436.0,0.5887,-0.005451829723674306,0.0025974025974027093,0.022457675918461373,1327.52,1332.0049999999999,0.01225091349611796,0.011726598868069376,0.012577907937223097,-0.29431505409862835,1335.7,1
2017-06-09,RELIANCE,EQ,1331.7,1345.1,1352.95,1331.0,1332.95,1335.7,1340.93,3162802,424108871910000.0,78984.0,1333930.0,0.4218,0.0030036795073966616,0.008265710511417224,-0.0011964405892469498,1329.71,1331.2675,0.012140157364321912,0.011677841004575312,0.016433330837763004,0.7507695731187183,1319.45,0
2017-06-12,RELIANCE,EQ,1335.7,1326.55,1329.75,1317.0,1319.0,1319.45,1321.07,1927513,254637248695000.0,44210.0,1194367.0,0.6196,-0.012165905517706022,-0.00744724865535773,-0.027599675731446727,1327.73,1330.035,0.013508737946287031,0.011936122257069757,0.009663117207927546,-0.39056792047051947,1314.35,0
2017-06-13,RELIANCE,EQ,1319.45,1320.6,1327.0,1311.0,1312.0,1314.35,1318.87,1377291,181646734070000.0,63864.0,679324.0,0.4932,-0.003865246883171136,0.001180682510664166,-0.03310405708610731,1328.0400000000002,1327.9375,0.01224288110169131,0.011718021595196356,0.012173317609464756,-0.2854569593045546,1357.5,1
2017-06-14,RELIANCE,EQ,1314.35,1315.9,1360.0,1315.9,1360.0,1357.5,1348.06,12101027,1631296349505000.0,139964.0,7232727.0,0.5977,0.03282991592802542,0.013816280806572045,0.012530767509509877,1331.7400000000002,1328.1574999999998,0.01759480951739932,0.014002168364144552,0.0324861878453038,7.786107656261459,1383.95,1
2017-06-15,RELIANCE,EQ,1357.5,1360.0,1395.0,1359.1,1377.35,1383.95,1379.51,6466804,892102774465000.0,122808.0,2913028.0,0.4504999999999999,0.01948434622467765,0.039235563565367615,0.041934876717485414,1342.19,1330.9875,0.018170884999782966,0.013858018874429653,0.02594024350590707,-0.4655987462882283,1388.8,1
2017-06-16,RELIANCE,EQ,1383.95,1389.1,1395.8,1369.3,1387.1,1388.8,1384.77,7477157,1035416679960000.0,126947.0,3372282.0,0.451,0.0035044618663968574,0.03975443587631955,0.04834874504623521,1352.81,1334.4850000000001,0.018138795440270403,0.013711319375074854,0.01908122119815668,0.1562368366197584,1409.25,1
2017-06-19,RELIANCE,EQ,1388.8,1390.2,1415.8,1390.2,1407.0,1409.25,1409.38,3482912,490875546005000.0,97727.0,1288969.0,0.3701,0.01472494239631339,0.0680586608056386,0.06010456238011064,1370.77,1338.74,0.014250316806973095,0.013973003097418606,0.018165690970374248,-0.5341930094553318,1412.35,1
2017-06-20,RELIANCE,EQ,1409.25,1409.0,1422.1,1407.45,1411.05,1412.35,1414.55,2318399,327948404300000.0,54658.0,1142097.0,0.4926,0.00219975164094377,0.07456157035797162,0.0758302864107252,1390.37,1344.0800000000002,0.012580403832643073,0.01337641558313876,0.010372782950401716,-0.33435039415293866,1422.0,1
2017-06-21,RELIANCE,EQ,1412.35,1407.8,1428.0,1404.25,1427.75,1422.0,1418.57,4569943,648276462840000.0,72533.0,2979165.0,0.6519,0.006832583991220442,0.04751381215469608,0.06198655713218826,1403.27,1350.295,0.00747042045554425,0.013176045205275861,0.01670182841068917,0.9711632898392382,1432.65,1
2017-06-22,RELIANCE,EQ,1422.0,1429.45,1445.4,1427.7,1434.8,1432.65,1438.13,5055942,727110290530000.0,67464.0,2293076.0,0.4535,0.007489451476793363,0.03518913255536682,0.07580536156792084,1413.01,1356.8049999999998,0.004878296728875957,0.01318848057733407,0.012354727253690743,0.10634684064987243,1435.85,1
2017-06-23,RELIANCE,EQ,1432.65,1436.0,1442.0,1430.6,1432.1,1435.85,1437.72,7118832,1023486286660000.0,84739.0,4671640.0,0.6562,0.0022336230063169094,0.0338781682027649,0.07497941154450838,1422.4199999999998,1361.7325,0.005129356542276626,0.01214384214213334,0.007939548002925161,0.4080129874907583,1437.15,1
2017-06-27,RELIANCE,EQ,1435.85,1432.0,1443.0,1425.0,1439.05,1437.15,1433.65,7449878,1068053418635000.0,95862.0,4517542.0,0.6064,0.0009053870529651675,0.01979776476849393,0.08920383493122142,1428.0,1365.745,0.003004763014532848,0.011873014973031334,0.012524788644191629,0.04650285327705439,1398.5,0
2017-06-28,RELIANCE,EQ,1437.15,1439.95,1439.95,1395.55,1399.8,1398.5,1408.58,3558538,501249743980000.0,96283.0,1761401.0,0.495,-0.02689350450544492,-0.009806351116932732,0.06402404230227887,1425.23,1367.7024999999999,0.014265791364132297,0.01362306576492325,0.031748301751877074,-0.5223360704698788,1392.7,0
2017-06-29,RELIANCE,EQ,1398.5,1400.0,1410.0,1390.1,1392.35,1392.7,1397.72,2948322,412092881930000.0,73181.0,1023958.0,0.3473,-0.004147300679299248,-0.02060478199718707,0.025930018416206346,1419.3700000000001,1370.3025,0.01340735445320835,0.013222141424471819,0.014288791555970482,-0.1714794109266221,1380.0,0
2017-06-30,RELIANCE,EQ,1392.7,1392.0,1392.4,1375.05,1383.0,1380.0,1381.68,1786211,246796490075000.0,57115.0,797965.0,0.4467,-0.009118977525669592,-0.036750078525808916,-0.00285414935510675,1408.84,1372.8899999999999,0.011782590064743833,0.013214688481750428,0.01257246376811604,-0.394160135833196,1381.05,1
2017-07-03,RELIANCE,EQ,1380.0,1388.2,1394.7,1371.0,1384.0,1381.05,1381.94,2101886,290467417510000.0,58487.0,909257.0,0.4326,0.0007608695652172592,-0.03816554654037674,-0.005580357142857095,1397.88,1375.705,0.011496355690291846,0.013173812681515478,0.01716085587053332,0.1767288411055581,1421.95,1
2017-07-04,RELIANCE,EQ,1381.05,1390.0,1427.1,1389.0,1422.0,1421.95,1411.47,4301200,607100232655000.0,79094.0,1269909.0,0.2952,0.029615147894717753,-0.01057648818842849,0.009011885754834248,1394.84,1380.335,0.020506754578970544,0.014536795945727998,0.026794191075635507,1.0463526566141077,1442.65,1
2017-07-05,RELIANCE,EQ,1421.95,1429.45,1447.45,1424.0,1440.05,1442.65,1440.65,6219522,896015633810000.0,67692.0,2253529.0,0.3622999999999999,0.014557473891487094,0.031569538791562435,0.021453605692639988,1403.67,1386.8275,0.015726961958434447,0.014231070375210014,0.016254808858697567,0.4459969310889984,1442.55,0
2017-07-06,RELIANCE,EQ,1442.65,1448.7,1450.0,1438.0,1442.0,1442.55,1444.2,3106517,448643697650000.0,51171.0,1446377.0,0.4656,-6.931688212674647e-05,0.035793781862569096,0.014451476793248874,1413.6399999999999,1392.005,0.015142429531441372,0.01380840590704775,0.008318602474784236,-0.5005215834914645,1491.15,1
2017-07-07,RELIANCE,EQ,1442.55,1443.0,1497.75,1440.0,1489.5,1491.15,1467.56,8193635,1202467296680000.0,118579.0,2850308.0,0.3479,0.0336903400228763,0.0805434782608696,0.040833420584232005,1435.8700000000001,1399.9775000000002,0.015735607866313787,0.015135038884092332,0.03872849813902022,1.6375632259536967,1492.85,1
2017-07-10,RELIANCE,EQ,1491.15,1530.0,1550.0,1489.1,1491.0,1492.85,1495.16,815433,121920657570000.0,9771.0,524406.0,0.6431,0.0011400596854775902,0.0809528981571992,0.03969774001462545,1458.23,1407.835,0.015646202717691526,0.015158740409558436,0.040794453561978826,-0.9004797016220517,1494.35,1
2017-07-11,RELIANCE,EQ,1492.85,1501.0,1504.4,1487.0,1496.5,1494.35,1495.08,4799229,717521564725000.0,58533.0,2178682.0,0.454,0.0010047894966005444,0.050915995639790435,0.03980099502487544,1472.71,1416.58,0.01451538291749685,0.014618888854971297,0.011643858533810749,4.885497643583225,1511.1,1
2017-07-12,RELIANCE,EQ,1494.35,1499.4,1525.0,1497.5,1511.25,1511.1,1512.3,3909797,591278961460000.0,130937.0,1618467.0,0.414,0.011208886806972851,0.04744740581568618,0.08051483732570608,1486.3999999999999,1426.4175,0.014332364582449757,0.014452472115142865,0.018198663225464894,-0.1853281016596624,1522.1,1
2017-07-13,RELIANCE,EQ,1511.1,1508.75,1525.0,1506.15,1518.6,1522.1,1516.35,5259759,797561306230000.0,80445.0,2425730.0,0.4612,0.007279465290185971,0.05514540223909048,0.09291304660012911,1502.31,1434.6475,0.013470047135385152,0.013126604462868749,0.012384206031141128,0.3452767496624505,1533.75,1
2017-07-14,RELIANCE,EQ,1522.1,1520.0,1536.0,1515.55,1533.0,1533.75,1527.64,4693011,716921171690000.0,60570.0,1855009.0,0.3953,0.007653899218185378,0.02856855447138118,0.11141304347826098,1510.83,1442.1375,0.004457837444135157,0.012739290526684283,0.013333333333333364,-0.10775170497355491,1551.75,1
2017-07-17,RELIANCE,EQ,1533.75,1537.0,1559.6,1537.0,1548.7,1551.75,1550.72,4285809,664610925155000.0,58737.0,2295970.0,0.5357000000000001,0.01173594132029332,0.039454734233178135,0.1236016074725752,1522.6100000000001,1450.285,0.004288839945466513,0.01281340968559834,0.014564201707749257,-0.08676774889298144,1519.9,0
2017-07-18,RELIANCE,EQ,1551.75,1546.8,1551.8,1511.0,1520.5,1519.9,1526.5,4489412,685308759490000.0,91217.0,2516460.0,0.5605,-0.020525213468664316,0.01709773480108412,0.06888427863145674,1527.7199999999998,1455.8175,0.013564691859920585,0.013878138459078747,0.02684387130732282,0.04750631677706596,1532.95,1
2017-07-19,RELIANCE,EQ,1519.9,1512.6,1538.0,1512.6,1538.0,1532.95,1527.52,2695041,411671843905000.0,77682.0,1515379.0,0.5623,0.00858609119020981,0.014459665144596734,0.06259314456035758,1532.0900000000001,1461.8474999999999,0.013237397735230631,0.013910931701762585,0.016569359731237215,-0.39968953617979375,1528.9,0
2017-07-20,RELIANCE,EQ,1532.95,1539.75,1550.0,1523.7,1526.1,1528.9,1535.46,3114686,478248131670000.0,71431.0,1606391.0,0.5157,-0.002641964839035782,0.004467511990013939,0.059859276974801645,1533.45,1467.1924999999999,0.013168855285238704,0.013977619124696156,0.01720190986984103,0.15571006155379452,1585.0,1
2017-07-21,RELIANCE,EQ,1528.9,1550.0,1591.7,1544.95,1584.0,1585.0,1572.08,22205112,3490815506850000.0,427790.0,4293169.0,0.1933,0.03669304728890044,0.03341483292583547,0.06293800087181034,1543.7,1474.81,0.020958060973119304,0.01579853960361018,0.02949526813880126,6.129165508176426,1615.25,1
2017-07-24,RELIANCE,EQ,1585.0,1600.0,1624.9,1585.0,1619.0,1615.25,1613.62,9927229,1601879681170000.0,192058.0,3831194.0,0.3859,0.019085173501577346,0.040921540196552364,0.08199082292259785,1556.4,1483.78,0.021640056206190295,0.016079803202403955,0.024702058504875463,-0.5529304693441762,1602.15,0
2017-07-25,RELIANCE,EQ,1615.25,1624.7,1624.95,1597.6,1602.5,1602.15,1610.25,4586079,738471358495000.0,110309.0,2144225.0,0.4676,-0.008110199659495332,0.054115402329100615,0.07213838792786165,1572.85,1492.0300000000002,0.017904240936543785,0.01635492689094617,0.0170708110975877,-0.5380303002983008,1622.75,1
2017-07-26,RELIANCE,EQ,1602.15,1604.2,1629.9,1601.1,1621.15,1622.75,1620.72,5018389,813338269620000.0,126847.0,2015577.0,0.4015999999999999,0.012857722435477337,0.05857986235689361,0.07388657269538745,1590.81,1503.2425,0.017878713194278292,0.014513145736671085,0.01774765059312906,0.09426571151521812,1594.8,0
2017-07-27,RELIANCE,EQ,1622.75,1628.0,1631.5,1588.35,1592.8,1594.8,1608.84,4208071,677013306875000.0,74777.0,2154944.0,0.5121,-0.01722384840548452,0.04310288442671184,0.0477629590697064,1603.99,1513.3475,0.021583385164659123,0.015339488386030848,0.02705668422372717,-0.16146974656607926,1594.45,0
2017-07-28,RELIANCE,EQ,1594.8,1591.25,1605.95,1578.0,1594.0,1594.45,1592.27,3276023,521632153560000.06,81539.0,1149781.0,0.351,-0.00021946325558053204,0.005962145110410155,0.03957620211898938,1605.8799999999999,1524.0700000000002,0.014865097402893912,0.014974816715796922,0.017529555646147603,-0.22149055945111196,1615.2,1
2017-07-31,RELIANCE,EQ,1594.45,1601.95,1618.8,1596.0,1615.45,1615.2,1610.24,3787034,609802772685000.0,77426.0,1889965.0,0.4991,0.013013891937658784,-3.095496053240332e-05,0.04088931851135813,1605.8700000000001,1535.7775000000001,0.013201767194346844,0.014941494859693646,0.0141158989598811,0.15598516860229616,1603.6,0
2017-08-01,RELIANCE,EQ,1615.2,1622.75,1622.75,1591.5,1605.8,1603.6,1605.0,2814298,451695884235000.06,80380.0,1413196.0,0.5021,-0.007181773155027327,0.0009050338607494712,0.055069412461346,1606.16,1544.8600000000001,0.013063868359634313,0.01439084090289048,0.019487403342479424,-0.25685958985316737,1629.2,1
2017-08-02,RELIANCE,EQ,1603.6,1610.0,1635.7,1608.1,1625.1,1629.2,1624.28,4751385,771758694625000.0,85961.0,2143251.0,0.4511,0.015964080818159143,0.003974734247419454,0.06278743598943204,1607.45,1554.1875,0.01386281642304796,0.014437573022376178,0.01694082985514371,0.6883020206104684,1650.1,1
2017-08-03,RELIANCE,EQ,1629.2,1626.85,1664.9,1617.05,1654.0,1650.1,1645.48,4504776,741250756075000.0,100320.0,1280650.0,0.2843,0.012828382027989083,0.034675194381740715,0.07927267970436258,1618.51,1564.565,0.010045698593251608,0.014430989449864743,0.028998242530755797,-0.05190255051948012,1622.15,0
2017-08-04,RELIANCE,EQ,1650.1,1663.0,1663.0,1615.1,1626.5,1622.15,1626.0,4247045,690570375640000.0,105310.0,2052979.0,0.4834,-0.016938367371674312,0.017372761767380673,0.023438485804416542,1624.05,1571.115,0.014702944986534164,0.013904413121969786,0.029528711894707696,-0.05721283366808916,1616.35,0
2017-08-07,RELIANCE,EQ,1622.15,1631.6,1631.6,1612.55,1618.0,1616.35,1620.9,2180018,353359868240000.0,73400.0,1064581.0,0.4883,-0.0035755016490461866,0.0007119861317483878,0.0006810091317133171,1624.28,1577.29,0.013878481775923069,0.014000652557513612,0.011785813716088691,-0.4866976921600784,1602.55,0
2017-08-08,RELIANCE,EQ,1616.35,1618.0,1621.05,1586.8,1604.6,1602.55,1605.42,2505568,402247684085000.0,54425.0,856664.0,0.3419,-0.008537754817954046,-0.0006547767523072956,0.0002496645133100994,1624.0700000000002,1582.7,0.014071172548266325,0.014270773997190197,0.021372188075255063,0.149333629355354,1598.8,0
2017-08-09,RELIANCE,EQ,1602.55,1601.5,1620.0,1585.0,1595.0,1598.8,1605.79,2385643,383085334275000.0,73759.0,778289.0,0.3262,-0.002340020592181191,-0.018659464767984302,-0.014758896934216614,1617.9899999999998,1587.0849999999998,0.010882438814575552,0.014211912158675488,0.021891418563922942,-0.04786339863855227,1584.35,0
2017-08-10,RELIANCE,EQ,1598.8,1593.05,1606.65,1577.95,1593.75,1584.35,1590.55,2328843,370414339215000.0,82027.0,1089828.0,0.4679999999999999,-0.009038028521391017,-0.03984606993515549,-0.00655254577376474,1604.84,1590.1975,0.005762719052491078,0.014415402635291577,0.018114684255372895,-0.023809094654984042,1546.25,0
2017-08-11,RELIANCE,EQ,1584.35,1550.95,1580.0,1533.0,1545.5,1546.25,1558.16,3885064,605353486190000.0,106441.0,1792053.0,0.4613,-0.024047716729257984,-0.046789754338378176,-0.030229859826272465,1589.6599999999999,1590.8225,0.008647833207729307,0.015476898629314112,0.030396119644300727,0.6682378331214256,1573.05,1
2017-08-14,RELIANCE,EQ,1546.25,1561.0,1584.5,1561.0,1572.2,1573.05,1573.14,3072299,483315304690000.0,92410.0,1667459.0,0.5427000000000001,0.0173322554567501,-0.026788752436044172,-0.026095839524517106,1581.0,1591.8875,0.014974226316340416,0.01573873996206086,0.014939130987571915,-0.20920247388460012,1566.1,0
2017-08-16,RELIANCE,EQ,1573.05,1572.0,1576.0,1550.2,1576.0,1566.1,1561.92,3103394,484725182075000.0,96068.0,1481871.0,0.4775,-0.004418168526111765,-0.02274500015600145,-0.02338488401097527,1573.7099999999998,1594.1974999999998,0.014866291490061922,0.014984157287686735,0.01647404380307768,0.010121085219895631,1567.1,1
2017-08-17,RELIANCE,EQ,1566.1,1569.0,1597.65,1561.15,1563.0,1567.1,1580.02,3618179,571678948990000.0,89026.0,1450228.0,0.4008,0.0006385288295767122,-0.01982737052789596,-0.038116867174073255,1567.3700000000001,1595.9050000000002,0.015033338129931684,0.014894373719189512,0.023291430029991705,0.16587806768976154,1575.4,1
2017-08-18,RELIANCE,EQ,1567.1,1564.0,1577.8,1553.15,1576.25,1575.4,1568.93,1814011,284606273235000.0,50855.0,646001.0,0.3561,0.005296407376683243,-0.0056490043235395415,-0.04526998363735524,1565.58,1598.23,0.015176250684756623,0.0148921784801596,0.015646819855274764,-0.49863978537269715,1564.4,0
2017-08-21,RELIANCE,EQ,1575.4,1577.0,1584.15,1560.25,1564.3,1564.4,1571.08,1731188,271984150065000.0,50892.0,746749.0,0.4314,-0.006982353687952303,0.01173807599029919,-0.03560090004007033,1569.21,1597.2,0.009604382291051705,0.012483386656659885,0.01527742265405273,-0.045657385760064284,1560.05,0
2017-08-22,RELIANCE,EQ,1564.4,1572.0,1579.9,1556.05,1560.1,1560.05,1568.81,2179230,341879034760000.0,57712.0,1164969.0,0.5346000000000001,-0.0027806187675787353,-0.008264200120784437,-0.034831564945710936,1566.61,1594.44,0.004766156428555312,0.011596480941200644,0.015287971539373826,0.25880609153945144,1582.05,1
2017-08-23,RELIANCE,EQ,1560.05,1564.85,1586.55,1553.15,1582.55,1582.05,1567.85,1901824,298178235095000.0,57111.0,705110.0,0.3707999999999999,0.014102112111791243,0.010184534831747749,-0.012792112570590652,1569.8,1593.435,0.008104057517194521,0.012004038734765571,0.021111848550930668,-0.1272954208596614,1568.05,0
2017-08-24,RELIANCE,EQ,1582.05,1590.0,1593.1,1564.5,1570.0,1568.05,1575.93,2892571,455848860560000.06,92963.0,1522504.0,0.5263,-0.008849277835719427,0.0006062153021504368,-0.01923317488116083,1569.99,1590.7,0.009507795160172586,0.011704362856407448,0.018239214310768095,0.5209456816193296,1566.55,0
2017-08-28,RELIANCE,EQ,1568.05,1579.05,1581.95,1561.2,1564.75,1566.55,1568.06,2815328,441460236145000.0,113655.0,1952702.0,0.6936,-0.0009566021491661525,-0.00561762092167073,-0.011234891280335724,1568.22,1589.2875,0.009063697171811099,0.011115388578391136,0.013245667230538445,-0.026703925331478473,1532.15,0
2017-08-29,RELIANCE,EQ,1566.55,1561.85,1567.5,1530.0,1532.05,1532.15,1543.47,3466421,535033011990000.0,109648.0,2104367.0,0.6071,-0.021959082059302193,-0.020614932242393302,-0.009118835893290211,1561.77,1586.1725,0.01308090607545442,0.012073730885515296,0.02447541037104722,0.2312671916025415,1564.1,1
2017-08-30,RELIANCE,EQ,1532.15,1547.55,1568.8,1541.25,1563.5,1564.1,1558.27,2362387,368123067065000.0,70628.0,821509.0,0.3477,0.020853049636132104,0.0025960706387615495,-0.005689583929309294,1562.58,1583.6174999999998,0.017270711197597308,0.01269534896953331,0.017613963301579154,-0.31849391634772584,1594.5,1
2017-08-31,RELIANCE,EQ,1564.1,1575.0,1597.45,1574.0,1595.4,1594.5,1587.29,5738495,910868115030000.0,153607.0,3293653.0,0.574,0.01943609743622532,0.007869536361050589,0.018134218759977117,1565.0700000000002,1583.1625,0.01843573505024424,0.013444720256544612,0.014706804640953305,1.4291087785362855,1610.1,1
2017-09-01,RELIANCE,EQ,1594.5,1599.85,1616.6,1599.0,1611.95,1610.1,1609.02,3527477,567577329670000.0,67678.0,1561681.0,0.4427,0.009783631232361145,0.026816746914958056,0.027439218939442345,1573.48,1582.2075,0.01763480807505905,0.01312079904938777,0.010930998074653692,-0.38529579619743504,1613.35,1
2017-09-04,RELIANCE,EQ,1610.1,1615.5,1636.15,1595.85,1615.0,1613.35,1616.73,4928375,796784492865000.0,78551.0,2385472.0,0.484,0.0020185081671946214,0.029874565127190333,0.024089120223435234,1582.84,1580.3700000000001,0.01741419474397077,0.012760219869966052,0.024979080794620006,0.3971388048738518,1632.6,1
2017-09-05,RELIANCE,EQ,1613.35,1630.0,1634.85,1621.05,1632.15,1632.6,1630.06,5764131,939587538635000.0,103790.0,3567169.0,0.6189,0.011931694920507052,0.06556146591391165,0.04359498849399124,1602.9299999999998,1580.8925,0.007664566073667881,0.012498303192358992,0.008452774715178217,0.16958043980013704,1645.4,1
2017-09-06,RELIANCE,EQ,1632.6,1626.4,1652.5,1622.8,1644.0,1645.4,1645.9,11142512,1833950817980000.0,107540.0,8046232.0,0.7221,0.007840254808281433,0.051978773735694705,0.05470978494279044,1619.19,1582.345,0.006343950096877171,0.012567893217547097,0.018050322110125225,0.9330775098622845,818.1,0
2017-09-07,RELIANCE,EQ,1645.4,823.0,832.5,815.0,816.6,818.1,822.46,7408536,609323836220000.0,125644.0,3413409.0,0.4607,-0.5027956727847331,-0.4869238005644403,-0.48288612875699244,1463.9099999999999,1543.1225,0.22841692206619238,0.11343261114124639,0.021391027991688058,-0.3351107900983189,816.9,0
2017-09-08,RELIANCE,EQ,818.1,820.0,823.25,812.1,816.95,816.9,817.3,6056729,495016147980000.0,107693.0,3404300.0,0.5621,-0.0014668133480014722,-0.49264020868269054,-0.47903446956410833,1305.27,1504.0275000000001,0.22718808167497978,0.11344145198132233,0.013649161464071462,-0.1824661444582304,817.9,1
2017-09-11,RELIANCE,EQ,816.9,821.3,826.85,816.55,819.5,817.9,822.68,5801712,477296639115000.0,65550.0,3899662.0,0.6722,0.001224140041620858,-0.49304242724765235,-0.47789729022374006,1146.1799999999998,1465.705,0.227102230063809,0.11353444519835472,0.012593226555813753,-0.04210474003377074,823.75,1
2017-09-12,RELIANCE,EQ,817.9,822.75,825.0,817.0,824.5,823.75,821.76,2971669,244199785535000.0,60052.0,1570576.0,0.5285,0.007152463626360239,-0.4954367266936175,-0.46235681884932944,984.4100000000001,1429.58,0.22654031596371368,0.11373621151233512,0.009711684370257967,-0.4877944648062503,849.0,1
2017-09-13,RELIANCE,EQ,823.75,824.0,859.9,822.0,853.4,849.0,846.97,13430225,1137503939205000.0,169159.0,5061298.0,0.3769,0.030652503793626718,-0.48401604473076454,-0.4571958314685761,825.1299999999999,1393.3775,0.22940654580356137,0.11401503156617276,0.04464075382803295,3.519421577571392,843.85,0
2017-09-14,RELIANCE,EQ,849.0,855.8,861.5,842.0,844.2,843.85,850.31,5425486,461336923695000.0,73159.0,2181419.0,0.4021,-0.006065959952885724,0.03147536975919807,-0.4707745374725619,830.28,1357.265,0.014428927905611287,0.11400304069518546,0.023108372341055873,-0.596024191701926,841.8,0
2017-09-15,RELIANCE,EQ,843.85,842.0,852.85,834.75,842.0,841.8,841.99,13072853,1100722182590000.0,97143.0,8512123.0,0.6511,-0.002429341707649524,0.03048108703635699,-0.4771753307247997,835.26,1321.0,0.014564229773053529,0.11397438791401948,0.021501544309812336,1.4095266304253666,845.55,1
2017-09-18,RELIANCE,EQ,841.8,850.0,851.05,843.1,845.2,845.55,847.17,2314174,196049373145000.0,57137.0,918028.0,0.3967,0.004454739843193112,0.03380608876390756,-0.4759041745436514,840.79,1284.5075000000002,0.014363747647791717,0.11396424462180661,0.009402164271775686,-0.8229786566099994,838.6,0
2017-09-19,RELIANCE,EQ,845.55,848.7,848.75,837.0,839.0,838.6,839.69,3528729,296305585995000.0,56976.0,2171370.0,0.6153000000000001,-0.008219502099225284,0.018027314112291304,-0.48634080607619745,843.76,1248.2175,0.01582736643447247,0.1139564330032555,0.014011447650846649,0.524833050583059,847.15,1
2017-09-20,RELIANCE,EQ,838.6,856.1,872.5,845.1,848.0,847.15,855.91,11402965,975987615380000.0,147419.0,5286400.0,0.4636,0.010195564035296867,-0.0021790341578328265,-0.48514039139418985,843.39,1212.5725,0.007635436908882395,0.1141042882727732,0.03234374077790235,2.2314652102782615,841.35,0
2017-09-21,RELIANCE,EQ,847.15,847.0,851.7,836.25,842.95,841.35,841.76,5920552,498370946165000.0,81741.0,3689024.0,0.6231,-0.006846485274154435,-0.002962611838596918,0.02841950861752851,842.89,1175.5375,0.0077863931940377685,0.11386433865876484,0.01836334462471034,-0.4807883739009986,817.4,0
2017-09-22,RELIANCE,EQ,841.35,839.9,839.9,813.2,816.95,817.4,824.67,5620443,463501551375000.0,97574.0,2686568.0,0.478,-0.0284661555832888,-0.02898550724637683,0.000612070020810318,838.01,1138.0049999999999,0.014846874220026604,0.1138322803719354,0.032664546121849686,-0.050689361397383226,821.55,1
2017-09-25,RELIANCE,EQ,817.4,815.0,827.95,805.2,821.0,821.55,818.09,6505309,532193799275000.0,116207.0,3232646.0,0.4969,0.005077073648152686,-0.028383892141209843,0.004462648245506795,833.2099999999998,1100.7549999999999,0.014956293526719268,0.11390086638283856,0.02769155863915769,0.15743705611817438,820.1,0
2017-09-26,RELIANCE,EQ,821.55,821.7,827.05,812.2,819.2,820.1,819.18,4829571,395629933810000.0,71436.0,2194442.0,0.4543999999999999,-0.0017649564846934362,-0.022060577152396843,-0.004430955993930175,829.51,1065.1525000000001,0.01495782734371252,0.11399427773176957,0.01810754786001696,-0.2575954501162051,799.15,0
2017-09-27,RELIANCE,EQ,820.1,825.6,825.7,795.5,798.4,799.15,805.86,8434196,679676390325000.0,130217.0,3767260.0,0.4467,-0.025545665162785114,-0.0566605677861064,-0.05871613663133102,819.9100000000001,1026.905,0.014801658359320354,0.11356103316405466,0.037790152036538883,0.7463654639304402,786.45,0
2017-09-28,RELIANCE,EQ,799.15,799.65,802.9,780.2,786.25,786.45,789.61,13508179,1066624086670000.0,197436.0,8286564.0,0.6134000000000001,-0.01589188512794837,-0.06525227313246562,-0.068021567814185,808.93,986.5024999999999,0.014641199114513078,0.11312882366114874,0.0288638820013986,0.6015965244345756,780.9,0
2017-09-29,RELIANCE,EQ,786.45,791.75,793.4,779.1,781.2,780.9,785.51,7619230,598497730670000.0,139675.0,3644681.0,0.4784,-0.007057028418844258,-0.044653780278933186,-0.07234497505345683,801.63,945.0425000000001,0.01199515999874231,0.11291518096862876,0.018312203867332507,-0.4359543207119183,798.35,1
2017-10-03,RELIANCE,EQ,780.9,795.0,803.85,785.35,799.0,798.35,797.81,8387059,669128933070000.0,147117.0,4792550.0,0.5714,0.022346011012933875,-0.02823930375509698,-0.05582165454437937,796.99,904.2924999999999,0.018038576612166377,0.11327441412530578,0.023172793887392747,0.10077514394499176,818.85,1
2017-10-04,RELIANCE,EQ,798.35,799.2,824.95,795.6,824.0,818.85,811.68,8643924,701611651610000.0,131730.0,4821464.0,0.5578000000000001,0.025677960794137977,-0.0015242043653213022,-0.023551156689720965,796.74,863.6049999999999,0.022986910711302072,0.11355347075187504,0.035842950479330796,0.030626349474827785,824.15,1
2017-10-05,RELIANCE,EQ,818.85,825.0,828.45,818.65,824.0,824.15,823.34,4860479,400181882675000.0,64016.0,2110387.0,0.4342,0.006472491909385036,0.031283238440843464,-0.027149855397509248,801.74,822.5424999999999,0.018054771591848387,0.11353331750810422,0.01189103925256333,-0.4376999381299511,837.05,1
2017-10-06,RELIANCE,EQ,824.15,824.0,839.35,822.6,838.2,837.05,832.42,5942106,494632121250000.0,57349.0,2501831.0,0.421,0.01565249044470063,0.06433975459342611,-0.005110833779045643,811.86,823.49,0.013221941221919598,0.015361304462193724,0.020010752045875397,0.22253506290223668,830.65,0
2017-10-09,RELIANCE,EQ,837.05,839.0,839.8,828.0,829.25,830.65,832.26,4046109,336741168085000.0,55669.0,1868638.0,0.4618,-0.007645899289170255,0.06370854142655902,0.01620993393687309,821.8100000000001,824.1775,0.013441808747783253,0.015480657572097491,0.014205742490820388,-0.3190782863853321,843.2,1
2017-10-10,RELIANCE,EQ,830.65,831.0,847.3,831.0,842.25,843.2,842.23,6734986,567242772430000.0,129431.0,3140069.0,0.4662,0.015108649852525247,0.05617836788376018,0.02635262613352829,830.78,825.4425000000001,0.012471196566545883,0.015801658390153406,0.019331119544591976,0.6645587155462198,840.15,0
2017-10-11,RELIANCE,EQ,843.2,845.3,858.4,836.0,839.0,840.15,848.94,7049800,598484557560000.0,107153.0,3557392.0,0.5046,-0.0036171726755218625,0.026012090126396714,0.02444823801975371,835.04,826.2625,0.010627965742012111,0.015787517667399897,0.026661905612093053,0.04674308157433438,872.75,1
2017-10-12,RELIANCE,EQ,840.15,842.1,876.8,842.1,875.6,872.75,859.93,8522926,732914250860000.0,133483.0,3855443.0,0.4524,0.03880259477474257,0.058969847721895396,0.09209785396984294,844.76,827.45,0.01851123556853757,0.01667082431241359,0.03975938126611278,0.20895997049561688,876.45,1
2017-10-13,RELIANCE,EQ,872.75,879.3,890.7,873.35,877.35,876.45,880.42,9833512,865758519210000.0,159717.0,3846703.0,0.3912,0.004239472930392507,0.047070067498954815,0.1144382986839596,852.64,829.0799999999999,0.018599322868057017,0.01658331020081804,0.019795767014661445,0.15377183845078557,876.8,1
2017-10-16,RELIANCE,EQ,876.45,879.0,892.0,861.3,877.5,876.8,877.1,14633539,1283507776165000.0,199908.0,5138463.0,0.3511,0.00039933823948867797,0.0555588996568952,0.12280701754385959,861.8700000000001,830.8300000000002,0.01704116245983375,0.016555340624122353,0.03501368613138692,0.4881294699187839,874.35,0
2017-10-17,RELIANCE,EQ,876.8,878.0,884.0,867.2,874.8,874.35,874.82,6354084,555869692835000.06,82934.0,2425100.0,0.3817,-0.0027942518248174064,0.03694259962049329,0.09519634245631625,868.1,832.2700000000001,0.017821488709435365,0.016581985416020534,0.01921427346028473,-0.5657862394052457,914.5,1
2017-10-18,RELIANCE,EQ,874.35,877.4,917.9,875.0,916.4,914.5,902.06,16765178,1512327619035000.0,236743.0,5324698.0,0.3176,0.04591982615657342,0.08849610188656798,0.11681016059107274,882.97,836.0649999999999,0.02313786845025976,0.019088759251382308,0.04691088026243847,1.6384885689266935,909.9,0
2017-10-19,RELIANCE,EQ,914.5,915.8,921.9,903.0,904.0,909.9,914.94,3664082,335240328660000.0,57147.0,752973.0,0.2055,-0.005030071077091303,0.04256659982812949,0.1040465934599284,890.4,839.2025,0.021181525962739575,0.019153705899767375,0.020771513353115702,-0.7814468775696863,939.75,1
2017-10-23,RELIANCE,EQ,909.9,912.9,944.7,909.1,940.1,939.75,930.39,12551649,1167797938310000.0,181861.0,5558279.0,0.4428,0.032805802835476516,0.07222317302755421,0.12269279015590473,903.0600000000001,844.1225000000001,0.023459346148691933,0.020031054092398255,0.03788241553604685,2.4255917307527506,934.25,0
2017-10-24,RELIANCE,EQ,939.75,947.7,947.7,928.2,936.2,934.25,936.76,6335308,593464221595000.0,114331.0,2261547.0,0.357,-0.0058526203777600205,0.0655223540145986,0.12472160356347439,914.55,849.9649999999999,0.024525229127042265,0.01858498326399726,0.020872357506020872,-0.4952609015755619,939.9,1
2017-10-25,RELIANCE,EQ,934.25,940.1,945.9,929.5,939.3,939.9,937.6,4577050,429141953025000.0,84923.0,2094561.0,0.4576,0.006047631790206065,0.07496997769771818,0.11468216318785562,927.6600000000001,855.8825,0.02339346338948733,0.018581335509029535,0.017448664751569292,-0.2775331522950423,947.4,1
2017-10-26,RELIANCE,EQ,939.9,940.0,957.8,931.0,945.3,947.4,943.54,7698704,726404292500000.0,135945.0,3607637.0,0.4686,0.007979572294924964,0.03597594313832686,0.12765577575432951,934.24,862.2475000000001,0.015632800995577074,0.01846921338336017,0.028287945957356928,0.682023137173507,929.85,0
2017-10-27,RELIANCE,EQ,947.4,950.0,956.7,925.7,930.95,929.85,936.16,5256749,492113944800000.0,100759.0,2291791.0,0.436,-0.01852438252058264,0.021925486317177834,0.06542537954740757,938.2299999999999,868.7824999999999,0.019059247189261046,0.017866912585606073,0.03333871054471151,-0.3171903998387261,942.5,1
2017-10-30,RELIANCE,EQ,929.85,934.0,945.55,930.6,945.35,942.5,939.44,3576533,335992991540000.0,59624.0,1456076.0,0.4071,0.01360434478679351,0.0029263101888801213,0.07536083062353804,938.78,876.585,0.012851197614560855,0.017009323030178405,0.01586206896551717,-0.3196302505598042,940.85,0
2017-10-31,RELIANCE,EQ,942.5,944.95,945.75,932.2,944.05,940.85,938.33,4345360,407737348030000.0,113055.0,2391774.0,0.5504,-0.0017506631299734066,0.007064490232807197,0.07304972627737238,940.1,884.5825000000001,0.012457122085298093,0.016781817759958424,0.014401870648881283,0.21496432438901025,952.55,1
2017-11-01,RELIANCE,EQ,940.85,947.75,957.8,945.75,952.35,952.55,952.36,8033040,765035559655000.0,120104.0,4029559.0,0.5015999999999999,0.012435563586118858,0.013458878604106772,0.08943786813061116,942.6299999999999,892.2925000000001,0.013340077615656221,0.016526673774826174,0.012650254579812037,0.8486477530055048,946.6,0
2017-11-02,RELIANCE,EQ,952.55,952.8,956.5,944.25,946.8,946.6,950.6,4698609,446652020910000.06,57550.0,1658640.0,0.353,-0.006246391265550266,-0.0008444162972345293,0.035101148168398044,942.47,898.68,0.013462076714242557,0.01637168050978977,0.012941052186773716,-0.4150895551372831,945.3,0
2017-11-03,RELIANCE,EQ,946.6,955.95,955.95,940.15,945.95,945.3,945.4,2193730,207394802680000.0,41298.0,645281.0,0.2941,-0.0013733361504332242,0.01661558315857392,0.03890537421694695,945.5600000000001,904.7375,0.009056974540164792,0.016488664050177033,0.016714270601925388,-0.5331107568218594,932.5,0
2017-11-06,RELIANCE,EQ,945.3,942.5,942.5,929.0,931.35,932.5,935.46,4460799,417289890195000.0,120041.0,3021207.0,0.6773,-0.01354067491801536,-0.010610079575596787,-0.007714817770683724,943.5600000000001,909.5099999999999,0.009487019664260205,0.016968321939684446,0.014477211796246649,1.0334311879766425,906.7,0
2017-11-07,RELIANCE,EQ,932.5,933.35,935.0,903.05,906.5,906.7,910.53,9347943,851159212085000.0,150615.0,6087592.0,0.6512000000000001,-0.0276675603217158,-0.03629696550991124,-0.02948889483542949,936.7299999999999,913.3125,0.014828259566717607,0.018324158409564296,0.035237675085474846,1.0955759270928818,887.8,0
2017-11-08,RELIANCE,EQ,906.7,902.5,906.0,884.1,889.5,887.8,891.91,8115980,723875948505000.0,175122.0,5266296.0,0.6489,-0.02084482188154857,-0.06797543436040099,-0.0554314288754123,923.78,915.5424999999999,0.010646530487133442,0.01898518093516903,0.024667717954494232,-0.13178974240643104,900.5,1
2017-11-09,RELIANCE,EQ,887.8,894.75,909.9,892.05,902.9,900.5,901.96,6860798,618816291780000.0,100868.0,2342869.0,0.3414999999999999,0.014305023653976123,-0.04870061271920556,-0.04950390542537464,914.5600000000001,918.5599999999998,0.0166379711350501,0.01909151949020296,0.019822320932815128,-0.15465563000401672,883.85,0
2017-11-10,RELIANCE,EQ,900.5,900.95,900.95,879.2,884.9,883.85,886.8,6365174,564466449260000.0,117869.0,3961031.0,0.6223,-0.018489727928928334,-0.06500581825875373,-0.04947034467924938,902.2700000000001,919.115,0.016220094823508106,0.017792795552135317,0.024608248005883352,-0.072239993073692,875.25,0
2017-11-13,RELIANCE,EQ,883.85,885.0,891.9,873.5,874.9,875.25,879.06,4155011,365251060320000.0,155793.0,2396488.0,0.5768,-0.009730157832211428,-0.0613941018766756,-0.07135278514588861,890.82,919.0550000000001,0.0162922377150655,0.017923604946007244,0.02102256498143385,-0.3472274285039183,886.7,1
2017-11-14,RELIANCE,EQ,875.25,875.0,895.0,873.0,887.5,886.7,885.91,5706105,505509247130000.0,123594.0,2227040.0,0.3903,0.013081976578120491,-0.022058012573067165,-0.05755433916139663,886.82,919.55,0.01697674750073211,0.01815821853979664,0.02481109732716815,0.3733068336040506,883.7,0
2017-11-15,RELIANCE,EQ,886.7,884.5,890.6,877.95,883.25,883.7,884.44,6981872,617503978805000.0,113126.0,3261381.0,0.4671,-0.00338333145370473,-0.004618157242622156,-0.07227967035851124,886.0,920.0174999999999,0.014319649592896139,0.01816469000774381,0.014314812719248587,0.22357930672499027,903.85,1
2017-11-16,RELIANCE,EQ,883.7,885.5,906.0,885.5,905.25,903.85,900.06,6931038,623835238775000.0,124353.0,3150704.0,0.4546,0.02280185583342753,0.0037201554691839167,-0.04516163110078175,886.6700000000001,919.485,0.01684778137765914,0.015703692885521505,0.02268075454998064,-0.0072808553350734995,911.9,1
2017-11-17,RELIANCE,EQ,903.85,918.95,924.9,908.5,913.0,911.9,916.3,5586242,511867194775000.0,114604.0,2824973.0,0.5057,0.008906345079382483,0.0317361543248289,-0.03533269861419652,892.28,919.5849999999998,0.012998327886210546,0.015799541601290525,0.01798442811711808,-0.1940251950717915,920.85,1
2017-11-20,RELIANCE,EQ,911.9,906.2,924.35,905.0,919.0,920.85,916.6,4220192,386822823505000.0,73297.0,1893132.0,0.4486,0.009814672661476065,0.052099400171379706,-0.012493297587131358,901.4,918.64,0.009399889080850694,0.014043272337899837,0.021013194331324345,-0.24453827814835094,932.55,1
2017-11-21,RELIANCE,EQ,920.85,926.8,939.65,925.5,932.05,932.55,934.2,5980763,558724639060000.06,139701.0,3335555.0,0.5577000000000001,0.012705652386381994,0.051708582384120794,0.028509981250689265,910.57,918.555,0.009372955576716064,0.014310859259614167,0.015173449144817948,0.4171779388236365,930.75,0
2017-11-22,RELIANCE,EQ,932.55,937.45,938.65,923.45,934.1,930.75,930.23,5055490,470276889345000.0,80499.0,2499017.0,0.4943,-0.0019301914106482077,0.053242050469616276,0.048378013066005865,919.9800000000001,918.0975000000001,0.008855951299514784,0.01424464377425512,0.01633091592801497,-0.15470818689856125,947.0,1
2017-11-23,RELIANCE,EQ,930.75,931.0,949.9,926.65,949.7,947.0,940.34,7329126,689187371520000.0,86733.0,3905572.0,0.5329,0.017459038409884498,0.04774022238203246,0.051637978900610726,928.61,918.0775,0.007153040053800679,0.01468865815974373,0.024551214361140442,0.4497360295441193,951.1,1
2017-11-24,RELIANCE,EQ,947.0,950.0,959.5,947.4,951.25,951.1,952.55,6394443,609102018715000.0,104436.0,3410898.0,0.5334000000000001,0.004329461457233341,0.04298716964579463,0.07608757142048983,936.45,919.14,0.007514312744121745,0.014039644814413126,0.012722111239617308,-0.1275299401320158,951.35,1
2017-11-27,RELIANCE,EQ,951.1,947.25,957.5,944.0,952.5,951.35,949.61,4680074,444426697390000.0,97924.0,2384703.0,0.5095000000000001,0.0002628535380087005,0.033121572460226956,0.08694658668951738,942.55,919.5825000000001,0.008265449831317894,0.01373409404044028,0.014190361065853786,-0.26810294501022214,943.35,0
2017-11-28,RELIANCE,EQ,951.35,949.85,951.35,938.1,942.4,943.35,944.15,4641893,438263429975000.0,109264.0,2738861.0,0.59,-0.008409102853839334,0.011581148463889468,0.06388857561745787,944.71,919.7074999999999,0.009625948453468496,0.013872984184350875,0.014045688238723698,-0.008158204336085273,946.0,1
2017-11-29,RELIANCE,EQ,943.35,941.85,950.0,941.0,943.45,946.0,946.8,3674864,347937205265000.0,86735.0,2029868.0,0.5524,0.0028091376477448193,0.01638463604619922,0.0704990381351136,947.76,919.3799999999999,0.009328799240594727,0.013591150838526734,0.009513742071881607,-0.2083264306178535,921.55,0
2017-11-30,RELIANCE,EQ,946.0,941.45,941.45,919.5,922.5,921.55,925.7,9434893,873389442215000.0,144271.0,5722173.0,0.6065,-0.02584566596194504,-0.026874340021119325,0.019582895391934363,942.6700000000001,918.1274999999999,0.012461901186653903,0.014706550803713038,0.023818566545494056,1.5674128348695353,910.1,0
2017-12-01,RELIANCE,EQ,921.55,924.45,931.25,907.7,909.5,910.1,918.22,5081389,466584680605000.0,101581.0,1664223.0,0.3275,-0.012424719223047997,-0.04310798023341389,-0.001973900647000759,934.4699999999999,916.3675000000001,0.011409674595958033,0.014918041908686588,0.02587627733216125,-0.4614259006434943,901.6,0
2017-12-04,RELIANCE,EQ,910.1,913.5,913.8,897.35,902.6,901.6,902.87,4618847,417022964635000.0,98705.0,1947974.0,0.4217,-0.009339633007361847,-0.052294108372313075,-0.020904599011782543,924.5200000000001,914.8225,0.010270645549063148,0.014772740624392123,0.018245341614906756,-0.09102668581366236,913.7,1
2017-12-05,RELIANCE,EQ,901.6,901.05,920.75,895.45,914.3,913.7,911.85,8369174,763145601110000.0,130046.0,3775734.0,0.4511,0.013420585625554704,-0.03143054009646473,-0.020213393383732625,918.5899999999999,915.1725,0.015005495930788459,0.01377725584613588,0.027689613658750084,0.8119617298429673,926.65,1
2017-12-06,RELIANCE,EQ,913.7,910.0,930.3,908.8,929.0,926.65,923.12,11007689,1016140438045000.0,116174.0,5913583.0,0.5372,0.01417314216920218,-0.020454545454545503,-0.004405049691109331,914.72,917.1150000000001,0.01739583673415324,0.013135401782153945,0.02320185614849188,0.3152658792851002,931.55,1
2017-12-07,RELIANCE,EQ,926.65,930.05,936.0,923.0,932.45,931.55,928.69,5529565,513525366925000.0,108371.0,2924032.0,0.5288,0.0052878648896561575,0.010851283164234227,-0.016314677930306276,916.7199999999999,918.6675000000001,0.012508350990376876,0.012850642120363494,0.013955235897160648,-0.4976634060064742,921.0,0
2017-12-08,RELIANCE,EQ,931.55,933.85,936.95,919.05,921.3,921.0,925.59,5588486,517265163220000.0,118138.0,2963675.0,0.5303,-0.011325210670388053,0.011976705856499237,-0.03164756597623808,918.9,920.525,0.012192117768818978,0.012345957831680231,0.019435396308360577,0.010655630234928104,916.15,0
2017-12-11,RELIANCE,EQ,921.0,922.45,926.0,913.55,916.5,916.15,917.67,4933853,452763839260000.06,91965.0,2652465.0,0.5376,-0.005266015200868668,0.016137976929902376,-0.03700005255689287,921.8100000000001,922.5699999999999,0.01131224662937813,0.01215912752828385,0.013589477705615943,-0.117139597379326,915.6,0
2017-12-12,RELIANCE,EQ,916.15,915.95,929.0,908.0,917.75,915.6,920.76,7215014,664326913555000.0,107416.0,3034717.0,0.4206,-0.0006003383725371458,0.002079457152238229,-0.029416441405628824,922.1899999999999,924.015,0.009800014271513434,0.011906186505148918,0.02293577981651376,0.4623487971773783,914.65,0
2017-12-13,RELIANCE,EQ,915.6,916.9,924.95,910.7,914.75,914.65,919.03,4182097,384349064420000.0,66952.0,1368151.0,0.3271,-0.0010375709916994325,-0.012949873199158302,-0.0331395348837209,919.79,925.5625,0.006162274174507853,0.011865245650103301,0.01557972995134751,-0.42036190089166836,921.5,1
2017-12-14,RELIANCE,EQ,914.65,919.0,924.9,908.75,924.0,921.5,915.89,5021130,459878986810000.06,97478.0,2236820.0,0.4455,0.007489203520472332,-0.010788470828189567,-5.4256415821130055e-05,917.78,926.4449999999999,0.006900130710196167,0.010892160385777417,0.017525773195876265,0.20062494963651,919.75,0
2017-12-15,RELIANCE,EQ,921.5,931.0,932.95,917.7,921.0,919.75,922.67,11158706,1029585130540000.0,178864.0,7983980.0,0.7155,-0.0018990775908844792,-0.001357220412595006,0.010603230414240272,917.53,926.8375,0.004704182381573435,0.010747627964543188,0.016580592552324,1.2223495507983264,921.0,1
2017-12-18,RELIANCE,EQ,919.75,911.95,932.65,862.65,922.45,921.0,916.28,8494801,778359954635000.0,131395.0,2365873.0,0.2785,0.0013590649633052898,0.00529389292146476,0.021517302573203168,918.5,926.8449999999999,0.003786051375468129,0.010525265472175456,0.07600434310532031,-0.23872884544139794,925.95,1
2017-12-19,RELIANCE,EQ,921.0,923.6,927.0,920.0,926.85,925.95,924.26,4064982,375709720245000.0,78194.0,1941789.0,0.4777,0.005374592833876202,0.011304062909567536,0.013407026376272224,920.57,926.515,0.004062905510660719,0.010183841045196644,0.007559803445110427,-0.5214741345912635,918.15,0
2017-12-20,RELIANCE,EQ,925.95,925.9,927.4,917.0,918.75,918.15,920.58,4774414,439525360035000.06,122373.0,2796408.0,0.5857,-0.008423780981694495,0.003826600338927566,-0.009172826849403792,921.2700000000001,925.885,0.006291781395537004,0.010340667298508728,0.011327125197407806,0.1745227900148143,912.95,0
2017-12-21,RELIANCE,EQ,918.15,918.45,923.95,910.0,913.0,912.95,917.28,4147162,380410801515000.0,91666.0,2425548.0,0.5849000000000001,-0.00566356259870382,-0.009278350515463885,-0.019966722129783565,919.5600000000001,924.1825000000001,0.005482998785477211,0.009467492985502843,0.01528013582342959,-0.13137779840625463,920.4,1
2017-12-22,RELIANCE,EQ,912.95,914.65,922.4,909.3,919.8,920.4,917.93,4872675,447279583500000.0,107550.0,2501910.0,0.5135000000000001,0.008160359274878015,0.0007067137809186885,-0.0006514657980456473,919.6900000000002,922.6475,0.007075144028782383,0.009635012387048109,0.014232942199043919,0.1749420447043062,929.8,1
2017-12-26,RELIANCE,EQ,920.4,924.85,938.9,918.15,936.0,929.8,925.15,5301456,490464471145000.0,88411.0,3034867.0,0.5725,0.010212950890917005,0.009554831704668754,0.01489930688206087,921.45,921.5699999999999,0.00842841656545921,0.00998646335502649,0.022316627231662726,0.0879970447444165,923.75,0
2017-12-27,RELIANCE,EQ,929.8,933.0,937.5,919.0,923.25,923.75,930.28,4352384,404892700210000.0,107845.0,2086939.0,0.4795,-0.0065067756506774765,-0.0023759382256062223,0.008901266928789786,921.01,920.5899999999999,0.008878113362642102,0.009922008809953873,0.020027063599458727,-0.17902100856821224,924.2,1
2017-12-28,RELIANCE,EQ,923.75,925.25,934.4,919.1,922.6,924.2,924.83,7091515,655846759875000.0,92078.0,3829171.0,0.54,0.00048714479025724344,0.006589337254261363,0.010441152353359184,922.22,919.5,0.00769083346929847,0.009888592183456156,0.01655485825578874,0.6293403798929507,921.05,0
2017-12-29,RELIANCE,EQ,924.2,926.5,932.3,918.5,920.1,921.05,924.13,5069838,468518500670000.0,102691.0,2516140.0,0.4963,-0.0034083531703095193,0.008872336929733216,-0.0004883342376560407,923.8399999999999,919.475,0.007229874967993705,0.008034577091533626,0.014982899951142669,-0.2850839348150571,909.75,0
2018-01-01,RELIANCE,EQ,921.05,922.7,922.7,907.5,909.5,909.75,913.43,4321686,394756894355000.0,61538.0,2615951.0,0.6053000000000001,-0.01226860648173278,-0.011571056062581464,-0.010872519706441985,921.71,919.4574999999999,0.008405958985458522,0.008021933418498505,0.01670788678208304,-0.14756921227068798,911.15,1
2018-01-02,RELIANCE,EQ,909.75,913.0,919.55,906.4,911.5,911.15,912.92,4342815,396464916965000.0,63346.0,1835805.0,0.4227,0.001538884308875943,-0.02005807700580764,-0.010694896851248692,917.9799999999999,919.9350000000001,0.005608309834302752,0.007717558161516405,0.014432310816001732,0.004889064129138587,914.8,1
2018-01-03,RELIANCE,EQ,911.15,925.0,926.0,913.05,915.5,914.8,920.1,6175312,568189848250000.0,101162.0,2679871.0,0.434,0.004005926576304608,-0.009688768606224696,-0.01204168691614027,916.1899999999999,919.99,0.006367559946575352,0.007158401115620316,0.014156099693922218,0.4219606407364809,920.3,1
2018-01-04,RELIANCE,EQ,914.8,918.15,921.8,915.7,920.5,920.3,919.08,4118581,378531018715000.0,92195.0,2666331.0,0.6474,0.006012243113248772,-0.004219865829907077,0.002341665305233276,915.4100000000001,919.6724999999999,0.007302457321372459,0.006516899416769468,0.0066282733891121475,-0.33305701800977827,923.25,1
2018-01-05,RELIANCE,EQ,920.3,921.8,926.9,920.25,923.0,923.25,923.12,3401905,314037942935000.0,59095.0,1641153.0,0.4824,0.0032054764750624187,0.0023885782530808086,0.01128210745385827,915.85,919.2574999999999,0.007316292315170398,0.006438693901979864,0.007202816138640647,-0.17401041766569603,928.55,1
2018-01-08,RELIANCE,EQ,923.25,926.1,931.0,923.5,926.6,928.55,927.42,4035417,374253828225000.0,71254.0,2338783.0,0.5796,0.005740590305984172,0.020665017862049995,0.008854845719252546,919.6099999999999,919.635,0.0018517926488547996,0.006036763882236318,0.00807710947175704,0.1862227193293169,940.95,1
2018-01-09,RELIANCE,EQ,928.55,928.15,943.9,924.0,940.0,940.95,938.57,6534997,613353176775000.0,130260.0,2793438.0,0.4275,0.013354154326638445,0.03270592108873416,0.011991826199182709,925.57,920.875,0.004026839098968769,0.0065285795990591335,0.021148838939369762,0.6194105838380519,942.35,1
2018-01-10,RELIANCE,EQ,940.95,943.0,947.4,935.5,941.5,942.35,942.13,5361502,505124131215000.0,88179.0,3071989.0,0.573,0.001487858015835064,0.030115872321819115,0.020135317997293622,931.0799999999999,922.2125,0.004536293694141393,0.006512312884332264,0.012628004456942725,-0.1795708551970261,937.75,0
2018-01-11,RELIANCE,EQ,942.35,941.8,942.65,935.0,936.9,937.75,939.68,3588727,337226377865000.0,61745.0,2236859.0,0.6233,-0.004881413487557773,0.01896120830164083,0.014661328716727873,934.57,923.3675000000001,0.0066353675913766565,0.006645295273047684,0.008157824580111946,-0.330648948746079,949.0,1
2018-01-12,RELIANCE,EQ,937.75,943.0,952.8,938.25,946.6,949.0,946.82,6890028,652358966340000.0,120871.0,3367729.0,0.4888,0.011996800853105949,0.027890603845112327,0.03034580098800288,939.72,924.7425000000001,0.007546807843361571,0.006937386510409449,0.015331928345626928,0.9199086472724172,949.15,1
2018-01-15,RELIANCE,EQ,949.0,950.0,958.5,945.2,947.6,949.15,952.57,5084113,484298933735000.06,67051.0,3050153.0,0.5999,0.0001580611169651469,0.022185127349092726,0.043308601264083535,943.8399999999999,926.2125,0.00791367249475424,0.006899574912713147,0.014012537533582631,-0.2621056111818414,922.95,0
2018-01-16,RELIANCE,EQ,949.15,947.7,947.7,920.0,923.8,922.95,930.84,4948895,460662246085000.06,112950.0,2257272.0,0.4561,-0.02760364536690718,-0.019129603060736522,0.012950666739834249,940.24,926.3100000000001,0.01467092894018643,0.009501142235147305,0.03001246004658979,-0.026596183051006195,924.5,1
2018-01-17,RELIANCE,EQ,922.95,926.0,929.0,907.0,924.1,924.5,921.46,6036432,556235416170000.0,113531.0,2867770.0,0.4750999999999999,0.0016793975838342856,-0.018942006685414126,0.010603410581548012,936.6699999999998,926.2375,0.014688324977161897,0.009429836578394513,0.023796646836127637,0.21975350052890597,919.7,0
2018-01-18,RELIANCE,EQ,924.5,929.0,929.6,915.1,922.0,919.7,922.33,4289053,395592703240000.0,96415.0,1953284.0,0.4554,-0.0051919956733368355,-0.01924820047987197,-0.0006519613169617688,933.0600000000001,926.3149999999999,0.014695065917767834,0.00930540460056397,0.01576601065564858,-0.28947215838760376,931.3,1
2018-01-19,RELIANCE,EQ,919.7,923.0,934.4,922.1,934.2,931.3,928.48,4559564,423344494400000.0,104474.0,1700020.0,0.3728,0.012612808524518737,-0.018651211801896772,0.008719198483617685,929.5199999999999,927.2324999999998,0.014862165109511096,0.009599695277319738,0.013207344572103463,0.06307009962339016,971.5,1
2018-01-22,RELIANCE,EQ,931.3,948.0,974.3,940.0,970.2,971.5,959.81,20892838,2005313315380000.0,324891.0,7211234.0,0.3452,0.043165467625899234,0.02354738450192273,0.04625491357492861,933.99,929.7875,0.02594434329375648,0.013403740516635863,0.03530622748327324,3.582200842010333,983.25,1
2018-01-23,RELIANCE,EQ,971.5,975.0,990.95,975.0,982.05,983.25,984.66,10298500,1014050929175000.0,189970.0,4375134.0,0.4247999999999999,0.012094698919197011,0.06533398342272068,0.04495456719273072,946.05,932.46,0.018506403260066705,0.01346505355875804,0.01622171370455128,-0.5070798902475575,966.35,0
2018-01-24,RELIANCE,EQ,983.25,981.75,981.75,962.65,967.95,966.35,968.16,6532672,632464203805000.0,112501.0,3339394.0,0.5112,-0.017187897279430486,0.04526771227690651,0.025468244282909724,954.4200000000001,934.5900000000001,0.022787490011225906,0.014055967809706053,0.01976509546230664,-0.3656676214982765,965.9,0
2018-01-25,RELIANCE,EQ,966.35,967.9,972.0,956.15,963.95,965.9,963.99,6249419,602440478535000.0,124818.0,3361900.0,0.538,-0.0004656697883790306,0.05023377188213529,0.03001866169021583,963.6600000000001,936.675,0.022135182117019224,0.014064225867432688,0.01640956620768198,-0.043359440057605836,964.5,0
2018-01-29,RELIANCE,EQ,965.9,966.2,977.3,959.3,963.7,964.5,968.68,4524605,438289510805000.0,98469.0,2245340.0,0.4963,-0.0014494254063567302,0.03564909266616567,0.016332982086406655,970.3,938.8475000000001,0.02261532989588093,0.014029140326033638,0.01866251944012442,-0.27599589657854595,950.4,0
2018-01-30,RELIANCE,EQ,964.5,965.8,965.8,949.0,950.0,950.4,956.43,4198139,401523206800000.0,67935.0,2568921.0,0.6119,-0.014618973561430826,-0.02171899125064336,0.001316967813306702,966.0799999999999,940.8800000000001,0.011876340856926815,0.014167644558064544,0.01767676767676763,-0.07215348080108652,961.3,1
2018-01-31,RELIANCE,EQ,950.4,950.0,964.5,941.55,962.0,961.3,958.82,5738209,550190957855000.0,118233.0,3180140.0,0.5542,0.0114688552188551,-0.02232392575642006,0.04155154667100058,961.6899999999999,943.3875,0.011661371435910263,0.014313452472935438,0.02387392073234167,0.36684588099631776,943.85,0
2018-02-01,RELIANCE,EQ,961.3,963.25,972.6,936.6,945.0,943.85,955.08,7554587,721526053240000.0,126370.0,3415032.0,0.452,-0.01815250182045136,-0.023283489418947534,0.020930232558139528,957.1899999999999,944.8399999999999,0.011929664406804489,0.015052021173531495,0.03814165386449118,0.3165409276657578,904.35,0
2018-02-02,RELIANCE,EQ,943.85,935.0,943.95,901.0,901.9,904.35,917.5,13242095,1214957519330000.0,233056.0,8153043.0,0.6157,-0.04184987021242781,-0.06372295268661343,-0.016690225073393572,944.8799999999999,944.0425000000001,0.01995991806491144,0.017867064005791654,0.04749267429645607,0.7528549211227562,902.15,0
2018-02-05,RELIANCE,EQ,904.35,894.0,912.5,881.8,907.0,902.15,902.03,8773525,791396463325000.0,208567.0,4974348.0,0.5670000000000001,-0.002432686459888367,-0.06464489372731985,-0.03130033286803391,932.4100000000001,942.9875,0.019823022388543905,0.01784630441702045,0.034029817657817485,-0.337451891109375,892.1,0
2018-02-06,RELIANCE,EQ,902.15,877.0,898.0,871.0,893.4,892.1,884.19,11000567,972662741420000.0,223859.0,5774757.0,0.525,-0.011140054314692671,-0.06134259259259256,-0.08172928461142559,920.75,941.165,0.019818179320913645,0.01790961388966943,0.030265665284160966,0.253836627809233,894.4,1
2018-02-07,RELIANCE,EQ,892.1,902.55,905.4,890.0,892.45,894.4,897.52,7100838,637316772665000.0,167780.0,3968480.0,0.5589000000000001,0.002578186301984031,-0.06959325912826375,-0.09036359013475725,907.3700000000001,938.8375,0.017388775565345814,0.017587398232691842,0.017218246869409634,-0.354502545186989,904.55,1
2018-02-08,RELIANCE,EQ,894.4,897.9,910.65,892.35,906.2,904.55,903.17,6320734,570872620640000.0,184671.0,3350338.0,0.5301,0.011348389982110962,-0.04163797213540299,-0.06395198427070947,899.51,936.9475,0.02044797808417847,0.017838149501163813,0.020231054115305905,-0.10986083614356501,897.85,0
2018-02-09,RELIANCE,EQ,904.55,889.0,902.0,886.0,899.95,897.85,895.97,5294279,474353283970000.0,134990.0,2528662.0,0.4775999999999999,-0.007406997954784056,-0.0071874827223973314,-0.07045242778755556,898.2099999999998,934.9525,0.008808603350510674,0.017869326421154748,0.017820348610569695,-0.16239490540180934,915.5,1
2018-02-12,RELIANCE,EQ,897.85,903.0,918.2,902.05,914.0,915.5,910.17,5429792,494203225935000.06,117785.0,2864468.0,0.5275,0.019658072061034648,0.014797982597129167,-0.050803525142560924,900.8799999999999,933.2774999999999,0.012802454517007632,0.018263387011792663,0.0176406335335883,0.025596119887146163,933.65,1
2018-02-14,RELIANCE,EQ,915.5,923.0,942.5,921.0,929.0,933.65,930.9,10170959,946818169490000.0,207422.0,5714896.0,0.5619,0.01982523211359921,0.046575496020625495,-0.017624158249158195,909.1899999999999,932.5025000000002,0.011688917874171794,0.018884039182790396,0.02302790124779093,0.8731765415691799,935.65,1
2018-02-15,RELIANCE,EQ,933.65,937.65,945.75,928.15,936.1,935.65,938.06,6109454,573105855645000.0,110875.0,2385409.0,0.3904,0.0021421303486317544,0.046120304114490196,-0.026682617289087718,917.4399999999999,933.1375,0.01175213582136579,0.017789400008017438,0.01881045262651635,-0.3993237019242728,921.3,0
2018-02-16,RELIANCE,EQ,935.65,939.6,942.6,918.1,920.45,921.3,930.32,4401672,409497305460000.0,89938.0,1942920.0,0.4414,-0.015336931544915333,0.018517494886960417,-0.023891508184563315,920.79,932.9775,0.015833912888717844,0.018150096469645823,0.026592857918159123,-0.27953103501556764,927.0,1
2018-02-19,RELIANCE,EQ,921.3,921.0,932.0,913.55,928.3,927.0,922.39,4087936,377066544135000.0,76979.0,1510482.0,0.3695,0.006186909801367602,0.03246644762488171,0.025045612871122946,926.6200000000001,933.3425,0.014548515242168906,0.01815768218587378,0.01990291262135927,-0.07127655127415222,921.1,0
2018-02-20,RELIANCE,EQ,927.0,929.0,929.55,918.8,919.9,921.1,923.11,3866919,356959582790000.0,73125.0,1883636.0,0.4871,-0.006364617044228638,0.00611687602403066,0.02100537604611219,927.74,932.8325000000001,0.013259983922013016,0.017989318309172594,0.011670828357398763,-0.054065670304036084,929.35,1
2018-02-21,RELIANCE,EQ,921.1,930.0,932.5,922.15,929.0,929.35,927.21,5448230,505167702430000.0,115472.0,3286057.0,0.6031000000000001,0.008956682227771129,-0.00460558024955815,0.0417554085864813,926.8799999999999,930.725,0.009936280075527784,0.015008759816068811,0.011136816054231476,0.40893305497218835,924.35,0
2018-02-22,RELIANCE,EQ,929.35,922.0,931.0,920.0,921.0,924.35,924.97,5118850,473477915060000.06,95362.0,2583649.0,0.5047,-0.005380104374024808,-0.012077165606797391,0.033486135957066177,924.6200000000001,927.7800000000001,0.009933175374157553,0.014642655375079963,0.011900254232704062,-0.060456331689374365,934.25,1
2018-02-23,RELIANCE,EQ,924.35,925.4,938.0,922.75,934.0,934.25,931.77,4850839,451987765655000.0,107785.0,2720599.0,0.5609000000000001,0.01071022880943362,0.014056224899598346,0.0328340058592671,927.21,926.175,0.008106317697859501,0.014546552972213304,0.016323253947016322,-0.05235765845844287,938.7,1
2018-02-26,RELIANCE,EQ,934.25,939.0,944.9,936.6,938.75,938.7,941.3,3856478,363011375855000.0,76681.0,2134416.0,0.5535,0.004763179020604857,0.012621359223301098,0.04549757754636086,929.55,924.8149999999999,0.00798262472111764,0.014614580679562639,0.008842015553424901,-0.20498742588653218,950.5,1
2018-02-27,RELIANCE,EQ,938.7,939.0,955.8,938.35,951.5,950.5,949.05,6410097,608347704225000.0,97701.0,3270098.0,0.5101,0.012570576328965632,0.031918358484420706,0.03823047515019118,935.4300000000001,924.115,0.0071521317797442335,0.014940881644303225,0.01835875854813249,0.6621635077394452,954.55,1
2018-02-28,RELIANCE,EQ,950.5,945.95,957.1,943.2,951.0,954.55,953.33,25898694,2468997332505000.0,245932.0,19148342.0,0.7394,0.004260915307732649,0.027115726045085164,0.022385262143201468,940.4699999999999,924.3225,0.007027237525394354,0.014602701216277707,0.01456183541983131,3.0402967380992827,948.4,0
2018-03-01,RELIANCE,EQ,954.55,949.75,959.9,945.95,948.05,948.4,951.47,4094652,389594830425000.0,82999.0,2074420.0,0.5065999999999999,-0.006442826462731088,0.02601828311786658,0.013626890397050229,945.28,923.6775,0.007438284628372166,0.014431227516263651,0.014708983551244129,-0.8418973559052824,924.1,0
2018-03-05,RELIANCE,EQ,948.4,943.0,950.15,921.6,922.65,924.1,932.35,5634893,525368153040000.0,105746.0,2770783.0,0.4917,-0.025622100379586676,-0.010864329676210871,0.003039183762075348,943.25,922.6900000000002,0.014789687713562752,0.01499568464160149,0.030894924791689163,0.3761591949694383,910.85,0
2018-03-06,RELIANCE,EQ,924.1,929.0,936.2,905.1,908.65,910.85,926.46,7323680,678512109875000.0,119522.0,4340221.0,0.5926,-0.014338275078454754,-0.029668690742516324,-0.01742179072276162,937.68,923.015,0.015040493273101644,0.012011126074357868,0.03414393149256192,0.2997016979736793,889.75,0
2018-03-07,RELIANCE,EQ,910.85,909.25,909.25,888.05,892.4,889.75,898.07,7247708,650894348275000.0,162870.0,4114512.0,0.5677000000000001,-0.02316517538562879,-0.06391372961599162,-0.034035392465530334,925.53,922.3950000000001,0.012301991752161352,0.01311485394811788,0.023826917673503846,-0.010373473445044024,911.45,1
2018-03-08,RELIANCE,EQ,889.75,897.65,914.5,893.3,911.0,911.45,903.98,6072983,548988218990000.0,110989.0,2821293.0,0.4646,0.02438887327901096,-0.045152165942066835,-0.019260773659008912,916.9100000000001,923.3625,0.02016676192742829,0.013990452992976677,0.02325964123100559,-0.16208227483778315,913.1,1
2018-03-09,RELIANCE,EQ,911.45,914.9,919.35,911.05,915.0,913.1,914.72,4863577,444882126535000.06,110348.0,2706076.0,0.5564,0.0018103022656206225,-0.037220582032897465,-0.012170714556174578,909.85,924.2975,0.020761059741144207,0.013987428651099379,0.009089913481546455,-0.19914529647127288,930.3,1
2018-03-12,RELIANCE,EQ,913.1,920.0,933.1,917.55,931.95,930.3,924.01,3801407,351252094425000.0,70971.0,1844960.0,0.4853,0.018836929142481473,0.006709230602748528,-0.004227990366604262,911.0899999999999,925.5849999999998,0.020516990158007085,0.014370396456084164,0.016715038159733492,-0.21839275907423694,931.85,1
2018-03-13,RELIANCE,EQ,930.3,931.9,936.0,921.35,934.0,931.85,929.52,5096825,473758048365000.0,72560.0,2290961.0,0.4495,0.0016661292056325827,0.023055387824559403,-0.007297326089272471,915.29,927.2850000000001,0.018584448782347045,0.014216718117270951,0.015721414390728095,0.34077329788680877,929.05,0
2018-03-14,RELIANCE,EQ,931.85,928.8,932.05,919.2,931.55,929.05,923.15,6731530,621419530900000.0,79487.0,3237828.0,0.481,-0.0030047754466920873,0.04416971059286312,-0.022567069963177366,923.15,927.9625,0.012070991267470538,0.013622284380127577,0.013831333082180625,0.32073006234273294,911.8,0
2018-03-15,RELIANCE,EQ,929.05,925.0,929.45,910.0,911.0,911.8,918.37,5811424,533704711940000.0,70975.0,2849596.0,0.4903,-0.018567353748452753,0.0003840035108890749,-0.04478550102142376,923.22,926.8699999999999,0.013365519969717382,0.013508243223314023,0.021331432331651728,-0.13668601343231035,900.05,0
2018-03-16,RELIANCE,EQ,911.8,909.0,909.7,886.05,904.0,900.05,898.82,14087564,1266212992765000.0,221824.0,9248266.0,0.6565000000000001,-0.012886597938144284,-0.014291972401708541,-0.05098059890341633,920.6099999999999,925.0899999999999,0.014478375728349218,0.01373471525616964,0.026276317982334416,1.42411567285402,895.5,0
2018-03-19,RELIANCE,EQ,900.05,901.0,906.9,892.0,895.0,895.5,898.02,5774392,518551999150000.0,111279.0,2595730.0,0.4495,-0.005055274706960655,-0.03740728797162196,-0.030949031490098533,913.65,923.8,0.008088250790869944,0.013391382441574173,0.01663874930206586,-0.5901071327874713,889.8,0
2018-03-20,RELIANCE,EQ,895.5,893.3,904.0,887.05,892.0,889.8,894.96,6945721,621614168445000.0,111138.0,3726794.0,0.5366,-0.006365159128978282,-0.045125288404786246,-0.023110281605094207,905.24,921.9400000000002,0.006421278649470035,0.013314275394549902,0.01904922454484159,0.20284888867953543,896.9,1
2018-03-21,RELIANCE,EQ,889.8,894.85,902.35,893.3,896.0,896.9,897.27,6727261,603618665155000.0,126549.0,3864583.0,0.5745,0.00797932119577438,-0.03460524191378289,0.00803596515875249,898.8100000000001,920.7299999999999,0.009962662151894354,0.013450242577977053,0.010090311071468468,-0.03145245828330856,908.15,1
2018-03-22,RELIANCE,EQ,896.9,896.0,911.95,895.75,908.9,908.15,907.73,10116965,918344607410000.0,135445.0,6244257.0,0.6172,0.012543204370609962,-0.004003070848870305,-0.003620604531241467,898.0799999999999,919.6700000000001,0.01060981273044448,0.013616288674641234,0.017838462809007374,0.503875797296998,893.9,0
2018-03-23,RELIANCE,EQ,908.15,890.6,900.0,889.1,892.5,893.9,894.9,10729694,960199876050000.0,115124.0,7669459.0,0.7148000000000001,-0.015691240433849063,-0.006832953724793089,-0.021027269740444665,896.85,918.1474999999998,0.011452120392682646,0.013978660266898101,0.012193757691016867,0.060564507241055,901.1,1
2018-03-26,RELIANCE,EQ,893.9,893.95,904.3,892.5,901.5,901.1,898.73,6047262,543487931305000.0,121961.0,3636901.0,0.6014,0.008054592236268032,0.006253489670575041,-0.03138772438998161,897.97,916.49,0.011875440229083949,0.013867942046501111,0.013095105981578021,-0.4363993977833851,899.8,0
2018-03-27,RELIANCE,EQ,901.1,907.2,910.75,897.0,898.3,899.8,903.51,6939577,626998677515000.0,107921.0,4642015.0,0.6689,-0.0014426811674620454,0.011238480557428598,-0.03439394752374314,899.9699999999999,914.5450000000001,0.011269261357383584,0.013784583506105749,0.01528117359413203,0.14755686127043943,882.7,0
2018-03-28,RELIANCE,EQ,899.8,895.8,895.85,880.0,881.6,882.7,886.65,8759586,776671637505000.0,164624.0,5760321.0,0.6576000000000001,-0.01900422316070227,-0.015832311294458612,-0.0498896722458424,897.1299999999999,911.1550000000001,0.013994327431716972,0.013833193596706676,0.017956270533590148,0.26226512077032926,892.95,1
2018-04-02,RELIANCE,EQ,882.7,893.0,900.95,886.5,892.95,892.95,894.38,5712065,510876264120000.0,138967.0,3627851.0,0.6351,0.011612099240965179,-0.016737323129438875,-0.020673393288001662,894.0899999999999,908.075,0.013737834649769087,0.014147220335752596,0.01618231703902799,-0.3479069672927465,899.55,1
2018-04-03,RELIANCE,EQ,892.95,891.0,901.7,885.25,901.0,899.55,891.67,6364728,567526823150000.0,106660.0,4357033.0,0.6846,0.007391231311943525,0.006320617518738025,-0.0005555246930726288,895.22,905.6325,0.012337425978051013,0.014319259436797866,0.01828692123839703,0.11426042945939874,894.9,0
2018-04-04,RELIANCE,EQ,899.55,904.7,911.8,892.05,893.25,894.9,901.57,6498407,585876507035000.0,90218.0,3792126.0,0.5835,-0.005169251292312826,-0.006880479414049567,-0.0006700167504187782,893.9799999999999,904.1724999999999,0.011944541052606374,0.013276650163718854,0.02206950497262264,0.021003097068720056,908.2,1
2018-04-05,RELIANCE,EQ,894.9,905.1,910.0,903.5,908.0,908.2,907.4,3898676,353765996975000.0,76386.0,2302327.0,0.5905,0.014861995753715496,0.009335407868415357,0.0206788042256687,895.6600000000001,904.04,0.01395927402541494,0.0133978976351107,0.007157013873596124,-0.40005666003991436,911.0,1
2018-04-06,RELIANCE,EQ,908.2,908.0,918.5,905.0,911.95,911.0,912.81,4418462,403322115645000.0,76788.0,2226588.0,0.5039,0.0030830213609336354,0.03206072278237215,0.015720816144497718,901.32,905.1025,0.007819751486168524,0.012252108601285542,0.014818880351262349,0.13332372323322073,916.0,1
2018-04-09,RELIANCE,EQ,911.0,912.55,919.0,912.55,915.0,916.0,916.01,3572251,327222285960000.0,73839.0,2250338.0,0.6299,0.005488474204171201,0.025813315415196714,0.008643946484611531,905.9300000000001,905.3299999999999,0.0072494500635457305,0.011042842053464343,0.007041484716157255,-0.19151709350448187,917.05,1
2018-04-10,RELIANCE,EQ,916.0,918.4,923.9,914.15,915.5,917.05,919.12,3865402,355277295530000.0,80941.0,2362123.0,0.6111,0.0011462882096069382,0.019454171530209452,0.025897751426334104,909.43,905.5274999999999,0.007300491454121748,0.01103908210895057,0.010631917561746907,0.08206338244429068,930.85,1
2018-04-11,RELIANCE,EQ,917.05,921.8,932.75,916.05,931.75,930.85,927.88,6007539,557424615430000.0,109450.0,3174364.0,0.5284000000000001,0.01504825254893416,0.04017208626662194,0.03301520363999555,916.6200000000001,905.5550000000001,0.00659914736455341,0.01073200476605072,0.017940591932105114,0.5541822040760573,928.7,0
2018-04-12,RELIANCE,EQ,930.85,929.85,936.65,924.2,927.1,928.7,929.39,4947725,459836281955000.0,81750.0,2709544.0,0.5476,-0.0023097169253907257,0.02257212067826475,0.03211824849966671,920.72,905.3975,0.0065549558985917725,0.010737985162228866,0.013405836114999388,-0.1764140024725599,938.85,1
2018-04-13,RELIANCE,EQ,928.7,932.7,941.7,928.7,939.85,938.85,937.05,5767984,540490821045000.0,102901.0,3471103.0,0.6018,0.010929255949176264,0.030570801317233887,0.06361164608587289,926.29,905.8875,0.007053752596719927,0.010989665237895485,0.01384672737924056,0.16578508304321682,937.05,0
2018-04-16,RELIANCE,EQ,938.85,934.45,940.0,928.5,938.1,937.05,932.57,4084450,380904157400000.0,104874.0,2628073.0,0.6434000000000001,-0.001917239175587282,0.022980349344978057,0.0493868637661683,930.5,907.15,0.007927326999315767,0.010053433151093681,0.012272557494263914,-0.2918756362708357,944.25,1
2018-04-17,RELIANCE,EQ,937.05,940.0,947.2,936.0,945.0,944.25,942.33,4388713,413560726610000.0,107244.0,2792594.0,0.6363000000000001,0.007683688170321723,0.029660323864565852,0.04969151242287806,935.9399999999999,909.36,0.00775682439940977,0.009553093358805448,0.011861265554673069,0.07449301619557103,938.0,0
2018-04-18,RELIANCE,EQ,944.25,945.25,948.2,935.05,937.7,938.0,941.25,3365196,316748400090000.0,90717.0,2111686.0,0.6275000000000001,-0.006619009796134501,0.007681151635601902,0.04816180578835616,937.3700000000001,911.485,0.007403451870125918,0.009623832627517245,0.014019189765458519,-0.2332157514059361,942.3,1
2018-04-19,RELIANCE,EQ,938.0,939.1,945.0,935.0,942.0,942.3,941.25,4481413,421813428575000.0,49239.0,2947293.0,0.6577,0.004584221748400896,0.01464412619791089,0.037546795859942694,940.0899999999999,914.1099999999999,0.007141452730891661,0.009410119343043642,0.010612331529236975,0.33169449862652867,927.9,0
2018-04-20,RELIANCE,EQ,942.3,938.0,941.85,921.2,930.0,927.9,928.21,3349519,310907170425000.0,72993.0,1740154.0,0.5195000000000001,-0.015281757402101248,-0.011663204984821873,0.018551042810098783,937.9,915.6600000000001,0.009143199841237279,0.010158652845588157,0.02225455329238062,-0.25257524803002984,936.0,1
2018-04-23,RELIANCE,EQ,927.9,930.0,944.35,928.5,935.0,936.0,936.28,3508515,328495414855000.0,74884.0,1921427.0,0.5476,0.008729388942773975,-0.0011205378581718994,0.02183406113537112,937.6899999999999,917.0525,0.010409569314125722,0.009979595818113274,0.016933760683760707,0.04746830813618308,970.05,1
2018-04-24,RELIANCE,EQ,936.0,935.8,975.7,935.0,971.6,970.05,959.86,9107264,874171816910000.0,161209.0,3460005.0,0.3799,0.03637820512820511,0.027323272438443125,0.05779401341257295,942.85,920.86,0.019643485255854673,0.0118577374301441,0.04195660017524875,1.5957603145490329,970.5,1
2018-04-25,RELIANCE,EQ,970.05,973.65,981.8,963.55,972.0,970.5,971.0,6436620,624996089110000.0,125144.0,2040807.0,0.3171,0.00046389361373133653,0.03464818763326227,0.04259547725197388,949.35,924.3299999999999,0.01878230503180972,0.011848075065606763,0.01880473982483256,-0.29324328360306673,975.35,1
2018-04-26,RELIANCE,EQ,970.5,973.0,988.0,962.25,973.15,975.35,977.14,15588001,1523169734595000.0,191487.0,8531489.0,0.5473,0.004997424008243101,0.035073755704128295,0.05023150640680529,955.96,928.1075000000001,0.018770062209369387,0.011785934066018243,0.026400779207463986,1.421768101891987,996.3,1
2018-04-27,RELIANCE,EQ,975.35,989.8,1011.0,985.5,996.5,996.3,999.97,11666267,1166587266110000.0,173541.0,4260032.0,0.3652,0.021479468908596866,0.07371483996120265,0.061191883687489845,969.64,933.7875,0.014559698132183281,0.011062409832979674,0.02559470039144836,-0.251586717244886,963.3,0
2018-04-30,RELIANCE,EQ,996.3,982.0,992.6,960.0,963.5,963.3,969.39,8871802,860027017129999.9,170165.0,3221915.0,0.3632,-0.03312255344775672,0.029166666666666563,0.02801344645429804,975.1,937.305,0.02609918297438285,0.014022015838231674,0.03384200145333751,-0.23953377717139512,972.7,1
2018-05-02,RELIANCE,EQ,963.3,967.0,979.2,965.05,974.8,972.7,973.34,6117761,595465510505000.0,148402.0,3572199.0,0.5839,0.009758123118447148,0.0027318179475286364,0.030129732592004244,975.6299999999999,940.9625,0.020471464759250796,0.014063029277731558,0.014547136835612305,-0.31042633728750935,961.6,0
2018-05-03,RELIANCE,EQ,972.7,977.9,977.9,959.25,962.0,961.6,964.27,3947546,380651271890000.0,84753.0,1962554.0,0.4972,-0.011411534902847742,-0.009170530654301845,0.02515991471215351,973.85,944.2975,0.021184396106496205,0.014343954228398736,0.019394758735440908,-0.3547400756583986,953.95,0
2018-05-04,RELIANCE,EQ,961.6,962.85,964.7,950.0,953.6,953.95,954.68,3795692,362368616995000.0,119312.0,2179011.0,0.5740999999999999,-0.007955490848585711,-0.021940841749115703,0.012363366231561201,969.57,946.585,0.020957550369839574,0.014316701995953472,0.015409612663137527,-0.038467949455180506,971.0,1
2018-05-07,RELIANCE,EQ,953.95,958.85,973.25,956.35,971.9,971.0,963.82,3512532,338545072645000.0,87310.0,1558672.0,0.4437,0.01787305414329876,-0.02539395764328012,0.046448970794266575,964.51,949.585,0.019885267864726306,0.014721520914441195,0.01740473738414004,-0.07460036272700732,967.1,0
2018-05-08,RELIANCE,EQ,971.0,977.5,982.0,965.2,966.0,967.1,972.41,4934036,479791483360000.06,104703.0,2886310.0,0.585,-0.004016477857878398,0.0039447731755424265,0.03322649572649583,965.2700000000001,952.14,0.012456961334693421,0.014800266519203109,0.017371523110329804,0.4046949607861223,976.7,1
2018-05-09,RELIANCE,EQ,967.1,965.9,984.3,962.25,976.2,976.7,973.59,4494423,437573960745000.0,96826.0,2151911.0,0.4788,0.009926584634474267,0.00411226482985505,0.006855316736250838,966.07,955.1225000000001,0.01248727106710157,0.014877967697436595,0.022576021296201447,-0.08909805279085925,981.15,1
2018-05-10,RELIANCE,EQ,976.7,980.0,984.6,974.25,979.15,981.15,980.67,4014645,393702425970000.0,74806.0,2062636.0,0.5138,0.004556158492884155,0.020330698835274497,0.010973724884080438,969.9799999999999,957.6375,0.010429088679803229,0.014623262138113277,0.010548845742241271,-0.10674963171023288,989.25,1
2018-05-11,RELIANCE,EQ,981.15,981.25,991.3,977.75,986.0,989.25,986.84,4011516,395872405495000.0,76911.0,1936607.0,0.4828,0.008255618406971532,0.03700403585093559,0.014251294407135795,977.0400000000002,960.665,0.00798735190762561,0.014622217630413574,0.013697245387920096,-0.0007793964348030702,986.6,0
2018-05-14,RELIANCE,EQ,989.25,991.95,991.95,976.7,984.95,986.6,984.23,2579561,253889094370000.0,56447.0,1192913.0,0.4624,-0.0026787970684861717,0.016065911431514035,-0.009736023286158746,980.1600000000001,963.0525,0.006310364897016321,0.014563278353533821,0.015457125481451449,-0.35696105911082,978.95,0
2018-05-15,RELIANCE,EQ,986.6,983.05,1000.0,976.65,978.55,978.95,988.75,4800923,474690840980000.0,100265.0,2160312.0,0.45,-0.00775390229069528,0.012253127908179007,0.01624623689401017,982.53,965.1475,0.00749106114234099,0.014715909618837768,0.02385208641912255,0.861139550489405,956.15,0
2018-05-16,RELIANCE,EQ,978.95,974.0,974.0,952.45,954.4,956.15,962.49,8613363,829031302265000.0,116722.0,4335906.0,0.5034000000000001,-0.023290259972419514,-0.021040237534555195,-0.017014495733525314,978.4200000000001,965.7425000000001,0.012361163673029491,0.01571461589919849,0.02253830465931073,0.7941056334375702,945.35,0
2018-05-17,RELIANCE,EQ,956.15,959.35,960.0,941.5,944.0,945.35,949.68,4733477,449527347040000.0,119057.0,2896065.0,0.6118,-0.011295298854782199,-0.036487794934515594,-0.016898918469217983,971.26,966.11,0.011566933894088445,0.015864007176442256,0.019569471624266144,-0.4504496095195337,933.85,0
2018-05-18,RELIANCE,EQ,945.35,945.6,953.5,932.0,934.5,933.85,941.11,5230037,492204168475000.0,117002.0,2639728.0,0.5047,-0.012164806685354579,-0.05600202173363655,-0.021070286702657426,960.18,965.6875,0.007604618339148394,0.016078239804963777,0.023022969427638273,0.10490385819979697,931.35,0
2018-05-21,RELIANCE,EQ,933.85,930.75,935.7,922.1,934.8,931.35,927.05,6624893,614160338835000.0,83977.0,3776097.0,0.5700000000000001,-0.0026770894683300073,-0.056000405432799494,-0.04083419155509782,949.1300000000001,965.86,0.007605109998625661,0.01570389947169589,0.014602458796370883,0.26670098127412856,926.75,0
2018-05-22,RELIANCE,EQ,931.35,933.15,934.0,925.0,927.1,926.75,930.25,5170585,480992528920000.0,78323.0,2425892.0,0.4692,-0.00493906694583135,-0.05332243730527608,-0.041722676041774376,938.6899999999999,965.3975,0.008037722882274176,0.015615038771331044,0.009711356892365795,-0.219521734162348,912.25,0
2018-05-23,RELIANCE,EQ,926.75,926.0,926.0,909.15,913.8,912.25,917.49,4567562,419071034660000.0,111713.0,2429374.0,0.5319,-0.015646074993255987,-0.045913298122679524,-0.06598750895873862,929.9100000000001,962.5075,0.00536963213251472,0.01333620569892289,0.01847081392162239,-0.11662568162016484,915.85,1
2018-05-24,RELIANCE,EQ,912.25,914.0,921.0,910.15,917.95,915.85,916.46,5317983,487372384140000.0,96010.0,2683128.0,0.5045000000000001,0.003946286653877751,-0.03120537367112708,-0.0665545533302756,924.01,959.775,0.007773496813316042,0.013406114560402077,0.011846918163454739,0.16429355529273604,920.8,1
2018-05-25,RELIANCE,EQ,915.85,916.0,923.4,914.45,922.0,920.8,920.3,8129520,748157304065000.0,94418.0,4874804.0,0.5996,0.005404815198995383,-0.013974407024682889,-0.06919383371240839,921.4,957.0474999999999,0.00840300769969613,0.0134189017906616,0.00971980886185918,0.5286848416025398,920.4,0
2018-05-28,RELIANCE,EQ,920.8,924.9,927.0,918.1,919.95,920.4,922.21,5197835,479349512070000.0,98317.0,2438491.0,0.4690999999999999,-0.0004344048653344146,-0.011757126751489877,-0.06709912831948106,919.21,953.2524999999999,0.008469613874749418,0.012169654317611613,0.00966970882225117,-0.36062215235339845,917.45,0
2018-05-29,RELIANCE,EQ,920.4,921.5,928.0,914.4,916.9,917.45,920.32,8173396,752215149725000.0,113106.0,5810543.0,0.7109000000000001,-0.0032051282051280827,-0.010035068788777912,-0.0628224117677103,917.35,950.96,0.008371193762721277,0.010038557130755774,0.014823696114229682,0.5724616114209089,916.1,0
2018-05-30,RELIANCE,EQ,917.45,914.85,923.2,906.6,915.8,916.1,915.8,5991222,548677304470000.0,135401.0,3269611.0,0.5457,-0.0014714698348684552,0.004220334338174814,-0.04188673325315062,918.1200000000001,948.1299999999999,0.003667979544180593,0.009629177999449812,0.018120292544482067,-0.26698498396504955,921.35,1
2018-05-31,RELIANCE,EQ,916.1,921.0,922.3,914.55,920.3,921.35,921.07,16951801,1561386559025000.0,166442.0,13107087.0,0.7732,0.005730815413164558,0.006005350221106154,-0.025387422647696667,919.2199999999999,946.1175000000001,0.00410553963283487,0.009599142906275174,0.008411569978835404,1.829439636855386,930.55,1
2018-06-01,RELIANCE,EQ,921.35,920.0,935.75,918.45,928.6,930.55,926.94,8765835,812538921550000.0,136941.0,4890383.0,0.5579,0.009985347587778692,0.010588618592528132,-0.0035337580981956718,921.1700000000001,944.9475,0.005538102235672504,0.009857154427307878,0.01859115576809409,-0.482896537070014,940.85,1
2018-06-04,RELIANCE,EQ,930.55,933.4,944.0,930.55,941.5,940.85,939.73,5600357,526282939475000.0,237083.0,2937842.0,0.5246000000000001,0.011068722798345032,0.02221860060843106,0.010200246953347314,925.26,943.4399999999999,0.0065143846388551,0.009263975653919832,0.014295583780623951,-0.36111539859009434,947.65,1
2018-06-05,RELIANCE,EQ,940.85,942.8,955.0,941.0,948.9,947.65,949.46,7971524,756865558840000.0,169905.0,4928650.0,0.6183,0.007227507041504877,0.03291732519483337,0.022551928783382857,931.3,942.4675000000001,0.004941805935827697,0.009444865837747346,0.014773386798923654,0.4233956870963762,954.4,1
2018-06-06,RELIANCE,EQ,947.65,947.0,956.0,942.65,954.0,954.4,952.01,4189483,398842335305000.0,108083.0,2708703.0,0.6465000000000001,0.007122882920909568,0.04180766291889526,0.046204439572485656,938.9599999999998,941.3525,0.0022145074439265454,0.009294183860710691,0.013987845766974039,-0.47444390809084935,971.35,1
2018-06-07,RELIANCE,EQ,954.4,954.9,976.0,954.45,970.85,971.35,969.3,6857300,664675236330000.0,202014.0,4501975.0,0.6565000000000001,0.017759849119865834,0.054268193411841414,0.06059944314025212,948.96,940.8625,0.004339342994200849,0.010147804981612822,0.022185617954393323,0.636789073974044,984.35,1
2018-06-08,RELIANCE,EQ,971.35,966.35,986.55,960.6,983.1,984.35,974.6,6532599,636667193245000.0,143699.0,3812961.0,0.5837,0.01338343542492404,0.057815270538928765,0.06901607298001755,959.72,940.6175,0.0044765100879456685,0.010439979618925992,0.026362574287600884,-0.04735114403628249,982.65,0
2018-06-11,RELIANCE,EQ,984.35,987.1,999.95,979.05,980.05,982.65,991.25,6866053,680600743950000.0,169285.0,4298747.0,0.6261,-0.0017270279880123862,0.044427910931604364,0.06763363754889173,968.0799999999999,940.4200000000001,0.007371900362824957,0.010430232924475414,0.02126901745280628,0.0510446148615582,997.15,1
2018-06-12,RELIANCE,EQ,982.65,983.4,1000.0,980.3,999.4,997.15,991.14,7445221,737926630305000.0,150601.0,4766496.0,0.6402,0.014756016893095136,0.0522344747533372,0.08687121914000762,977.9799999999999,941.3299999999999,0.007741900484353989,0.010775176229482462,0.01975630547059123,0.08435239285219609,1002.5,1
2018-06-13,RELIANCE,EQ,997.15,1000.0,1005.9,989.5,1002.5,1002.5,999.25,5926020,592155758575000.0,143644.0,2871545.0,0.4846,0.005365291079576728,0.05039815590947194,0.09431284794236428,987.6,943.6474999999998,0.007956813640221974,0.009163136602208787,0.016359102244389006,-0.20405049091222405,1007.95,1
2018-06-14,RELIANCE,EQ,1002.5,997.45,1011.8,987.4,1007.0,1007.95,1001.22,5484867,549157375730000.0,130819.0,2218107.0,0.4044,0.005436408977556262,0.03767951819632476,0.09399251098930916,994.9200000000001,946.7774999999999,0.006730558746369293,0.008592042008519542,0.02420754997767744,-0.07444338696123198,1014.2,1
2018-06-15,RELIANCE,EQ,1007.95,1006.0,1023.5,999.25,1012.45,1014.2,1015.48,11294702,1146952269440000.0,227359.0,6385232.0,0.5653,0.006200704400019852,0.03032457967186475,0.08989307398850155,1000.89,950.7950000000001,0.005855240574935038,0.007803538348973386,0.02391047130743443,1.059248109388979,1015.55,1
2018-06-18,RELIANCE,EQ,1014.2,1008.8,1020.45,1007.0,1014.1,1015.55,1014.97,5652374,573701677245000.0,114998.0,3492837.0,0.6179,0.0013310984026817518,0.03348089350226435,0.07939629058829767,1007.47,955.0049999999999,0.004932499873473562,0.007668896227010794,0.013244054945596028,-0.499555278218053,996.05,0
2018-06-19,RELIANCE,EQ,1015.55,1013.9,1014.8,993.65,995.6,996.05,1002.7,6346101,636326236155000.0,169205.0,3674239.0,0.579,-0.019201417950864053,-0.0011031439602868787,0.05107370864770755,1007.25,958.4699999999999,0.010806308862842293,0.0091077219578684,0.021233873801515965,0.12273197067285357,1019.25,1
2018-06-20,RELIANCE,EQ,996.05,996.0,1022.9,994.85,1019.2,1019.25,1015.65,7193824,730643884325000.0,176300.0,3287906.0,0.457,0.023292003413483364,0.016708229426434018,0.06794844928751043,1010.6,963.8199999999999,0.015188700259140358,0.008925396698684003,0.02752023546725529,0.13358170631069366,1031.95,1
2018-06-21,RELIANCE,EQ,1019.25,1023.45,1036.0,1021.3,1031.6,1031.95,1030.56,10509756,1083092585525000.0,218105.0,5465096.0,0.52,0.012460142261466745,0.023810704896076285,0.062387398980799924,1015.4,969.625,0.015737645330645596,0.009044678512954363,0.014244876205242545,0.46094149648365046,1012.5,0
2018-06-22,RELIANCE,EQ,1031.95,1028.4,1029.2,1008.45,1011.65,1012.5,1014.6,16169978,1640613308000000.0,159059.0,7986234.0,0.4939,-0.018847812394011343,-0.0016761979885624445,0.028597551683852362,1015.0600000000001,974.21,0.018863272837827048,0.010620599907785227,0.020493827160493826,0.5385683549646634,1004.45,0
2018-06-25,RELIANCE,EQ,1012.5,1011.4,1016.5,1002.3,1005.0,1004.45,1010.49,5197694,525220424565000.0,93795.0,2676512.0,0.5149,-0.007950617283950523,-0.010930037910491741,0.022184908156515526,1012.8399999999999,978.4125,0.01913057949777039,0.010944057221926104,0.014137089949723774,-0.6785589937104428,978.95,0
2018-06-26,RELIANCE,EQ,1004.45,1006.0,1006.0,975.25,978.3,978.95,986.72,8068585,796146528650000.0,176505.0,5009123.0,0.6208,-0.025387027726616607,-0.017167812860800047,-0.018252018252018165,1009.4200000000001,981.4875,0.02065620575842011,0.012736380725610523,0.031411205883855146,0.5523393643411867,965.85,0
2018-06-27,RELIANCE,EQ,978.95,978.5,985.4,962.7,963.7,965.85,973.82,8958555,872400524550000.0,179753.0,4764722.0,0.5319,-0.013381684457837495,-0.05239146431199404,-0.036558603491271824,998.74,983.975,0.014432666652508643,0.013240982071200717,0.023502614277579263,0.11030062892068426,944.95,0
2018-06-28,RELIANCE,EQ,965.85,962.0,968.5,940.3,948.0,944.95,952.67,8581234,817504391860000.0,156175.0,4508940.0,0.5254,-0.021638970854687578,-0.0843064101942923,-0.06250310035219997,981.3400000000001,985.155,0.006879077764518562,0.014287651162047702,0.029842848827980363,-0.042118511300092476,972.45,1
2018-06-29,RELIANCE,EQ,944.95,949.1,975.5,949.0,973.2,972.45,967.48,7966401,770733524040000.0,152587.0,4374071.0,0.5491,0.029102068892534083,-0.039555555555555566,-0.041165450601459264,973.3300000000002,987.25,0.021758608084887113,0.015484204165595566,0.02725075839374775,-0.07164855311019369,960.6,0
2018-07-02,RELIANCE,EQ,972.45,972.35,972.35,957.0,960.05,960.6,962.14,6660916,640870199475000.0,83823.0,4155523.0,0.6239,-0.012185716489279685,-0.04365573199263284,-0.05410861109743481,964.5600000000001,988.2375,0.021845701221624835,0.01566461332475327,0.015979596085779743,-0.16387387478988313,971.3,1
2018-07-03,RELIANCE,EQ,960.6,965.0,978.45,960.35,972.2,971.3,972.1,5067261,492588368790000.0,117456.0,1809418.0,0.3571,0.011138871538621586,-0.007814495122325016,-0.024848150193263363,963.0300000000001,989.4199999999998,0.020958933960724783,0.01576847756656521,0.01863481931432104,-0.2392546310447392,990.1,1
2018-07-04,RELIANCE,EQ,971.3,971.8,992.0,971.0,991.0,990.1,982.92,5000724,491532623995000.0,114594.0,1659398.0,0.3318,0.019355502934211843,0.025107418336180576,-0.0285994603875398,967.8799999999999,991.2050000000002,0.02138656372081416,0.01623447932303986,0.02120997879002121,-0.013130762358599668,964.5,0
2018-07-05,RELIANCE,EQ,990.1,997.0,1008.4,958.6,964.65,964.5,988.25,18719353,1849939824595000.0,309468.0,5001526.0,0.2672,-0.02585597414402585,0.020688925339965136,-0.06536169388051749,971.79,990.8625,0.022747208504789885,0.01691597005380705,0.05163297045101084,2.74332856602364,977.55,1
2018-07-06,RELIANCE,EQ,964.5,964.75,983.0,964.5,977.5,977.55,977.82,9161266,895807481250000.0,164393.0,4334629.0,0.4731,0.013530326594090258,0.005244485577664548,-0.034518518518518615,972.8100000000001,990.5225,0.019310900375544345,0.01692221693864922,0.01892486317835405,-0.5105992178255306,997.1,1
2018-07-09,RELIANCE,EQ,977.55,987.1,1000.0,983.5,996.0,997.1,991.93,5170189,512844201140000.0,126126.0,2125680.0,0.4111,0.019998977034422882,0.037997085155111465,-0.007317437403554172,980.11,991.2449999999999,0.019097875844044095,0.017506967766085527,0.016547989168588906,-0.43564688548504105,1025.7,1
2018-07-10,RELIANCE,EQ,997.1,1002.75,1028.5,1000.0,1027.5,1025.7,1018.86,10444513,1064150010670000.0,204258.0,5119543.0,0.4902,0.028683181225554133,0.056007412745804785,0.0477552479697636,990.99,992.6725,0.02137846407776646,0.01834504546563725,0.027785902310617137,1.0201414300328286,1038.8,1
2018-07-11,RELIANCE,EQ,1025.7,1025.0,1040.9,1017.85,1040.0,1038.8,1030.85,8665072,893236775004999.9,196687.0,4132538.0,0.4769,0.012771765623476483,0.049186950813049135,0.07552932649997413,1000.7299999999999,994.4875,0.02094448372699318,0.018499746943696004,0.022189064304967338,-0.17037089235275982,1082.35,1
2018-07-12,RELIANCE,EQ,1038.8,1044.35,1099.0,1042.6,1080.9,1082.35,1080.29,24109297,2604507053295000.0,383215.0,8426615.0,0.3495,0.041923373122833896,0.1221876620010367,0.14540451875760607,1024.3,998.2075000000001,0.012175409904228473,0.020548099302068676,0.052108837252275234,1.7823539146587586,1099.8,1
2018-07-13,RELIANCE,EQ,1082.35,1080.5,1109.0,1080.0,1101.0,1099.8,1098.67,17967282,1974014531965000.0,288822.0,6936199.0,0.386,0.016122326419365285,0.12505754181371787,0.1309578898658028,1048.75,1002.4875,0.01169688621147433,0.020728919227774114,0.026368430623749772,-0.25475711714032967,1076.2,0
2018-07-16,RELIANCE,EQ,1099.8,1099.8,1108.9,1073.05,1078.65,1076.2,1082.43,6595781,713949412890000.0,140095.0,2315158.0,0.351,-0.021458446990361812,0.07933005716578068,0.1203414532583802,1064.5700000000002,1005.5200000000001,0.023694353099953443,0.021510221954901876,0.0333116521092735,-0.6329004576206907,1092.35,1
2018-07-17,RELIANCE,EQ,1076.2,1078.3,1095.95,1069.6,1094.0,1092.35,1085.22,6469256,702056895055000.0,145535.0,2479774.0,0.3833,0.015006504367217843,0.06498001364921513,0.12462678883969924,1077.8999999999999,1010.335,0.022570404529143776,0.020995482067300442,0.02412230512198484,-0.019182716951942513,1092.55,1
2018-07-18,RELIANCE,EQ,1092.35,1098.4,1104.6,1077.3,1093.3,1092.55,1091.64,4682099,511116721110000.06,110961.0,1252943.0,0.2676,0.00018309149997719487,0.051742395071236125,0.10347439652560331,1088.65,1014.0,0.02327565176201443,0.020557524244056838,0.02498741476362634,-0.27625386906933347,1104.85,1
2018-07-19,RELIANCE,EQ,1092.55,1093.3,1115.0,1086.35,1114.35,1104.85,1098.53,5433617,596899893080000.0,193943.0,2239525.0,0.4122,0.011258065992403088,0.020788099967663065,0.1455158113011923,1093.15,1017.6450000000001,0.015678230663922463,0.020532239827092697,0.02593112187174738,0.16050878035684413,1128.65,1
2018-07-20,RELIANCE,EQ,1104.85,1113.4,1138.5,1111.9,1127.65,1128.65,1125.34,8018150,902316464875000.0,203126.0,2628164.0,0.3278,0.02154138570846742,0.026232042189489047,0.15457009871617844,1098.92,1023.4525,0.01685003292123172,0.02018965826098282,0.023567979444468975,0.47565608691227235,1120.3,0
2018-07-23,RELIANCE,EQ,1128.65,1129.8,1129.8,1113.1,1120.5,1120.3,1119.33,5842496,653966089285000.0,100779.0,3433559.0,0.5877,-0.007398219111327764,0.04097751347333212,0.12355831912546367,1107.74,1029.2450000000001,0.011632009918854184,0.020170459262841937,0.01490672141390703,-0.27134114477778537,1110.95,0
2018-07-24,RELIANCE,EQ,1120.3,1122.0,1126.75,1107.4,1111.0,1110.95,1115.46,4469144,498513283975000.0,150186.0,2148011.0,0.4806,-0.00834597875569032,0.017027509497871796,0.08311397094667061,1111.46,1035.8449999999998,0.012803961965614208,0.01912238192918456,0.01741752554120339,-0.2350625486093615,1115.15,1
2018-07-25,RELIANCE,EQ,1110.95,1110.0,1123.0,1104.2,1112.65,1115.15,1116.21,5949680,664109256455000.0,121293.0,3074960.0,0.5168,0.003780548179486143,0.020685552148643316,0.07349826723142106,1115.98,1043.31,0.012675081567484071,0.018559193779895507,0.016858718558041476,0.33127954704525076,1110.65,0
2018-07-26,RELIANCE,EQ,1115.15,1110.1,1121.5,1107.8,1112.1,1110.65,1113.9,6424867,715668584830000.0,131788.0,4020019.0,0.6257,-0.004035331569744005,0.005249581391139291,0.02614681018154963,1117.1399999999999,1051.595,0.012377935022103412,0.01749781675266102,0.012335119074415923,0.07986765674792595,1129.85,1
2018-07-27,RELIANCE,EQ,1110.65,1119.5,1137.4,1112.15,1128.0,1129.85,1127.43,6679468,753060221935000.0,140124.0,2217077.0,0.3319,0.017287174177283315,0.0010632171177953342,0.027323149663575075,1117.3799999999999,1059.465,0.010647534405446983,0.0169477801954974,0.022348099305217507,0.039627435089317764,1151.4,1
2018-07-30,RELIANCE,EQ,1129.85,1130.0,1157.3,1128.0,1152.0,1151.4,1143.36,13872467,1586121091215000.0,221335.0,6108940.0,0.4404,0.019073328317918525,0.027760421315719208,0.06987548782754138,1123.6,1069.005,0.012336423854918866,0.016454972007396967,0.02544728157026225,1.076882021143001,1186.0,1
2018-07-31,RELIANCE,EQ,1151.4,1151.0,1190.4,1147.15,1184.15,1186.0,1171.82,13875377,1625951032880000.0,207197.0,5751741.0,0.4145,0.03005037345839834,0.06755479544533949,0.08573259486428353,1138.6100000000001,1079.7400000000002,0.013424920092064982,0.017101235165836427,0.036467116357504215,0.00020976802467798095,1192.35,1
2018-08-01,RELIANCE,EQ,1186.0,1190.4,1202.9,1185.4,1188.7,1192.35,1193.58,9704295,1158281634995000.0,174970.0,3037359.0,0.313,0.005354131534569984,0.06922835492982982,0.09134593382453882,1154.05,1089.8525,0.01316389014038287,0.016991810129719002,0.014676898561663942,-0.30061035458712226,1168.35,0
2018-08-02,RELIANCE,EQ,1192.35,1191.5,1191.5,1165.95,1169.1,1168.35,1174.13,6248975,733711755465000.0,147732.0,2437701.0,0.3901,-0.020128318027424874,0.051951559897357225,0.057473865230574184,1165.59,1100.0449999999998,0.019145557974094004,0.016403089981709383,0.021868446955107593,-0.3560608988082081,1176.95,1
2018-08-03,RELIANCE,EQ,1168.35,1175.0,1183.5,1169.55,1175.4,1176.95,1175.98,6645397,781487353585000.0,155679.0,3103032.0,0.4669,0.007360807977061734,0.041686949595079126,0.042794488991272805,1175.01,1110.0149999999999,0.018754092819906226,0.016386455246741143,0.011852670036959978,0.06343792381950641,1192.6,1
2018-08-06,RELIANCE,EQ,1176.95,1176.7,1196.0,1175.35,1194.45,1192.6,1188.86,4016418,477494220495000.0,96976.0,1410496.0,0.3511999999999999,0.013297081439313407,0.03578252562098294,0.06453628492368102,1183.25,1119.7900000000002,0.018094081600667233,0.01622716209872278,0.017315109844038314,-0.3956090208004127,1184.2,0
2018-08-07,RELIANCE,EQ,1192.6,1194.9,1201.4,1177.0,1184.7,1184.2,1186.35,4059460,481595531535000.06,104725.0,1487015.0,0.3663,-0.007043434512828961,-0.0015177065767284503,0.06593456051127422,1182.8899999999999,1127.715,0.013361799600411013,0.015923423078564775,0.020604627596689823,0.010716514068007887,1217.7,1
2018-08-08,RELIANCE,EQ,1184.2,1185.0,1222.5,1185.0,1220.8,1217.7,1204.7,7912437,953211381155000.0,166500.0,2923306.0,0.3695,0.028289140347914188,0.021260535916467704,0.09196072277272105,1187.96,1136.66,0.018649369608754986,0.016567542139329105,0.030795762503079575,0.9491353529779822,1217.95,1
2018-08-09,RELIANCE,EQ,1217.7,1221.5,1231.7,1212.0,1218.5,1217.95,1221.41,6846928,836292349920000.0,135398.0,2921760.0,0.4267,0.00020530508335392383,0.04245303205375106,0.09661009318867331,1197.8799999999999,1143.44,0.013474879896822533,0.014594450993077117,0.01617471981608444,-0.13466255718686926,1204.2,0
2018-08-10,RELIANCE,EQ,1217.95,1211.0,1215.0,1202.3,1204.0,1204.2,1207.99,3581210,432605084615000.0,97265.0,1461098.0,0.408,-0.011289461800566558,0.02315306512596127,0.06580519537991791,1203.3300000000002,1148.66,0.016156503601987948,0.014880136680342401,0.010546420860322243,-0.4769610546510785,1187.7,0
2018-08-13,RELIANCE,EQ,1204.2,1197.55,1199.95,1182.7,1189.5,1187.7,1191.83,4668159,556367332305000.0,134889.0,2275557.0,0.4875,-0.013702042850024965,-0.004108670132483505,0.03152683689421565,1202.35,1154.2350000000001,0.01704859589801025,0.014251682764587383,0.014523869664056579,0.30351445461170945,1210.6,1
2018-08-14,RELIANCE,EQ,1187.7,1190.0,1217.2,1184.3,1211.9,1210.6,1203.27,5299536,637678674535000.0,107665.0,1807539.0,0.3411,0.019280963206196766,0.022293531498057684,0.02074198988195608,1207.6299999999999,1160.1475,0.018597377663219644,0.014439862437157907,0.027176606641334953,0.1352518198287591,1200.8,0
2018-08-16,RELIANCE,EQ,1210.6,1203.25,1216.0,1195.5,1200.0,1200.8,1204.69,5982490,720704881810000.0,134533.0,2599428.0,0.4345,-0.008095159425078435,-0.013878623634721254,0.007086845305489309,1204.25,1165.56,0.01337472496311535,0.014708915250998452,0.01707195203197868,0.12887052753297645,1203.75,1
2018-08-17,RELIANCE,EQ,1200.8,1209.0,1215.4,1200.05,1202.65,1203.75,1208.89,3830992,463124521360000.06,82052.0,1369817.0,0.3576,0.002456695536309228,-0.011658935095857803,0.030299139812556275,1201.4099999999999,1170.5049999999999,0.013534774128464206,0.014638188053711126,0.01275181723779866,-0.35963252759302566,1234.9,1
2018-08-20,RELIANCE,EQ,1203.75,1207.9,1236.8,1207.65,1235.15,1234.9,1227.54,7607036,933792480585000.0,187210.0,3757248.0,0.4939,0.025877466251298165,0.025494103969440296,0.04923743574493389,1207.55,1175.8175,0.01708360846237908,0.014934585907187992,0.023605150214592162,0.9856569786624456,1247.2,1
2018-08-21,RELIANCE,EQ,1234.9,1237.25,1251.5,1227.0,1246.7,1247.2,1244.28,7279641,905794173165000.0,145104.0,3175536.0,0.4362,0.009960320673738643,0.050096825797760314,0.045782324333389246,1219.45,1182.1625,0.013439810298305814,0.014702358597862147,0.019644002565747273,-0.04303844493440023,1269.45,1
2018-08-23,RELIANCE,EQ,1247.2,1246.3,1274.0,1238.4,1266.9,1269.45,1259.12,7968123,1003280369325000.0,170316.0,3223808.0,0.4046,0.01783996151379097,0.0486122583842723,0.07198952879581144,1231.2199999999998,1190.0875,0.013201589500733992,0.014571539304200319,0.02804364094686668,0.09457636715876516,1277.5,1
2018-08-24,RELIANCE,EQ,1269.45,1265.25,1279.95,1260.05,1277.0,1277.5,1271.78,6652005,845987341465000.0,127779.0,2081971.0,0.313,0.006341328921974032,0.06387408394403726,0.04910897593824415,1246.56,1198.205,0.009390405209052622,0.014554935888335953,0.015577299412915923,-0.1651729020749303,1291.5,1
2018-08-27,RELIANCE,EQ,1277.5,1279.4,1295.85,1278.75,1292.0,1291.5,1290.31,5572177,718981865350000.0,122788.0,2230945.0,0.4004,0.010958904109588996,0.07289719626168223,0.0603883574859394,1264.1100000000001,1207.2475,0.007743557570359814,0.014345655146864486,0.013240418118466829,-0.1623312069067897,1319.0,1
2018-08-28,RELIANCE,EQ,1291.5,1296.0,1323.0,1295.0,1322.5,1319.0,1311.31,8694751,1140155215750000.0,179953.0,2737776.0,0.3149,0.02129307007355785,0.06810268037897793,0.09533300116259746,1280.9299999999998,1216.705,0.006114643204472625,0.014513994041797353,0.02122820318423048,0.5603867213837608,1294.2,0
2018-08-29,RELIANCE,EQ,1319.0,1316.3,1329.0,1290.2,1293.9,1294.2,1309.99,11077203,1451100606360000.0,188973.0,5194828.0,0.469,-0.018802122820318345,0.03768441308531112,0.08966910836069708,1290.33,1223.8449999999998,0.015829311005915267,0.015417950093374932,0.029979910369340095,0.2740103770654272,1274.45,0
2018-08-30,RELIANCE,EQ,1294.2,1293.6,1297.15,1270.45,1277.0,1274.45,1278.51,9850042,1259340735740000.0,178483.0,4318202.0,0.4384,-0.015260392520475952,0.003938713616133072,0.05274244176441445,1291.3300000000002,1228.2675,0.017291606777664618,0.015017951070978626,0.020950213817725327,-0.11078256848773105,1241.65,0
2018-08-31,RELIANCE,EQ,1274.45,1270.0,1270.0,1236.6,1238.95,1241.65,1247.15,15305857,1908865788415000.0,283195.0,9238143.0,0.6036,-0.02573659225548275,-0.028062622309197538,0.03401898734177222,1284.16,1230.7325,0.02043584524762023,0.01638562802724414,0.026899689928723946,0.5538874859619889,1229.15,0
2018-09-03,RELIANCE,EQ,1241.65,1245.0,1257.9,1226.05,1228.1,1229.15,1241.4,12200022,1514510627595000.0,210884.0,5112877.0,0.4191,-0.010067249224821828,-0.04827719705768474,0.021100726895119548,1271.69,1233.7725,0.01824584258382321,0.015809823107640827,0.025912215758857857,-0.20291807247382487,1241.95,1
2018-09-04,RELIANCE,EQ,1229.15,1235.15,1254.8,1229.0,1245.3,1241.95,1241.44,8838770,1097278066050000.0,201777.0,2413230.0,0.273,0.010413700524752878,-0.05841546626231986,0.005708964288606344,1256.2800000000002,1237.0225,0.013708050379155828,0.01587223114042184,0.020773783163573374,-0.2755119621915436,1227.0,0
2018-09-05,RELIANCE,EQ,1241.95,1242.5,1252.65,1208.5,1226.0,1227.0,1230.06,10324923,1270028157260000.0,197839.0,4149062.0,0.4018,-0.012037521639357451,-0.05192396847473346,-0.016196279666452873,1242.8400000000001,1238.7424999999998,0.013178980643694327,0.01600172509257074,0.035982070089649626,0.16814025028369328,1261.4,1
2018-09-06,RELIANCE,EQ,1227.0,1230.15,1265.7,1225.35,1261.0,1261.4,1245.01,11195043,1393795244960000.0,212381.0,4006564.0,0.3579,0.028035859820700892,-0.01023971124798928,-0.006341328921974032,1240.23,1242.6025000000002,0.021127215965035025,0.016907777054422212,0.03198826700491528,0.08427375196890097,1278.6,1
2018-09-07,RELIANCE,EQ,1261.4,1264.9,1281.35,1254.5,1277.05,1278.6,1272.05,10692787,1360174482585000.0,195122.0,4693947.0,0.439,0.013635642936419723,0.02975878870857307,0.0008610567514677481,1247.6200000000001,1245.6475,0.01693274580049723,0.016064282503623913,0.02099953073674324,-0.044864142102893245,1255.85,0
2018-09-10,RELIANCE,EQ,1278.6,1275.0,1277.0,1250.1,1254.4,1255.85,1263.51,7059008,891915648829999.9,158438.0,2590230.0,0.3669,-0.01779289848271548,0.021722328438351646,-0.027603561749903305,1252.9599999999998,1247.5425,0.018992231581168955,0.016695188393146664,0.0214197555440539,-0.3398346006518226,1237.7,0
2018-09-11,RELIANCE,EQ,1255.85,1259.0,1268.4,1234.25,1236.5,1237.7,1248.31,10874768,1357510809675000.0,158160.0,2822017.0,0.2595,-0.014452362941433927,-0.003422037924232013,-0.061637604245640576,1252.1100000000001,1249.2175,0.020254236565672757,0.01683872638169873,0.027591500363577676,0.5405518735777037,1252.5,1
2018-09-12,RELIANCE,EQ,1237.7,1251.8,1258.7,1228.85,1251.1,1252.5,1243.62,8065553,1003049834295000.0,173096.0,2060692.0,0.2555,0.011957663407934138,0.020782396088019572,-0.032220676866017706,1257.21,1252.4575,0.01967822186432551,0.016594660434790954,0.023832335329341425,-0.25832413160446277,1253.15,1
2018-09-14,RELIANCE,EQ,1252.5,1259.4,1275.6,1247.65,1252.55,1253.15,1258.4,7878583,991440402135000.0,171172.0,3669268.0,0.4657,0.0005189620758483393,-0.006540351989852589,-0.01671309192200554,1255.56,1254.585,0.014552672473406544,0.01613738893279436,0.022303794438016052,-0.023181299533956312,1225.9,0
2018-09-17,RELIANCE,EQ,1253.15,1250.75,1250.75,1221.6,1224.0,1225.9,1232.59,6754086,832504189770000.0,160893.0,2267155.0,0.3357,-0.021745202090731386,-0.04121695604567477,-0.012684734023275523,1245.02,1255.8400000000001,0.014114594673360525,0.016853024240451788,0.023778448486826077,-0.14272833071632296,1217.15,0
2018-09-18,RELIANCE,EQ,1225.9,1226.0,1239.4,1214.35,1215.4,1217.15,1228.49,7616412,935666402830000.0,157438.0,2748827.0,0.3609,-0.007137613182151892,-0.03081578213958658,-0.009762844241955837,1237.28,1256.51,0.013090789806049278,0.01695073020559725,0.02058086513576813,0.12767471423964682,1210.75,0
2018-09-19,RELIANCE,EQ,1217.15,1224.0,1224.0,1201.0,1212.95,1210.75,1214.62,11265786,1368360984955000.0,184306.0,4748466.0,0.4215,-0.005258185104547564,-0.02177425870566374,-0.025121784290833005,1231.8899999999999,1255.3025,0.012255956249978408,0.01591378370881407,0.018996489779062563,0.47914608610983755,1217.5,1
2018-09-21,RELIANCE,EQ,1210.75,1219.0,1237.4,1183.5,1216.2,1217.5,1223.31,19070172,2332877572270000.0,269984.0,10515967.0,0.5514,0.0055750567829857545,-0.027944111776447067,-0.007742461287693514,1224.8899999999999,1253.8174999999999,0.010313483793161427,0.015786456112156642,0.04427104722792615,0.6927511316121218,1232.05,1
2018-09-24,RELIANCE,EQ,1217.5,1214.45,1239.9,1204.5,1234.55,1232.05,1225.23,10102589,1237801978330000.0,165515.0,4847608.0,0.4798,0.01195071868583164,-0.01683756932530034,-0.02326779768511189,1220.67,1251.9475,0.01294348911602926,0.015466537047668578,0.028732600137981488,-0.4702413276608097,1230.6,0
2018-09-25,RELIANCE,EQ,1232.05,1235.5,1245.0,1195.0,1229.75,1230.6,1226.67,9715020,1191712082595000.0,243108.0,3878485.0,0.3992,-0.0011769002881376611,0.003833917937841491,-0.03754106053496009,1221.61,1249.6025000000002,0.007917617992100936,0.015359980118917585,0.04063058670567203,-0.03836333438883832,1251.4,1
2018-09-26,RELIANCE,EQ,1230.6,1239.0,1253.95,1227.15,1253.5,1251.4,1239.18,6396828,792684639320000.0,136937.0,2528972.0,0.3953,0.016902324069559604,0.02813950622355499,-0.003543416809332234,1228.46,1247.5975,0.009109079685724497,0.015673231100398904,0.021416014064248003,-0.34155277086408464,1253.75,1
2018-09-27,RELIANCE,EQ,1251.4,1255.0,1263.0,1237.5,1252.05,1253.75,1252.61,10808749,1353918546660000.0,203082.0,5522509.0,0.5109,0.0018778967556336568,0.0355151765434647,0.012967601195766232,1237.06,1244.335,0.007377167604657984,0.014764780606909077,0.020338983050847456,0.689704491038371,1257.95,1
2018-09-28,RELIANCE,EQ,1253.75,1259.9,1271.7,1247.3,1254.35,1257.95,1259.94,11073023,1395136974080000.0,193793.0,6069287.0,0.5481,0.003349950149551306,0.033223819301848145,0.00435129740518958,1245.15,1242.5225,0.007551613887995773,0.014295380454476682,0.01939663738622369,0.02445000804440922,1231.7,0
2018-10-01,RELIANCE,EQ,1257.95,1257.7,1257.7,1204.0,1235.6,1231.7,1231.68,7332693,903156208060000.0,186000.0,2736679.0,0.3732,-0.020867284073293857,-0.00028407937989527454,-0.017116865498942646,1245.08,1240.385,0.013576306395020629,0.014634069156557463,0.04359827880165628,-0.3377876122897966,1205.1,0
2018-10-03,RELIANCE,EQ,1231.7,1229.5,1239.6,1200.05,1201.2,1205.1,1218.04,7376575,898495781050000.0,200180.0,3256864.0,0.4415,-0.021596167898027208,-0.020721599219892695,-0.016967126193001225,1239.98,1238.5575,0.016730113347194167,0.014300166511920289,0.03281885320720269,0.005984431640599253,1122.25,0
2018-10-04,RELIANCE,EQ,1205.1,1189.5,1190.4,1106.0,1108.5,1122.25,1140.4,23212443,2647155695685000.0,456572.0,8775930.0,0.3781,-0.06874948137084047,-0.10320441105961331,-0.07796902600336864,1214.15,1233.2125,0.02913979304170434,0.020742225752122697,0.07520605925595909,2.146777874555603,1048.85,0
2018-10-05,RELIANCE,EQ,1122.25,1099.5,1115.3,1038.15,1049.0,1048.85,1079.24,21943190,2368186386210000.0,439992.0,9233066.0,0.4208,-0.06540432167520616,-0.16342971086739788,-0.1337187693578361,1173.17,1223.5575000000001,0.03127684796219789,0.024494755204968695,0.07355675263383693,-0.05467985424886124,1109.4,1
2018-10-08,RELIANCE,EQ,1048.85,1050.0,1117.0,1025.55,1110.0,1109.4,1082.04,24679428,2670418103195000.0,480539.0,7274941.0,0.2948,0.0577298946465179,-0.11808895425096388,-0.088788501026694,1143.46,1217.6775,0.05101949220576646,0.028541245662020397,0.08243194519560126,0.1246964547998719,1090.05,0
2018-10-09,RELIANCE,EQ,1109.4,1121.65,1123.3,1081.2,1083.0,1090.05,1105.24,10991196,1214788588180000.0,247463.0,2649182.0,0.241,-0.01744186046511642,-0.11500365348705044,-0.11525506270037744,1115.13,1209.1100000000001,0.0510912869641642,0.027597591770975993,0.03862208155589185,-0.55464137985694,1102.1,1
2018-10-10,RELIANCE,EQ,1090.05,1093.9,1115.85,1084.3,1103.0,1102.1,1101.57,9502176,1046731492595000.0,215681.0,3098938.0,0.3261,0.011054538782624634,-0.0854700854700855,-0.1044206078335771,1094.53,1200.285,0.05336627815646571,0.027502346347437114,0.0286271663188458,-0.13547388291501672,1087.8,0
2018-10-11,RELIANCE,EQ,1102.1,1064.0,1114.75,1043.0,1090.0,1087.8,1086.1,13224172,1436271939905000.0,278072.0,4793025.0,0.3624,-0.012975229108066366,-0.030697259968812673,-0.1307335783922008,1087.6399999999999,1191.8825,0.044886089967717556,0.027424151882327448,0.06595881595881596,0.3916993328685976,1126.55,1
2018-10-12,RELIANCE,EQ,1087.8,1104.95,1129.0,1101.9,1125.5,1126.55,1121.38,9058536,1015806431285000.0,192795.0,3444135.0,0.3802,0.03562235705092842,0.07408113648281467,-0.10145563310069794,1103.18,1186.325,0.0320217730001466,0.02893255227090242,0.024055745417424803,-0.315001650008787,1139.75,1
2018-10-15,RELIANCE,EQ,1126.55,1129.9,1146.9,1118.15,1137.75,1139.75,1136.88,8871776,1008612897215000.0,200369.0,3286277.0,0.3704,0.011717189649815829,0.02735712998016937,-0.09396239914146032,1109.25,1180.6875,0.02147370653677306,0.028925493572961265,0.02522483000658039,-0.020617018025870792,1163.8,1
2018-10-16,RELIANCE,EQ,1139.75,1146.0,1167.4,1140.0,1166.0,1163.8,1154.23,7478601,863200146145000.1,153398.0,2436006.0,0.3257,0.021101118666374097,0.06765744690610531,-0.05512706016075353,1124.0,1176.22,0.017727662326998114,0.02946712922033601,0.02354356418628638,-0.15703451033930527,1151.3,0
2018-10-17,RELIANCE,EQ,1163.8,1179.0,1179.35,1140.0,1151.0,1151.3,1166.52,12785646,1491467010305000.0,203752.0,5683158.0,0.4445,-0.010740677092283879,0.044642047001179685,-0.044643598041656296,1133.84,1172.49,0.020827625659376084,0.029205644446263144,0.034178754451489546,0.709630718365641,1101.3,0
2018-10-19,RELIANCE,EQ,1151.3,1100.0,1111.0,1070.25,1100.3,1101.3,1092.05,25421229,2776132383100000.0,526528.0,11760364.0,0.4626,-0.043429167028576354,0.012410369553226719,-0.018667854756070468,1136.54,1166.6975,0.03087161110759415,0.03058899771143492,0.037001725233814585,0.9882631663664081,1062.65,0
2018-10-22,RELIANCE,EQ,1101.3,1110.0,1114.8,1057.35,1063.2,1062.65,1084.3,13165542,1427538033650000.0,324137.0,5575032.0,0.4235,-0.03509488785980197,-0.05672184989569917,0.013157267483434376,1123.7599999999998,1159.2925,0.028188720441202495,0.03134422418952821,0.054062955818002204,-0.48210442539973186,1054.7,0
2018-10-23,RELIANCE,EQ,1062.65,1052.75,1064.7,1043.65,1061.7,1054.7,1053.27,10573730,1113700929835000.0,232603.0,4935700.0,0.4668,-0.007481296758104827,-0.0746216275499012,-0.049305931133946324,1106.75,1151.1525,0.025445541717911423,0.031225545824933733,0.01995828197591728,-0.19686329662690683,1045.75,0
2018-10-24,RELIANCE,EQ,1054.7,1074.9,1075.95,1031.4,1049.0,1045.75,1050.33,13655337,1434254213670000.0,218013.0,6374934.0,0.4668,-0.008485825353180987,-0.1014349544595291,-0.04064033759919261,1083.14,1141.8375,0.01692879394013674,0.0309165510348626,0.042601004064068804,0.2914399176071263,1030.8,0
2018-10-25,RELIANCE,EQ,1045.75,1036.0,1040.65,1016.4,1037.8,1030.8,1029.24,14096237,1450842966750000.0,233601.0,5933721.0,0.4209,-0.014295959837437255,-0.10466429253886911,-0.06469467380455496,1059.0400000000002,1131.8474999999999,0.01645576627831648,0.030909940980070404,0.023525417151726926,0.03228774214799679,1044.9,1
2018-10-26,RELIANCE,EQ,1030.8,1032.9,1057.0,1022.0,1042.45,1044.9,1043.01,9182613,957751389730000.0,214886.0,2807996.0,0.3058,0.013678696158323733,-0.05121220375919355,-0.03943739658025358,1047.76,1121.5225,0.01744249063538836,0.030779403466979348,0.033496028328069666,-0.3485769996631016,1087.8,1
2018-10-29,RELIANCE,EQ,1044.9,1046.0,1093.85,1046.0,1089.0,1087.8,1069.59,7671807,820570090540000.0,169046.0,2524165.0,0.329,0.041056560436405265,0.02366724697689726,-0.03439705294926987,1052.79,1113.225,0.022832673506732244,0.03266508851120205,0.04398786541643676,-0.16452898537703808,1057.0,0
2018-10-30,RELIANCE,EQ,1087.8,1085.5,1085.5,1052.1,1056.9,1057.0,1065.23,8806701,938112811190000.0,187775.0,3419851.0,0.3883,-0.028314028314028294,0.002180714895230862,-0.0726036411493749,1053.25,1103.1775,0.027148511346041737,0.03292566445287274,0.03159886471144758,0.1479304680109914,1061.25,1
2018-10-31,RELIANCE,EQ,1057.0,1059.0,1065.85,1047.0,1058.2,1061.25,1059.51,16457691,1743702186780000.0,198506.0,7878322.0,0.4786999999999999,0.004020813623462738,0.014821898159215863,-0.08811651486509708,1056.35,1094.655,0.026659118043713778,0.03288985386165643,0.01776207302709061,0.8687691338674948,1056.25,0
2018-11-01,RELIANCE,EQ,1061.25,1067.9,1067.9,1050.0,1055.0,1056.25,1059.03,9396027,995064296610000.0,156986.0,4656665.0,0.4956,-0.004711425206124886,0.024689561505626845,-0.08255884652132373,1061.44,1087.2125,0.02539873828245592,0.03270901361644176,0.016946745562130265,-0.42907987517811585,1074.9,1
2018-11-02,RELIANCE,EQ,1056.25,1067.0,1081.0,1063.15,1074.0,1074.9,1072.3,16796200,1801059648300000.0,200419.0,8445647.0,0.5028,0.017656804733727993,0.028710881424059753,-0.02397166984472887,1067.44,1084.845,0.025792105894215597,0.029546068140445695,0.01660619592520226,0.7875853272877995,1090.3,1
2018-11-05,RELIANCE,EQ,1074.9,1073.45,1092.7,1065.0,1092.0,1090.3,1081.82,7582518,820291618525000.0,197240.0,2857717.0,0.3769,0.014326914131546964,0.002298216583930923,0.026019856020326415,1067.94,1086.9175,0.01840717868572347,0.025621818854211373,0.025405851600476977,-0.5485575308700777,1104.1,1
2018-11-06,RELIANCE,EQ,1090.3,1094.0,1112.0,1091.6,1101.75,1104.1,1104.23,8634266,953424397255000.0,156053.0,2916693.0,0.3378,0.012657066862331368,0.04456007568590348,0.04683796340191515,1077.36,1086.6525000000001,0.009072836817784374,0.02224476297451361,0.018476587265646313,0.13870695724032567,1110.7,1
2018-11-07,RELIANCE,EQ,1104.1,1115.0,1115.0,1106.7,1111.4,1110.7,1110.53,1283997,142591409415000.0,34192.0,440625.0,0.3432,0.005977719409473892,0.04659599528857483,0.062108534544585314,1087.25,1087.685,0.008855269938701924,0.021892121006313325,0.007472764923021477,-0.8512905439790713,1093.45,0
2018-11-09,RELIANCE,EQ,1110.7,1106.25,1113.8,1085.0,1093.0,1093.45,1101.88,10840462,1194491679525000.0,215120.0,5841307.0,0.5388000000000001,-0.015530746376159144,0.035218934911242616,0.060778036476523134,1094.69,1087.2525,0.013303492143618603,0.022066585996424606,0.026338652887649142,7.442747140374939,1080.0,0
2018-11-12,RELIANCE,EQ,1093.45,1097.7,1098.8,1074.55,1076.0,1080.0,1085.52,5801720,629787254245000.0,152590.0,2645013.0,0.4559,-0.012300516713155685,0.004744627407200497,0.03359173126614978,1095.71,1086.8625,0.01403956424210855,0.02204647291187602,0.022453703703703705,-0.46480878766975064,1099.45,1
2018-11-13,RELIANCE,EQ,1080.0,1074.0,1103.0,1070.05,1097.85,1099.45,1090.11,6811598,742536861430000.0,143881.0,2108908.0,0.3096,0.018009259259259336,0.008392185636980631,0.01070968928111804,1097.54,1085.5075000000002,0.014976996173308596,0.020863260468888183,0.029969530219655323,0.17406527719365972,1097.95,0
2018-11-14,RELIANCE,EQ,1099.45,1105.05,1112.65,1085.5,1099.0,1097.95,1098.36,7787530,855348724565000.0,159663.0,2994850.0,0.3846,-0.0013643185228978671,-0.005570147631554945,0.03874172185430469,1096.3100000000002,1083.4175,0.01368401255959078,0.02064722237283828,0.024727901999180374,0.14327504353603948,1096.85,0
2018-11-15,RELIANCE,EQ,1097.95,1096.95,1103.0,1086.5,1094.7,1096.85,1095.12,6831740,748156545905000.0,163244.0,2856112.0,0.4181,-0.0010018671159890413,-0.012469613757090214,0.033545347467608844,1093.54,1080.0700000000002,0.013133877223827016,0.01994419099007761,0.015043077904909516,-0.12273339556958363,1127.4,1
2018-11-16,RELIANCE,EQ,1096.85,1097.95,1129.95,1097.1,1125.0,1127.4,1121.66,11031889,1237398231645000.0,255693.0,5587243.0,0.5065,0.027852486666362974,0.031048516164433604,0.06736094674556226,1100.33,1078.875,0.01627602606609074,0.02097272652264157,0.02913783927621087,0.6147993044231777,1150.0,1
2018-11-19,RELIANCE,EQ,1127.4,1132.9,1151.7,1131.0,1149.65,1150.0,1142.86,7308981,835311994640000.0,197374.0,3592492.0,0.4915,0.020046123824729367,0.06481481481481488,0.06986696436877837,1114.33,1081.31,0.013203195557982335,0.018887506959649206,0.01800000000000004,-0.3374678624848383,1137.4,0
2018-11-20,RELIANCE,EQ,1150.0,1145.0,1155.9,1130.0,1137.0,1137.4,1143.18,5719901,653890442660000.0,138734.0,1793839.0,0.3136,-0.01095652173913031,0.03451725862931476,0.04319911950839228,1121.92,1085.0475000000001,0.016289720301845226,0.01705185848148329,0.022771232635836195,-0.21741471211924068,1112.9,0
2018-11-21,RELIANCE,EQ,1137.4,1137.5,1145.5,1107.05,1113.25,1112.9,1116.81,7507812,838477664560000.0,178600.0,3064398.0,0.4082,-0.021540355196061234,0.013616284894576225,0.007970292545965263,1124.9099999999999,1087.9575,0.020743510259292205,0.017803429895465156,0.03454937550543628,0.312577263137946,1102.85,0
2018-11-22,RELIANCE,EQ,1112.9,1114.5,1125.35,1100.1,1100.1,1102.85,1113.39,5792568,644939337935000.0,134718.0,1519067.0,0.2622,-0.009030460957857978,0.005470210147239918,-0.007067615017556594,1126.1100000000001,1090.8125,0.0214188641546213,0.017822070668774195,0.022895226005349777,-0.2284612347778554,1109.75,1
2018-11-26,RELIANCE,EQ,1102.85,1109.0,1117.5,1097.4,1109.75,1109.75,1107.7,6386556,707441478230000.0,131439.0,2438737.0,0.3818999999999999,0.006256517205422307,-0.015655490509136172,0.014906945905162505,1122.58,1094.7599999999998,0.016280466092288236,0.017370525195945587,0.01811218742960118,0.10254312077130567,1128.2,1
2018-11-27,RELIANCE,EQ,1109.75,1107.9,1130.0,1105.45,1128.6,1128.2,1121.98,6810228,764095512095000.0,143188.0,2501285.0,0.3672999999999999,0.016625366073439896,-0.018956521739130427,0.044629629629629575,1118.2199999999998,1098.925,0.015096338171619416,0.01747058066946529,0.02176032618330079,0.06633810147440977,1152.65,1
2018-11-28,RELIANCE,EQ,1128.2,1132.45,1157.75,1126.3,1151.45,1152.65,1144.01,8003964,915657987475000.0,173899.0,3299967.0,0.4123,0.021671689416770112,0.013407772111833971,0.04838783027877569,1121.27,1102.1675,0.017969707550329447,0.015759710331378577,0.027284952066976134,0.1752857613577694,1168.5,1
2018-11-29,RELIANCE,EQ,1152.65,1161.0,1179.9,1160.0,1167.8,1168.5,1170.72,12636169,1479341872595000.0,185139.0,6306144.0,0.4991,0.013750921788921122,0.04995956510018851,0.06425611366637818,1132.39,1107.7425,0.011940057851126592,0.014075113177894713,0.01703038083012417,0.5787388598949221,1167.55,0
2018-11-30,RELIANCE,EQ,1168.5,1172.3,1186.0,1162.3,1167.1,1167.55,1171.45,10717448,1255496338730000.0,248359.0,5180738.0,0.4834,-0.0008130081300813385,0.058666183071133915,0.0644573095683092,1145.33,1113.0575000000001,0.008858661840394867,0.014136364026809938,0.020298916534623825,-0.15184356904375051,1156.45,0
2018-12-03,RELIANCE,EQ,1167.55,1174.9,1174.9,1148.5,1158.0,1156.45,1158.74,5569578,645371888215000.0,223402.0,2281565.0,0.4096,-0.00950708749089968,0.04208154989862578,0.025767252084442083,1154.67,1118.0675,0.013018786834241895,0.014346708956740242,0.022828483721734696,-0.48032610001933296,1152.3,0
2018-12-04,RELIANCE,EQ,1156.45,1158.0,1158.0,1142.2,1153.1,1152.3,1149.79,5192825,597066201815000.0,138924.0,2107469.0,0.4058,-0.003588568463833375,0.02136146073391232,0.0020000000000000018,1159.4900000000002,1121.9375,0.012943178767953315,0.014116819323446493,0.013711707020741088,-0.06764480181442833,1155.15,1
2018-12-05,RELIANCE,EQ,1152.3,1143.75,1158.8,1139.3,1158.15,1155.15,1150.35,5819618,669460060985000.0,133704.0,2225427.0,0.3824,0.002473314241083102,0.0021689151086625724,0.015605767540003423,1159.99,1125.18,0.008632153223447396,0.01388873070824558,0.016880924555252565,0.1207036632276266,1123.65,0
2018-12-06,RELIANCE,EQ,1155.15,1149.0,1149.0,1118.25,1119.05,1123.65,1136.17,5866108,666492087935000.0,167545.0,2029327.0,0.3459,-0.027269185820023356,-0.038382541720153984,0.009659448288255934,1151.02,1126.1574999999998,0.01176903862717261,0.015229904316927055,0.02736617274062208,0.007988496839483217,1133.8,1
2018-12-07,RELIANCE,EQ,1123.65,1129.45,1136.95,1108.35,1133.2,1133.8,1124.39,7214078,811146482710000.0,208447.0,3026361.0,0.4195,0.009033061896497996,-0.028906684938546534,0.028063653262003108,1144.27,1127.3125,0.013856607758041614,0.01529776120045796,0.025224907391074386,0.22978949586335617,1090.25,0
2018-12-10,RELIANCE,EQ,1133.8,1110.0,1114.3,1083.1,1085.0,1090.25,1091.18,9381544,1023693761475000.0,312176.0,4443160.0,0.4736,-0.03841065443640845,-0.05724415236283453,-0.01757152511826987,1131.03,1127.1525,0.020324170967620236,0.017330549957257104,0.028617289612474246,0.30044948224845913,1097.55,1
2018-12-11,RELIANCE,EQ,1090.25,1066.0,1102.1,1055.0,1098.0,1097.55,1079.85,13494665,1457228103315000.0,288585.0,5185141.0,0.3842,0.006695711992662279,-0.04751366831554282,-0.027167168941677033,1120.0800000000002,1128.0300000000002,0.021798540832924727,0.017140625013121445,0.04291376247095796,0.43842687301791683,1110.5,1
2018-12-12,RELIANCE,EQ,1097.55,1099.0,1113.5,1087.75,1110.9,1110.5,1099.51,12605431,1385981372710000.0,207331.0,5196695.0,0.4123,0.01179900687895774,-0.03865298878933476,-0.03656790873205229,1111.15,1128.5825,0.02341749490511574,0.016869361493744836,0.023187753264295362,-0.06589522600227571,1107.05,0
2018-12-13,RELIANCE,EQ,1110.5,1128.0,1128.0,1095.05,1105.75,1107.05,1110.87,9297518,1032831750650000.0,191768.0,3456104.0,0.3717,-0.0031067086897794693,-0.014773283495750578,-0.052588789045785234,1107.8300000000002,1129.0375,0.020685342998425244,0.01688472832778905,0.029763786640169862,-0.2624196665707027,1112.2,1
2018-12-14,RELIANCE,EQ,1107.05,1103.1,1114.9,1091.8,1110.0,1112.2,1107.1,7221324,799469482235000.0,194030.0,2836613.0,0.3928,0.004652003071225375,-0.019050979008643387,-0.04740696329921623,1103.51,1129.805,0.020144628171127575,0.01690471472639251,0.020769645747167897,-0.22330626302632595,1129.9,1
2018-12-17,RELIANCE,EQ,1112.2,1115.95,1133.0,1111.5,1131.65,1129.9,1125.03,5064357,569753714085000.0,123031.0,1583096.0,0.3126,0.01591440388419363,0.03636780554918606,-0.02295819101560803,1111.44,1129.9299999999998,0.007246829005320505,0.016091607746879635,0.019028232586954595,-0.298694117588409,1136.4,1
2018-12-18,RELIANCE,EQ,1129.9,1123.3,1139.0,1120.5,1137.75,1136.4,1129.68,5870928,663226567445000.0,112465.0,1463429.0,0.2493,0.005752721479777012,0.03539702063687322,-0.013798489976568518,1119.21,1129.25,0.007275152770661389,0.015470855759004682,0.016279479056670185,0.15926424618169688,1136.8,1
2018-12-19,RELIANCE,EQ,1136.4,1141.5,1147.3,1133.2,1134.85,1136.8,1141.63,7368799,841245947500000.0,164405.0,3731005.0,0.5063000000000001,0.00035198873636033134,0.023683025664115176,-0.01588538285071217,1124.47,1129.22,0.007188922963877492,0.015273193418692682,0.012403237156931658,0.2551336006845937,1128.45,0
2018-12-20,RELIANCE,EQ,1136.8,1121.0,1132.5,1116.15,1129.9,1128.45,1125.05,5764731,648560320115000.0,185769.0,2014106.0,0.3494,-0.0073451794510907,0.019330653538683906,0.004271792818048237,1128.75,1129.9975,0.00847614846896835,0.014526925234521528,0.0144889007045061,-0.21768377723425492,1100.2,0
2018-12-21,RELIANCE,EQ,1128.45,1125.0,1131.25,1096.0,1098.0,1100.2,1109.5,8281941,918880828115000.0,218034.0,4108319.0,0.4961,-0.025034339137755324,-0.010789426362165067,-0.02963485623566764,1126.35,1129.8650000000002,0.01537602153096963,0.015504528739876806,0.032039629158334845,0.43665697497420086,1089.15,0
2018-12-24,RELIANCE,EQ,1100.2,1100.9,1103.2,1086.55,1089.3,1089.15,1094.03,4144535,453425681415000.0,117013.0,1170605.0,0.2824,-0.010043628431194329,-0.03606513850783255,-0.0010089429030037955,1118.2000000000003,1128.835,0.011736228093123979,0.015586268859914923,0.015287150530230078,-0.49956960572406883,1098.35,1
2018-12-26,RELIANCE,EQ,1089.15,1085.8,1100.0,1065.65,1099.7,1098.35,1081.5,7210059,779769448380000.0,156049.0,1909463.0,0.2648,0.008446954046733568,-0.03348292854628665,0.0007288961778506575,1110.59,1127.3425000000002,0.012519003314175145,0.015207159978059236,0.03127418400327756,0.7396545088894171,1120.2,1
2018-12-27,RELIANCE,EQ,1098.35,1107.2,1127.0,1104.0,1118.1,1120.2,1119.69,12478000,1397155390315000.0,216178.0,4046134.0,0.3243,0.019893476578504155,-0.01460239268121033,0.00873480414227834,1107.27,1125.72,0.017385202990852406,0.015070809226434185,0.020532047848598464,0.7306377104542419,1125.55,1
2018-12-28,RELIANCE,EQ,1120.2,1125.5,1135.25,1121.2,1125.65,1125.55,1129.79,7666016,866101296075000.0,130793.0,2256132.0,0.2943,0.0047759328691303615,-0.0025698967610440215,0.01671107899372215,1106.69,1123.5725,0.01744085725986896,0.014728235124469647,0.012482786193416511,-0.3856374418977401,1121.25,0
2018-12-31,RELIANCE,EQ,1125.55,1130.95,1133.85,1116.2,1125.25,1121.25,1122.29,7222817,810606342520000.0,155746.0,2448969.0,0.3390999999999999,-0.003820354493358713,0.01913288493001275,0.008137025714799462,1110.9,1121.2575000000002,0.011524427608512288,0.014733339060432482,0.015741360089186054,-0.057813471821608564,1121.0,0
2019-01-01,RELIANCE,EQ,1121.25,1125.25,1127.3,1110.1,1120.5,1121.0,1119.01,4455850,498612907340000.0,76742.0,1306898.0,0.2933,-0.00022296544035671495,0.02924298765092037,-0.007876803256925524,1117.27,1119.4850000000001,0.009158430917522633,0.014627483563347815,0.015343443354148122,-0.38308695900782197,1106.4,0
2019-01-02,RELIANCE,EQ,1121.0,1114.5,1127.0,1101.0,1104.35,1106.4,1113.42,7144970,795534240970000.0,147850.0,2543832.0,0.356,-0.013024085637823313,0.007329175581554326,-0.026399155227032733,1118.88,1117.19,0.012158057835313872,0.014850459411899643,0.023499638467100504,0.6035032597596419,1092.75,0
2019-01-03,RELIANCE,EQ,1106.4,1107.5,1114.6,1090.1,1090.3,1092.75,1101.37,7446457,820129165805000.0,231404.0,2883339.0,0.3872,-0.01233731019522788,-0.024504552758435993,-0.03874912033779021,1113.39,1114.07,0.007713219123099305,0.01498825338247402,0.022420498741706704,0.04219569851238014,1098.65,1
2019-01-04,RELIANCE,EQ,1092.75,1097.4,1104.45,1081.1,1099.6,1098.65,1093.06,8465141,925294693720000.0,189220.0,3496807.0,0.4131,0.0053992221459620016,-0.023899426946825897,-0.026407904647968383,1108.01,1112.8200000000002,0.007911695560732667,0.013906849408325922,0.02125335639193568,0.13680116597732317,1104.75,1
2019-01-07,RELIANCE,EQ,1098.65,1107.0,1118.45,1101.0,1104.9,1104.75,1110.32,5513559,612183103730000.0,112082.0,2138247.0,0.3878,0.005552268693396423,-0.014715719063545185,0.0041356117069624165,1104.71,1111.3675,0.009206530985384443,0.013795600554322522,0.01579542883005209,-0.348674877358806,1104.65,0
2019-01-08,RELIANCE,EQ,1104.75,1105.1,1109.95,1096.0,1101.0,1104.65,1103.82,5625153,620915056295000.0,103758.0,2263675.0,0.4024,-9.051821679106897e-05,-0.014585191793041852,0.01423128127438833,1101.44,1112.0875,0.00921643987490101,0.010661433715116561,0.012628434345720405,0.02023992125594365,1110.75,1
2019-01-09,RELIANCE,EQ,1104.65,1112.0,1117.0,1098.7,1109.25,1110.75,1110.55,5766805,640432220710000.0,186143.0,2004031.0,0.3475,0.0055221110759062775,0.003931670281995592,0.011289661765375492,1102.31,1112.7475,0.007736548938523391,0.01062994037648237,0.016475354490209277,0.025181892830292707,1107.5,0
2019-01-10,RELIANCE,EQ,1110.75,1107.75,1111.0,1103.0,1107.6,1107.5,1106.3,4080283,451402068720000.0,92025.0,2045495.0,0.5013000000000001,-0.002925950934053567,0.013498055364905115,-0.011337261203356541,1105.26,1112.5975,0.003963063717881457,0.010322725069422296,0.007223476297968397,-0.2924534469259842,1098.05,0
2019-01-11,RELIANCE,EQ,1107.5,1107.6,1113.8,1088.6,1095.5,1098.05,1099.31,6463903,710584245420000.0,162386.0,2382676.0,0.3686,-0.008532731376975189,-0.000546124789514546,-0.024432499666829588,1105.14,1112.1475,0.005971875639098322,0.010476493007548769,0.022949774600428074,0.5841800679021529,1096.8,0
2019-01-14,RELIANCE,EQ,1098.05,1095.0,1100.5,1086.4,1099.0,1096.8,1093.55,4111782,449642616875000.0,97120.0,1851833.0,0.4504,-0.001138381676608513,-0.007196198234894813,-0.021806020066889698,1103.55,1111.3775,0.005071925557547107,0.010410619919018977,0.012855579868708888,-0.3638855657332729,1129.65,1
2019-01-15,RELIANCE,EQ,1096.8,1105.0,1132.0,1105.0,1130.95,1129.65,1124.77,10062875,1131846936000000.0,187957.0,4195032.0,0.4169,0.029950765864332762,0.022631602770108117,0.0077163247100804355,1108.55,1111.3650000000002,0.015046146760948165,0.011945675563347727,0.02390120833886602,1.447326974046776,1135.9,1
2019-01-16,RELIANCE,EQ,1129.65,1135.0,1145.0,1130.35,1136.5,1135.9,1139.05,6382777,727032261905000.0,129953.0,2077966.0,0.3256,0.005532687115478163,0.022642358766599147,0.026663051337671773,1113.58,1111.34,0.015046313907560236,0.011940253444313667,0.012897262082929914,-0.3657103958858676,1134.45,0
2019-01-17,RELIANCE,EQ,1135.9,1144.45,1147.9,1130.0,1133.0,1134.45,1139.3,7487963,853107268650000.0,135936.0,2511305.0,0.3354,-0.0012765208204947864,0.024334085778781045,0.03816060398078247,1118.97,1111.2225,0.014857579225250682,0.01194360562094231,0.015778571113755645,0.1731512788242484,1184.35,1
2019-01-18,RELIANCE,EQ,1134.45,1148.8,1189.9,1135.25,1185.8,1184.35,1162.97,25684142,2987000177885000.0,438550.0,7341001.0,0.2858,0.0439860725461676,0.07859387095305315,0.07800482410230725,1136.23,1114.0175,0.020480942439478605,0.015326466665477245,0.04614345421539249,2.4300572799304696,1237.7,1
2019-01-21,RELIANCE,EQ,1184.35,1194.0,1239.95,1188.65,1235.0,1237.7,1222.77,22038534,2694804519835000.0,403702.0,6427362.0,0.2916,0.04504580571621575,0.12846462436177974,0.12034396922380641,1164.41,1120.8925,0.02153849356275679,0.016646892555173647,0.0414478468126363,-0.14194003443837055,1235.15,0
2019-01-22,RELIANCE,EQ,1237.7,1232.85,1246.95,1219.6,1232.0,1235.15,1234.02,16552819,2042652956150000.0,283673.0,4373694.0,0.2642,-0.002060273087177822,0.09339175850927273,0.11813696645996474,1185.51,1128.1925,0.02416548566909551,0.016333839216858517,0.0221430595474235,-0.24891469641310993,1226.3,0
2019-01-23,RELIANCE,EQ,1235.15,1233.3,1244.2,1222.0,1224.45,1226.3,1233.79,8829502,1089376227385000.0,142555.0,3120131.0,0.3534,-0.007165121645144379,0.07958447046394923,0.10402880936304304,1203.5900000000001,1134.59,0.026399438350158153,0.016603397120213973,0.018103237380738844,-0.4665862050445909,1247.45,1
2019-01-24,RELIANCE,EQ,1226.3,1225.0,1253.2,1220.1,1249.0,1247.45,1240.42,13155185,1631800744015000.0,225787.0,3750294.0,0.2851,0.01724700318029848,0.09960773943320556,0.12636568848758478,1226.19,1140.9524999999999,0.024663060161995622,0.01649411978305708,0.026534129624433953,0.4899124548587226,1246.0,0
2019-01-25,RELIANCE,EQ,1247.45,1250.45,1264.7,1235.4,1247.1,1246.0,1253.45,8550836,1071804774700000.0,183744.0,2362577.0,0.2763,-0.0011623712373242112,0.05205386921095978,0.13473885524338614,1238.52,1146.975,0.02147493792396784,0.016561546333370876,0.023515248796147636,-0.3500026035361722,1229.55,0
2019-01-28,RELIANCE,EQ,1246.0,1250.5,1255.95,1222.4,1230.5,1229.55,1237.32,8569265,1060295802900000.0,188470.0,3185043.0,0.3717,-0.013202247191011263,-0.006584794376666481,0.12103391684901532,1236.89,1152.3899999999999,0.01140883971695195,0.0169592951621857,0.02728640559554305,0.002155227863100073,1210.65,0
2019-01-29,RELIANCE,EQ,1229.55,1231.0,1231.65,1201.35,1214.9,1210.65,1212.83,9328866,1131435205955000.0,169968.0,4553808.0,0.4881,-0.015371477369769293,-0.019835647492207453,0.0717036250165981,1231.99,1156.8725,0.013071660314850712,0.017522246591796437,0.025027877586420666,0.08864249150889836,1195.7,0
2019-01-30,RELIANCE,EQ,1210.65,1215.0,1225.0,1191.1,1195.75,1195.7,1208.06,7846940,947960153125000.0,153142.0,3095594.0,0.3945,-0.012348738281088734,-0.02495311098426156,0.05264547935557706,1225.87,1161.3375,0.013587674942745495,0.017488335633820525,0.028351593208998986,-0.1588538199605397,1227.15,1
2019-01-31,RELIANCE,EQ,1195.7,1202.0,1229.7,1201.0,1225.2,1227.15,1220.45,10185347,1243072396300000.0,221969.0,5218187.0,0.5123,0.026302584260265993,-0.016273197322537958,0.08171360571201913,1221.81,1168.0575000000001,0.017366880465047807,0.017717711927641502,0.02338752393757898,0.29800240603343475,1249.95,1
2019-02-01,RELIANCE,EQ,1227.15,1234.0,1255.0,1227.05,1253.1,1249.95,1240.68,9228965,1145019824240000.0,214121.0,3715944.0,0.4026,0.018579635741351908,0.0031701444622793673,0.055389031958458235,1222.6,1175.6225,0.019981027577764696,0.017939370066010023,0.022360894435777465,-0.0938978318559004,1290.9,1
2019-02-04,RELIANCE,EQ,1249.95,1247.0,1296.95,1242.05,1289.5,1290.9,1269.56,11670570,1481648832225000.0,238268.0,4215486.0,0.3611999999999999,0.032761310452418035,0.04989630352568031,0.04298295225014148,1234.8700000000001,1184.9299999999998,0.022364248517925463,0.018861948711283806,0.04252846851034169,0.26455891857862723,1291.55,1
2019-02-05,RELIANCE,EQ,1290.9,1292.0,1304.4,1278.6,1288.0,1291.55,1292.06,9362406,1209674945105000.0,188250.0,3245178.0,0.3465999999999999,0.000503524672708755,0.06682360715318203,0.04566247014532632,1251.05,1194.275,0.018689525407939056,0.018849029938111515,0.019975997832062393,-0.19777645821926437,1310.25,1
2019-02-06,RELIANCE,EQ,1291.55,1296.25,1317.65,1294.25,1310.55,1310.25,1309.33,9411585,1232286645480000.0,171848.0,3426503.0,0.3641,0.014478727110835754,0.09580162248055535,0.06845796297806417,1273.96,1204.25,0.01229138147677833,0.01889309779526128,0.01785918717801953,0.005252816423470641,1290.4,0
2019-02-07,RELIANCE,EQ,1310.25,1310.25,1321.2,1286.1,1288.0,1290.4,1302.19,9212227,1199603937055000.0,227737.0,2945960.0,0.3198,-0.015149780576225846,0.05154219125616266,0.034430237684877074,1286.6100000000001,1213.395,0.018263115318132864,0.019469746790066713,0.02720086794792323,-0.021182191947477502,1277.7,0
2019-02-08,RELIANCE,EQ,1290.4,1284.8,1300.5,1272.25,1277.8,1277.7,1282.97,6505502,834636410255000.0,174433.0,2225628.0,0.3421,-0.009841909485430955,0.022200888035521338,0.025441412520064155,1292.16,1222.3775,0.019403865818090126,0.01952983046446151,0.022110041480785787,-0.29381874762747384,1253.25,0
2019-02-11,RELIANCE,EQ,1277.7,1275.9,1276.0,1251.0,1254.5,1253.25,1259.38,7523999,947560907810000.0,154193.0,4104534.0,0.5455,-0.01913594740549429,-0.0291656983499885,0.019275344638282288,1284.6299999999999,1230.2,0.013532921815427193,0.02035957639669635,0.01994813484939158,0.15655932470699407,1256.4,1
2019-02-12,RELIANCE,EQ,1253.25,1251.5,1272.35,1251.5,1255.5,1256.4,1261.8,6399485,807484791590000.0,173602.0,2638007.0,0.4122,0.0025134649910234508,-0.02721536138748004,0.03778961714781315,1277.6,1236.5375,0.013795362290545534,0.019634962212282024,0.016595033428844243,-0.14945695766307254,1245.95,0
2019-02-13,RELIANCE,EQ,1256.4,1261.0,1273.95,1235.75,1238.3,1245.95,1258.94,6964042,876731128870000.1,150257.0,2579211.0,0.3704,-0.008317414836039538,-0.0490746040831902,0.04202559170360454,1264.7400000000002,1242.0400000000002,0.008207126940141318,0.019876936058923572,0.03065933624944825,0.08821913013312788,1224.2,0
2019-02-14,RELIANCE,EQ,1245.95,1241.0,1241.0,1218.0,1229.1,1224.2,1227.02,6627360,813190074350000.0,138445.0,2505560.0,0.3781,-0.017456559251976422,-0.05130192188468696,-0.0024039440981135085,1251.5,1246.5275,0.008624190482899443,0.020458848137479477,0.018787779774546643,-0.0483457739054417,1244.45,1
2019-02-15,RELIANCE,EQ,1224.2,1229.75,1249.9,1214.0,1248.1,1244.45,1228.62,9597961,1179225386615000.0,175538.0,3834033.0,0.3995,0.016541414801503063,-0.02602332315880096,-0.004400176007040235,1244.85,1249.5325,0.014885686138056523,0.018459103661805084,0.028848085499618377,0.4482329313633182,1220.1,0
2019-02-18,RELIANCE,EQ,1244.45,1250.0,1252.5,1215.0,1215.65,1220.1,1226.57,9649017,1183516380770000.0,212673.0,4211189.0,0.4364,-0.019566876933585275,-0.026451226810293327,-0.054845456658145664,1238.22,1248.6525000000001,0.014987653056865783,0.016157020347114564,0.03073518564052127,0.0053194631651452,1216.1,0
2019-02-19,RELIANCE,EQ,1220.1,1218.0,1239.7,1211.2,1215.6,1216.1,1228.49,6244189,767092665910000.0,149603.0,1681609.0,0.2693,-0.003278419801655552,-0.03207577204711887,-0.05841817970655416,1230.16,1247.7,0.01445114350187707,0.01616513842967248,0.02343557273250555,-0.35286786208377496,1234.35,1
2019-02-20,RELIANCE,EQ,1216.1,1223.85,1240.0,1219.0,1235.55,1234.35,1228.29,6298179,773600597715000.0,157634.0,2060904.0,0.3272,0.015006989556779926,-0.009310164934387521,-0.057927876359473496,1227.84,1248.1025,0.017188991581506198,0.01645278751472649,0.017013002794993317,0.008646439113229931,1246.9,1
2019-02-21,RELIANCE,EQ,1234.35,1236.0,1257.8,1229.35,1247.3,1246.9,1246.51,10580178,1318833213690000.0,206387.0,4866938.0,0.46,0.010167294527484216,0.018542721777487392,-0.03371047737135768,1232.3799999999999,1248.075,0.015203571217535659,0.016145788705342435,0.022816585131125226,0.6798788983291837,1232.35,0
2019-02-22,RELIANCE,EQ,1246.9,1244.6,1245.3,1226.0,1231.7,1232.35,1233.91,8755865,1080398676765000.0,169765.0,3503955.0,0.4002,-0.011668938968642406,-0.00972317087870156,-0.03549346481959781,1229.96,1247.3925,0.014499237223888545,0.016358584885453997,0.01566113522943965,-0.1724274393115125,1232.3,0
2019-02-25,RELIANCE,EQ,1232.35,1236.0,1243.0,1220.65,1231.3,1232.3,1232.29,7852528,967659304740000.0,159793.0,3212379.0,0.4090999999999999,-4.0572889195455986e-05,0.009999180395049656,-0.016716537003790166,1232.4,1247.53,0.010662376348998005,0.016079848534178563,0.018136817333441458,-0.10316936133665833,1220.25,0
2019-02-26,RELIANCE,EQ,1232.3,1209.5,1234.8,1206.0,1220.2,1220.25,1221.22,10131050,1237228756965000.0,166251.0,3886999.0,0.3837,-0.00977846303659824,0.0034125483101719034,-0.028772683858643844,1233.23,1248.0099999999998,0.011807306643013918,0.015841026673695257,0.023601720958819877,0.2901641356770712,1223.5,1
2019-02-27,RELIANCE,EQ,1220.25,1228.05,1244.9,1209.0,1220.65,1223.5,1227.12,11113182,1363725048945000.0,222847.0,4163615.0,0.3747,0.0026633886498668158,-0.00879005144407985,-0.01801837954974117,1231.06,1249.4,0.009045190701489363,0.015552524006929897,0.02934205149162247,0.09694276506383837,1231.05,1
2019-02-28,RELIANCE,EQ,1223.5,1233.75,1239.85,1226.55,1232.0,1231.05,1233.07,11286916,1391756783735000.0,179607.0,5923497.0,0.5247999999999999,0.00617082141397618,-0.01271152458096092,0.0055954909328539415,1227.8899999999999,1249.595,0.007825171648551317,0.014459795088887194,0.010803785386458677,0.015633146294193656,1226.05,0
2019-03-01,RELIANCE,EQ,1231.05,1237.0,1242.35,1222.25,1225.0,1226.05,1229.08,7922513,973741357010000.0,156673.0,4129082.0,0.5212,-0.0040615734535559556,-0.005112184038625345,-0.014785648278355934,1226.6299999999999,1248.4,0.006168383322418795,0.013822091679279558,0.01639411117001746,-0.29807991837628633,1237.65,1
2019-03-05,RELIANCE,EQ,1226.05,1223.4,1239.8,1218.6,1237.45,1237.65,1229.02,7121509,875250536570000.1,177673.0,2886956.0,0.4054,0.009461278088169545,0.004341475290108088,0.014384066879764124,1227.7,1245.7375,0.007791549387952246,0.011648969358593293,0.0171292368601786,-0.10110478834177994,1264.8,1
2019-03-06,RELIANCE,EQ,1237.65,1239.8,1273.1,1235.1,1262.0,1264.8,1257.64,12038231,1513971937335000.0,228963.0,4441001.0,0.3689,0.02193673494121917,0.03650891210817453,0.04004604884466745,1236.6100000000001,1244.4,0.009627330871194058,0.012822049345897465,0.03004427577482606,0.690404519603921,1270.25,1
2019-03-07,RELIANCE,EQ,1264.8,1264.0,1279.8,1258.15,1270.0,1270.25,1271.7,8109259,1031257102250000.0,180667.0,3006231.0,0.3707,0.0043089816571790784,0.03821005312627701,0.02908413334953619,1245.9599999999998,1242.4,0.009458662962061699,0.012370958626672073,0.017043888998228587,-0.32637453127457017,1267.1,0
2019-03-08,RELIANCE,EQ,1270.25,1266.05,1274.45,1262.0,1266.9,1267.1,1267.28,6040052,765445140925000.0,137676.0,3019726.0,0.5,-0.0024798268057469874,0.029283944600138057,0.016200176437564995,1253.17,1241.2350000000001,0.010509792887003756,0.011951191197132031,0.009825585983742441,-0.2551659775572589,1304.1,1
2019-03-11,RELIANCE,EQ,1267.1,1270.05,1312.0,1268.0,1309.55,1304.1,1291.98,9718840,1255654104570000.0,176513.0,4714091.0,0.485,0.029200536658511522,0.06365972023979438,0.0582220959954558,1268.78,1242.5549999999998,0.012929430277340276,0.013493061471670075,0.03373974388467142,0.6090656173158775,1331.35,1
2019-03-12,RELIANCE,EQ,1304.1,1316.9,1334.0,1314.25,1330.85,1331.35,1324.88,11228736,1487677495130000.0,193657.0,4678374.0,0.4165999999999999,0.02089563683766582,0.07570799499050596,0.08037815467012899,1287.52,1246.46,0.013267585548337398,0.01329957042674312,0.0148345664175461,0.15535763527334545,1347.3,1
2019-03-13,RELIANCE,EQ,1331.35,1337.0,1360.0,1328.1,1349.0,1347.3,1339.1,11236048,1504618576210000.0,219134.0,4622410.0,0.4114,0.011980320727081661,0.0652277039848197,0.10411800860479414,1304.02,1251.0049999999999,0.012656594446150509,0.013444861321369888,0.023676983596823343,0.0006511863846474508,1341.55,0
2019-03-14,RELIANCE,EQ,1347.3,1349.75,1362.0,1336.1,1339.5,1341.55,1352.38,10402048,1406755629605000.0,280534.0,5383855.0,0.5176,-0.004267794848957118,0.056130682936429865,0.09648549243972204,1318.28,1255.7849999999999,0.014533872940808186,0.013285739752958117,0.019306026611009722,-0.07422538600760697,1321.65,0
2019-03-15,RELIANCE,EQ,1341.55,1345.0,1358.8,1311.2,1323.75,1321.65,1334.04,15893093,2120205454795000.0,212588.0,9619588.0,0.6053000000000001,-0.014833588013864474,0.04305106147896787,0.0735957109784331,1329.19,1260.6575,0.018039570613444935,0.01307629776292683,0.03601558657738426,0.5278811441746856,1350.05,1
2019-03-18,RELIANCE,EQ,1321.65,1331.0,1357.95,1329.0,1356.5,1350.05,1341.23,10105234,1355346191640000.0,205654.0,4740899.0,0.4692,0.021488291151212424,0.0352350279886513,0.10113780025284447,1338.3799999999999,1265.9375,0.0160581587112064,0.013371107826102992,0.02144365023517651,-0.3641744876217612,1376.55,1
2019-03-19,RELIANCE,EQ,1350.05,1360.0,1380.0,1343.1,1378.0,1376.55,1362.21,9805318,1335690067535000.0,196165.0,2711171.0,0.2764999999999999,0.019628902633235912,0.03395050137078903,0.11222882074900009,1347.4199999999998,1273.7599999999998,0.015792961824263978,0.012557325964138695,0.026806145799280878,-0.029679273137069417,1375.45,0
2019-03-20,RELIANCE,EQ,1376.55,1377.8,1388.0,1364.0,1373.05,1375.45,1376.17,9892823,1361422209005000.0,175117.0,3410645.0,0.3448,-0.0007990991972685046,0.020893639130112218,0.08748418722327655,1353.05,1281.7275,0.015778931124052153,0.01247155451092273,0.017448834926751245,0.008924238867112688,1341.75,0
2019-03-22,RELIANCE,EQ,1375.45,1372.5,1380.9,1336.7,1345.1,1341.75,1359.14,11465112,1558269437475000.0,216597.0,6045124.0,0.5273,-0.02450107237631327,0.0001490812865714286,0.05628813225742957,1353.0900000000001,1287.0975,0.020419497343848955,0.01404142611708594,0.03294205328861565,0.15893228858941466,1324.45,0
2019-03-25,RELIANCE,EQ,1341.75,1330.6,1336.85,1316.7,1328.0,1324.45,1325.16,7951992,1053763180310000.0,162927.0,3661248.0,0.4604,-0.012893609092602953,0.002118563916316596,0.04526083182069307,1353.65,1290.975,0.020078081761472927,0.014472217954386076,0.015213862357959804,-0.30641828880520317,1367.25,1
2019-03-26,RELIANCE,EQ,1324.45,1330.3,1371.6,1330.0,1369.0,1367.25,1353.06,9479288,1282606363590000.0,186909.0,3250443.0,0.3429,0.032315300690852755,0.012740268878930427,0.0484242005981137,1357.0900000000001,1297.72,0.023232218551078643,0.015417579535511192,0.03042603766684945,0.19206457954183054,1349.25,0
2019-03-27,RELIANCE,EQ,1367.25,1377.95,1377.95,1344.25,1347.0,1349.25,1360.73,10094174,1373539919080000.0,171701.0,3394370.0,0.3363,-0.013165112452002248,-0.019832189168573544,0.013444999436662108,1351.63,1303.5674999999999,0.02186465998281045,0.015928586160198377,0.02497683898462112,0.06486626421731256,1360.0,1
2019-03-28,RELIANCE,EQ,1349.25,1350.25,1369.8,1342.8,1362.0,1360.0,1357.34,10482938,1422887989670000.0,178529.0,4655778.0,0.4441,0.00796738929034646,-0.011232687484096116,0.00942625992726187,1348.5400000000002,1310.5549999999998,0.022508343267900847,0.015572034333538902,0.019852941176470587,0.03851370107152907,1363.25,1
2019-03-29,RELIANCE,EQ,1360.0,1370.05,1376.85,1355.1,1363.05,1363.25,1363.56,7699271,1049844588585000.0,136542.0,3130918.0,0.4067,0.002389705882352988,0.01602384945034463,0.01617531959300811,1352.8400000000001,1317.5425,0.018693790088421043,0.015574825227467991,0.015954520447460114,-0.2655426369973761,1391.85,1
2019-04-01,RELIANCE,EQ,1363.25,1370.0,1406.8,1362.55,1391.6,1391.85,1386.73,10098281,1400361462920000.0,239548.0,3166752.0,0.3136,0.0209792774619475,0.05088904828419327,0.053115423901940684,1366.32,1325.5825,0.017443769288637563,0.015953918556027825,0.03179221898911521,0.31158924007220934,1389.7,0
2019-04-02,RELIANCE,EQ,1391.85,1398.0,1403.1,1380.1,1388.2,1389.7,1390.35,8012636,1114037375815000.0,168893.0,2276094.0,0.2841,-0.0015447066853467861,0.0164198208081916,0.029369282619162274,1370.81,1333.7649999999999,0.01254728972239974,0.0158778170382412,0.01655033460459092,-0.20653465674009275,1375.2,0
2019-04-03,RELIANCE,EQ,1389.7,1392.75,1403.0,1372.0,1374.6,1375.2,1390.2,7849461,1091229574730000.0,169662.0,2934404.0,0.3738,-0.010433906598546483,0.019232907170650293,-0.0009807126511931497,1376.0,1340.6425000000002,0.011679341006324413,0.016293926634681096,0.02254217568353694,-0.02036470894222575,1353.05,0
2019-04-04,RELIANCE,EQ,1375.2,1379.0,1383.7,1347.25,1354.5,1353.05,1360.64,8375674,1139625616140000.0,177047.0,2798000.0,0.3340999999999999,-0.016106748109365965,-0.005110294117647074,-0.016285579264967875,1374.61,1345.0549999999998,0.014248436694589297,0.01648239230288394,0.026939137504157308,0.06703810618334183,1353.9,1
2019-04-05,RELIANCE,EQ,1353.05,1360.95,1363.9,1343.0,1355.85,1353.9,1352.52,6728239,910009031180000.0,131955.0,2231490.0,0.3317,0.0006282103396031413,-0.00685860993948284,0.009055338177752947,1372.74,1349.2375,0.01416696881933125,0.01649350529673861,0.015436886032941938,-0.19669282734738724,1329.25,0
2019-04-08,RELIANCE,EQ,1353.9,1356.0,1357.5,1323.7,1328.0,1329.25,1335.09,8723577,1164673456125000.0,216174.0,4345575.0,0.4981,-0.018206662235024762,-0.04497611093149401,0.0036241458718713204,1360.22,1352.345,0.008448672816896131,0.017146653515348362,0.025427872860635664,0.2965617006173533,1334.45,1
2019-04-09,RELIANCE,EQ,1329.25,1328.9,1340.7,1321.0,1338.0,1334.45,1330.46,9497621,1263615979065000.0,202524.0,4554495.0,0.4795,0.003911980440097773,-0.03975678203928901,-0.02398976046809287,1349.1699999999998,1353.8625,0.009901413177410747,0.015968835238768193,0.014762636292105395,0.08873011609801806,1331.4,0
2019-04-10,RELIANCE,EQ,1334.45,1337.95,1348.0,1326.5,1331.0,1331.4,1337.99,7612711,1018573075810000.0,152322.0,3054830.0,0.4013,-0.002285585821874103,-0.03184991273996507,-0.01322957198443575,1340.41,1353.865,0.01007817723573735,0.015296635738064765,0.01614841520204296,-0.1984612778294691,1346.8,1
2019-04-11,RELIANCE,EQ,1331.4,1332.95,1353.0,1329.0,1350.0,1346.8,1338.41,5741333,768426551195000.0,139852.0,2274089.0,0.3961,0.011566771819137678,-0.0046191936735523464,-0.00970588235294123,1339.1599999999999,1353.84,0.010981219833084989,0.015280019492047827,0.01782001782001782,-0.2458228087208355,1343.1,0
2019-04-12,RELIANCE,EQ,1346.8,1350.0,1356.9,1336.65,1340.0,1343.1,1346.08,5919742,796846125085000.0,147697.0,2037194.0,0.3440999999999999,-0.0027472527472527375,-0.007976955461998836,-0.014780854575463076,1337.0,1353.9175,0.010969295871099826,0.015260956673252219,0.015077060531605986,0.03107449088913672,1340.15,0
2019-04-15,RELIANCE,EQ,1343.1,1345.0,1348.95,1335.0,1339.0,1340.15,1341.32,4245127,569408931150000.0,90689.0,1497000.0,0.3525999999999999,-0.002196411287320288,0.008200112845589747,-0.037144807270898306,1339.1799999999998,1354.8425,0.00618624413619576,0.01486358845225284,0.010409282542998952,-0.28288648390419713,1343.75,1
2019-04-16,RELIANCE,EQ,1340.15,1345.0,1360.0,1340.0,1345.0,1343.75,1349.7,7936553,1071198143980000.0,199659.0,4217307.0,0.5314,0.002686266462709419,0.006969163325714733,-0.033064690220911075,1341.0400000000002,1354.5275,0.006097848797018521,0.014059025236543432,0.014883720930232559,0.8695678598072567,1385.95,1
2019-04-18,RELIANCE,EQ,1343.75,1375.0,1389.75,1365.0,1386.05,1385.95,1379.51,17960482,2477664548980000.0,337505.0,6905750.0,0.3845,0.031404651162790787,0.0409719092684393,0.007817044793484662,1351.95,1354.9975,0.014213581530206467,0.0151358709617801,0.017857787077455896,1.2630078826412423,1345.35,0
2019-04-22,RELIANCE,EQ,1385.95,1360.0,1367.0,1341.3,1344.0,1345.35,1353.82,10792748,1461142211090000.0,289829.0,3826256.0,0.3545,-0.029293986074533818,-0.0010766260766260638,-0.005690846605816535,1351.66,1353.4924999999998,0.021586877242993113,0.01653585658024005,0.019102835693314044,-0.39908361033963347,1363.85,1
2019-04-23,RELIANCE,EQ,1345.35,1348.0,1373.0,1346.0,1364.65,1363.85,1362.98,9055300,1234223016905000.0,183025.0,2687211.0,0.2968,0.013751068495187146,0.015449333631151863,0.00734913952285976,1355.81,1354.5975,0.022316176748129413,0.01587048525856231,0.019796898485903876,-0.16098291185896307,1389.5,1
2019-04-24,RELIANCE,EQ,1363.85,1370.3,1394.8,1366.25,1389.5,1389.5,1379.35,7360887,1015322546810000.0,182147.0,2800119.0,0.3804,0.018807053561608722,0.036824236092974694,0.04532631182997937,1365.6799999999998,1357.85,0.02299631983992767,0.015999050233966975,0.020546959337891295,-0.18711837266573172,1372.4,0
2019-04-25,RELIANCE,EQ,1389.5,1389.1,1412.4,1362.6,1370.0,1372.4,1391.77,13929820,1938712270960000.0,275583.0,6097094.0,0.4377,-0.012306585102554779,0.0213209302325581,0.02843868260331983,1371.4099999999999,1358.1074999999998,0.024691219613805052,0.014682708127409728,0.036286796852229804,0.8924105206342658,1392.8,1
2019-04-26,RELIANCE,EQ,1372.4,1375.0,1395.95,1370.7,1392.0,1392.8,1383.98,6889444,953485440580000.0,160625.0,2543349.0,0.3692,0.014864470999708335,0.004942458241639303,0.04611686946071791,1372.78,1360.285,0.02101523325946097,0.014668501038597974,0.01812894887995405,-0.5054175861568921,1392.8,0
2019-04-30,RELIANCE,EQ,1392.8,1396.4,1396.4,1366.8,1392.45,1392.8,1384.81,10217019,1414858797470000.0,210909.0,4720683.0,0.462,0.0,0.035269632437655574,0.03415503415503407,1382.27,1361.925,0.012928407485956578,0.014597112074908332,0.021252153934520488,0.4829961605029376,1405.05,1
2019-05-02,RELIANCE,EQ,1392.8,1392.0,1413.9,1382.1,1403.1,1405.05,1402.33,8682505,1217575929355000.0,203263.0,3311981.0,0.3815,0.008795232624928095,0.030208600652564366,0.046124637033728044,1390.5099999999998,1364.0149999999999,0.012465339140591275,0.014692393760183765,0.022632646525034827,-0.15019194933473257,1408.85,1
2019-05-03,RELIANCE,EQ,1405.05,1407.95,1417.5,1402.65,1409.9,1408.85,1412.19,6510169,919362481045000.0,174995.0,2762984.0,0.4244,0.0027045300878971723,0.01392587261604894,0.05126291833003749,1394.3799999999999,1364.865,0.010217040153857942,0.013975404485164083,0.010540511764914582,-0.2501969189767239,1384.9,0
2019-05-06,RELIANCE,EQ,1408.85,1398.0,1402.8,1378.1,1382.95,1384.9,1392.39,7237910,1007802478125000.0,151864.0,3763775.0,0.52,-0.016999680590552457,0.009108131740017456,0.030623255813953643,1396.8799999999999,1364.625,0.012011174663308442,0.01452261642322492,0.01783522275976608,0.11178527009053063,1343.5,0
2019-05-07,RELIANCE,EQ,1384.9,1394.8,1395.0,1340.2,1341.0,1343.5,1361.64,8877095,1208739300215000.0,214252.0,4066700.0,0.4581,-0.029893855151996607,-0.03539632395175185,-0.030628810563151698,1387.02,1363.04,0.015943325265580177,0.015845020062116147,0.04078898399702267,0.22647214458317388,1299.45,0
2019-05-08,RELIANCE,EQ,1343.5,1340.0,1340.0,1292.2,1297.75,1299.45,1313.1,14610543,1918510369160000.0,354813.0,6922545.0,0.4738,-0.03278749534797165,-0.0670232624928202,-0.03411751588805878,1368.35,1360.3600000000001,0.01879218651213358,0.017071087234264832,0.03678479356650887,0.6458698481879488,1256.45,0
2019-05-09,RELIANCE,EQ,1299.45,1288.8,1288.8,1251.75,1253.15,1256.45,1265.1,19507368,2467875980185000.0,389079.0,9685998.0,0.4965,-0.03309092308284278,-0.10576136080566523,-0.07874766286615087,1338.63,1355.4875,0.015305290521022141,0.018421967932465696,0.029487842731505395,0.3351569479655889,1251.15,0
2019-05-10,RELIANCE,EQ,1256.45,1265.0,1277.7,1245.0,1245.75,1251.15,1263.56,11226831,1418577232895000.0,231193.0,3221387.0,0.2869,-0.004218233913008795,-0.11193526635198914,-0.09956818999640149,1307.0900000000001,1351.5825,0.012580872717592981,0.018099573621464488,0.02613595492147228,-0.4244825339840823,1232.05,0
2019-05-13,RELIANCE,EQ,1251.15,1247.9,1260.8,1227.5,1229.9,1232.05,1246.96,8047801,1003524886280000.0,165987.0,2507496.0,0.3116,-0.01526595532110464,-0.11036897970972648,-0.10226610317691642,1276.52,1346.4625,0.012822870802918834,0.018229111537916117,0.027028123858609598,-0.2831636104614027,1260.45,1
2019-05-14,RELIANCE,EQ,1232.05,1236.5,1269.35,1231.5,1267.0,1260.45,1252.66,13001004,1628580011685000.0,237275.0,5416017.0,0.4165999999999999,0.023051012540075577,-0.061816151842203126,-0.09502441125789773,1259.9100000000003,1342.915,0.02332206108280679,0.019196460381369813,0.030028957911856804,0.6154728478002873,1256.9,0
2019-05-15,RELIANCE,EQ,1260.45,1273.0,1278.0,1250.6,1256.0,1256.9,1269.53,11163801,1417276281810000.0,199165.0,5331570.0,0.4775999999999999,-0.0028164544408743053,-0.032744622724999006,-0.0975732337736932,1251.4,1338.42,0.0204691926135555,0.018906665610667468,0.02179966584453822,-0.14131239402741513,1265.35,1
2019-05-16,RELIANCE,EQ,1256.9,1259.95,1271.9,1258.1,1269.2,1265.35,1264.7,6606652,835542193295000.0,165495.0,2695057.0,0.4079,0.0067228896491366985,0.0070834494010902915,-0.09942706665243228,1253.1799999999998,1334.5324999999998,0.014354022176914573,0.019038773386319863,0.010906073418421924,-0.408207652572811,1267.4,1
2019-05-17,RELIANCE,EQ,1265.35,1267.0,1276.95,1252.0,1269.0,1267.4,1268.85,7898440,1002192030090000.0,153297.0,3087049.0,0.3908,0.001620105109258363,0.01298805099308642,-0.10040103630620711,1256.43,1330.895,0.014006366825581406,0.019064294428300373,0.01968597127978542,0.19552838563314667,1325.9,1
2019-05-20,RELIANCE,EQ,1267.4,1313.6,1337.7,1303.5,1328.55,1325.9,1319.23,12333937,1627130325520000.0,291230.0,6076425.0,0.4927,0.046157487770238204,0.07617385658049614,-0.04260235396057477,1275.2,1330.0025,0.020003449691682027,0.021958711991796016,0.025793800437438754,0.5615662080106958,1339.8,1
2019-05-21,RELIANCE,EQ,1325.9,1332.2,1367.0,1330.05,1339.9,1339.8,1348.0,13872055,1869951712010000.0,294207.0,5712146.0,0.4118,0.01048344520702904,0.06295370700940128,-0.002754000744324525,1291.07,1327.6950000000002,0.019514172765671182,0.02083125406973717,0.02757874309598451,0.12470616640899013,1340.4,1
2019-05-22,RELIANCE,EQ,1339.8,1345.65,1359.7,1335.1,1344.0,1340.4,1345.18,11287400,1518360429675000.0,210505.0,4593115.0,0.4069,0.0004478280340349805,0.0664332882488663,0.031513332563777086,1307.77,1327.4475,0.018922049993294675,0.019776509627328007,0.018352730528200637,-0.18632098849089052,1333.9,0
2019-05-23,RELIANCE,EQ,1340.4,1372.0,1392.0,1325.0,1336.0,1333.9,1364.45,17722514,2418141264975000.0,328622.0,5356239.0,0.3021999999999999,-0.004849298716800954,0.05417473426324748,0.06164192765330889,1321.48,1325.95,0.020534036920697704,0.019531714708285925,0.050228652822550415,0.5701148182929638,1336.85,1
2019-05-24,RELIANCE,EQ,1333.9,1348.0,1353.8,1316.5,1338.0,1336.85,1334.73,10180759,1358854847500000.0,237096.0,2740195.0,0.2692,0.0022115600869629937,0.05479722266056486,0.06849698277584615,1335.3700000000001,1323.3174999999999,0.020469738512021773,0.018994264711874383,0.027901410031043093,-0.42554656749036845,1310.65,0
2019-05-27,RELIANCE,EQ,1336.85,1337.1,1337.5,1307.0,1313.2,1310.65,1322.83,7349720,972244298245000.0,161412.0,2344542.0,0.319,-0.019598309458802254,-0.011501621540085938,0.06379611217077241,1332.3200000000002,1320.23,0.011147241992887021,0.0192752883050285,0.023270896120245677,-0.27807740071246156,1323.75,1
2019-05-28,RELIANCE,EQ,1310.65,1319.8,1334.8,1313.35,1330.0,1323.75,1323.88,19472659,2577956028220000.0,327818.0,9947020.0,0.5108,0.009995040628695717,-0.011979399910434396,0.050220159466856984,1329.1100000000001,1316.7775,0.011008928202020535,0.019079176324506352,0.016203966005665756,1.6494422916791387,1313.05,0
2019-05-29,RELIANCE,EQ,1323.75,1321.0,1333.3,1304.15,1315.6,1313.05,1321.09,7112830,939665563510000.0,183211.0,1983629.0,0.2789,-0.008083097261567529,-0.020404356908385712,0.044673402816453045,1323.6399999999999,1312.79,0.011125689660297531,0.019111991118541338,0.022200220859830064,-0.634727337442719,1329.75,1
2019-05-30,RELIANCE,EQ,1313.05,1316.25,1342.0,1316.25,1330.0,1329.75,1329.55,10740841,1428045558750000.0,198892.0,3938278.0,0.3667,0.012718479875099886,-0.003111177749456573,0.05089500928596835,1322.81,1309.025,0.01336471374326068,0.019256537174849174,0.0193645422071818,0.5100657544184242,1330.15,1
2019-05-31,RELIANCE,EQ,1329.75,1337.9,1341.9,1320.2,1330.1,1330.15,1330.68,11760178,1564908582590000.0,203751.0,4867709.0,0.4139,0.000300808422635912,-0.005011781426487505,0.04951080953132392,1321.47,1305.0900000000001,0.013293089606687618,0.01922933665980936,0.016313949554561547,0.09490290378565325,1360.2,1
2019-06-03,RELIANCE,EQ,1330.15,1335.0,1367.25,1321.2,1364.0,1360.2,1344.47,8483610,1140593573770000.0,168454.0,3426100.0,0.4038,0.022591437055970998,0.037805668942890946,0.02586922090655408,1331.38,1303.855,0.011788452074136598,0.019711025987714615,0.033855315394794847,-0.27861551075162294,1351.65,0
2019-06-04,RELIANCE,EQ,1360.2,1357.45,1374.25,1348.1,1353.0,1351.65,1358.17,7059911,958856136455000.0,167875.0,1999768.0,0.2833,-0.006285840317600266,0.021076487252124743,0.008844603672190088,1336.96,1304.2625,0.013103709251209609,0.018544025069198312,0.01934672437391343,-0.16781759180348932,1327.35,0
2019-06-06,RELIANCE,EQ,1351.65,1361.9,1361.9,1321.1,1326.15,1327.35,1335.47,7664319,1023548115425000.0,199549.0,3562547.0,0.4648,-0.017978026856064977,0.010890674384067545,-0.009735899731423636,1339.8200000000002,1305.6575,0.015883908872806565,0.017407168184966577,0.03073793648999901,0.085611277535935,1314.9,0
2019-06-07,RELIANCE,EQ,1327.35,1325.95,1327.25,1305.6,1311.0,1314.9,1314.55,6730595,884767255254999.9,180263.0,1966742.0,0.2922,-0.009379590914227465,-0.011167512690355208,-0.014243946322812784,1336.85,1308.58,0.01531375005755456,0.015669043150919933,0.01646513042816951,-0.12182739262288012,1319.15,1
2019-06-10,RELIANCE,EQ,1314.9,1320.9,1327.0,1310.1,1320.5,1319.15,1319.5,5380148,709911009990000.0,151279.0,1985597.0,0.3691,0.003232184957030926,-0.008269744013833069,-0.013240079290870232,1334.65,1311.98,0.015486187752774392,0.015592011441458125,0.0128112799909033,-0.2006430337882461,1329.15,1
2019-06-11,RELIANCE,EQ,1319.15,1321.85,1334.5,1318.0,1329.55,1329.15,1327.51,5253790,697444867010000.0,136433.0,1979424.0,0.3768,0.007580639047871651,-0.02282752536391708,0.014115133712280237,1328.44,1316.835,0.010177960273285205,0.015028285233903137,0.012413948764247828,-0.023485971017897622,1332.15,1
2019-06-12,RELIANCE,EQ,1329.15,1334.7,1338.4,1325.0,1333.2,1332.15,1332.57,4707716,627336987165000.0,125940.0,1470130.0,0.3123,0.002257081593499688,-0.0144268116746199,0.0063456090651559105,1324.5400000000002,1320.42,0.010528128475951425,0.014337493388011296,0.010058927297977022,-0.10393906113491402,1327.25,0
2019-06-13,RELIANCE,EQ,1332.15,1330.0,1334.7,1308.65,1323.65,1327.25,1322.47,7171189,948368462455000.0,190475.0,3440145.0,0.4797,-0.0036782644597080916,-7.533807963233663e-05,0.010814515821941262,1324.52,1323.9375,0.006605184543267718,0.014356753977583044,0.019627048408363122,0.5232841148446508,1317.55,0
2019-06-14,RELIANCE,EQ,1327.25,1321.9,1325.0,1309.4,1320.0,1317.55,1316.01,6831331,899009326179999.9,153945.0,3520760.0,0.5154,-0.007308344320964388,0.0020153623849721303,-0.009174656890392985,1325.05,1326.5475000000001,0.005896630951514491,0.01449829706251182,0.011840157868771515,-0.04739214096853395,1282.3,0
2019-06-17,RELIANCE,EQ,1317.55,1320.0,1320.0,1278.5,1282.25,1282.3,1291.9,6815554,880502772079999.9,180983.0,2875500.0,0.4083,-0.02675420287655117,-0.02793465489140745,-0.035973386460173784,1317.6799999999998,1327.2925,0.013129860107356412,0.015873059930067854,0.03236372143804102,-0.002309506009883,1281.0,0
2019-06-18,RELIANCE,EQ,1282.3,1278.9,1287.95,1269.1,1278.5,1281.0,1279.9,7679193,982858049975000.0,176329.0,3400661.0,0.427,-0.0010138033221555043,-0.03622615957566877,-0.05822673136303491,1308.05,1325.0475,0.011428441752421933,0.011726514757987656,0.014715066354410724,0.12671589132739602,1277.35,0
2019-06-19,RELIANCE,EQ,1281.0,1286.9,1302.0,1262.6,1282.0,1277.35,1284.31,6625604,850932227965000.0,179058.0,2254672.0,0.3403,-0.002849336455893914,-0.04113650865142826,-0.054969851662782676,1297.09,1321.925,0.010555776358446345,0.011373779993888757,0.030845109014757188,-0.13720048447799138,1296.75,1
2019-06-20,RELIANCE,EQ,1277.35,1280.0,1300.0,1278.0,1299.9,1296.75,1288.38,4914012,633113879525000.0,120935.0,1864061.0,0.3793,0.0151876932712256,-0.022979845545300415,-0.023053452367499117,1290.99,1319.7425,0.01504666523726618,0.012021807572298185,0.016965490649701175,-0.25832995754047483,1279.5,0
2019-06-21,RELIANCE,EQ,1296.75,1295.95,1296.0,1275.55,1278.7,1279.5,1282.04,10623098,1361918520945000.0,153633.0,7333771.0,0.6904000000000001,-0.01330248698669756,-0.028879359417099848,-0.026922199406799074,1283.3799999999999,1317.0225,0.015551920635639581,0.012288252044323208,0.01598280578350922,1.1617973256882563,1262.4,0
2019-06-24,RELIANCE,EQ,1279.5,1272.15,1276.45,1257.1,1261.85,1262.4,1264.03,5150998,651102081690000.0,149137.0,2132564.0,0.414,-0.013364595545134694,-0.01551898931607254,-0.04302012659667209,1279.4,1313.3,0.011707929759052134,0.012498555733102466,0.015327946768060943,-0.5151133878271668,1295.85,1
2019-06-25,RELIANCE,EQ,1262.4,1258.9,1298.0,1254.25,1295.4,1295.85,1281.36,6842363,876751068254999.9,157350.0,2090674.0,0.3055,0.026497148288973316,0.011592505854800761,-0.02505360568784576,1282.3700000000001,1312.56,0.017796334490024723,0.01344918555874175,0.03376162364471197,0.3283567572730566,1294.15,0
2019-06-26,RELIANCE,EQ,1295.85,1291.0,1304.6,1286.35,1291.9,1294.15,1295.88,5299942,686809687160000.0,137376.0,1423008.0,0.2685,-0.00131188023305151,0.013152229224566714,-0.02852531621814358,1285.73,1311.08,0.017695227290857544,0.013221319616274905,0.014101920179268245,-0.2254222700549503,1274.15,0
2019-06-27,RELIANCE,EQ,1294.15,1293.15,1296.9,1271.0,1276.0,1274.15,1281.11,11385972,1458665614085000.0,213461.0,6117120.0,0.5373,-0.01545415910056791,-0.017428185849238442,-0.04000753437558857,1281.21,1309.135,0.017612879269294727,0.01352697606990607,0.020327277008201618,1.1483201136918102,1253.1,0
2019-06-28,RELIANCE,EQ,1274.15,1277.1,1282.85,1248.65,1254.0,1253.1,1261.89,8659721,1092760837085000.0,212372.0,4949244.0,0.5715,-0.016520817800102172,-0.020633059788980113,-0.04891654965655956,1275.9299999999998,1305.3025,0.01811740577787384,0.013499010043287555,0.027292315058654395,-0.23943946111934933,1268.85,1
2019-07-01,RELIANCE,EQ,1253.1,1258.05,1272.65,1246.45,1268.9,1268.85,1263.04,6162080,778294594260000.0,145700.0,1723543.0,0.2797,0.0125688293033277,0.005109315589353569,-0.010488965140762696,1277.22,1302.2375,0.018485698356329152,0.013923115469482408,0.0206486188280727,-0.28842049299278816,1278.5,1
2019-07-02,RELIANCE,EQ,1268.85,1273.95,1281.0,1263.3,1279.0,1278.5,1272.92,4638751,590473886435000.0,128065.0,1426211.0,0.3075,0.007605311896599298,-0.013388895319674243,-0.0019516003122560521,1273.75,1298.1525,0.013180639773018872,0.012879158229160052,0.013844348846304299,-0.24721019525874377,1282.55,1
2019-07-03,RELIANCE,EQ,1278.5,1282.9,1286.5,1275.05,1282.0,1282.55,1281.62,4026032,515983485500000.0,144904.0,1524004.0,0.3785,0.0031677747360188135,-0.00896341227832953,0.004070928093318216,1271.4299999999998,1294.6975,0.01344166602252661,0.0129261370218518,0.008927527191922378,-0.13208706395320635,1284.0,1
2019-07-04,RELIANCE,EQ,1282.55,1281.4,1291.0,1280.0,1284.0,1284.0,1285.9,4275148,549740637230000.0,104947.0,1731027.0,0.4049,0.0011305602120774694,0.007730643958717476,-0.009832272990167756,1273.4,1292.53,0.011038804837478681,0.012421405110655134,0.008566978193146417,0.06187630898115071,1263.35,0
2019-07-05,RELIANCE,EQ,1284.0,1285.1,1290.5,1260.0,1262.9,1263.35,1275.14,4995344,636974847175000.0,128927.0,1898594.0,0.3801,-0.01608255451713403,0.00817971430851494,-0.012622118014849582,1275.45,1289.9524999999999,0.010859323241736872,0.012729379342719616,0.024142161712906163,0.16846106848230757,1252.05,0
2019-07-08,RELIANCE,EQ,1263.35,1258.0,1268.1,1248.2,1252.5,1252.05,1256.53,6404544,804748074155000.0,230442.0,2846182.0,0.4443999999999999,-0.00894447302806023,-0.013240335737084719,-0.008198669201521014,1272.09,1286.5975,0.009661279231551839,0.012761111632233514,0.01589393394832464,0.2821026940286795,1280.1,1
2019-07-09,RELIANCE,EQ,1252.05,1248.95,1283.5,1245.5,1283.0,1280.1,1272.67,8016757,1020264942575000.0,190477.0,3696748.0,0.4611,0.022403258655804503,0.0012514665623777343,-0.012154184512096267,1272.4099999999999,1284.145,0.014588611010129067,0.01376975192664084,0.02968518084524647,0.2517295532671804,1278.85,0
2019-07-10,RELIANCE,EQ,1280.1,1280.05,1289.35,1268.7,1277.1,1278.85,1277.53,5494315,701914579325000.0,189719.0,2127946.0,0.3873,-0.0009764862120147377,-0.0028848777825426497,-0.011822431711934644,1271.67,1281.48,0.014504912694422294,0.013738700654878606,0.01614731985768453,-0.31464618423634394,1281.55,1
2019-07-11,RELIANCE,EQ,1278.85,1287.0,1289.8,1279.3,1280.5,1281.55,1284.68,3935460,505581544780000.0,135350.0,1678654.0,0.4265,0.0021112718457989565,-0.0019080996884736079,0.005807793430914643,1271.1799999999998,1279.1950000000002,0.014538962616424546,0.01376134477840707,0.008193203542585152,-0.2837214466225544,1280.5,0
2019-07-12,RELIANCE,EQ,1281.55,1283.0,1300.0,1278.05,1278.55,1280.5,1292.37,7174054,927156781315000.0,170857.0,2943891.0,0.4104,-0.0008193203542584682,0.013575018799224292,0.021865772883249646,1274.61,1277.3425,0.011726528455912336,0.013697526662481406,0.017141741507223775,0.8229264177504028,1276.1,0
2019-07-15,RELIANCE,EQ,1280.5,1285.0,1289.5,1270.35,1276.5,1276.1,1276.79,4873164,622199765785000.0,115484.0,2806704.0,0.5760000000000001,-0.003436157750878688,0.01920849806317637,0.005713835362729958,1279.4199999999998,1277.0325,0.010552629846728367,0.012345821473913495,0.015006660919990669,-0.3207238194750137,1293.0,1
2019-07-16,RELIANCE,EQ,1276.1,1279.95,1294.9,1277.05,1292.1,1293.0,1285.92,4604019,592040797115000.0,143941.0,2151811.0,0.4674,0.013243476216597605,0.010077337707991685,0.011341415721548787,1282.0,1277.6325000000002,0.006572384883166613,0.012701054058226335,0.013805104408352774,-0.05523003124869186,1281.85,0
2019-07-17,RELIANCE,EQ,1293.0,1294.3,1297.0,1280.0,1280.5,1281.85,1287.12,4334958,557959702625000.0,125052.0,2124452.0,0.4901,-0.00862335653518953,0.0023458576064432357,-0.0005457876885891499,1282.6,1277.8574999999998,0.008146499946549575,0.012846998175884097,0.013262082146897064,-0.05844046256107982,1261.85,0
2019-07-18,RELIANCE,EQ,1281.85,1282.0,1286.4,1258.0,1264.9,1261.85,1269.25,5459896,692999708675000.0,154201.0,3041238.0,0.557,-0.015602449584584788,-0.01537201045608838,-0.017250778816199408,1278.66,1276.1125,0.010714810784893069,0.012808034212322655,0.022506637080477152,0.25950378296629406,1249.0,0
2019-07-19,RELIANCE,EQ,1261.85,1268.2,1272.95,1242.7,1253.0,1249.0,1256.85,7468515,938676875240000.0,218081.0,3573381.0,0.4785,-0.010183460791694632,-0.024599765716517008,-0.011358689199350902,1272.36,1274.5875,0.011041368275620326,0.012672283735123937,0.02421937550040032,0.3678859450802725,1280.5,1
2019-07-22,RELIANCE,EQ,1249.0,1251.0,1284.5,1227.3,1278.1,1280.5,1262.08,13300153,1678591390715000.0,324798.0,4610837.0,0.3467,0.025220176140912764,0.0034480056421910543,0.02272273471506736,1273.24,1275.4925,0.0175332607012907,0.013613703221030728,0.04467005076142135,0.7808296562301877,1273.55,0
2019-07-23,RELIANCE,EQ,1280.5,1285.0,1293.9,1260.4,1275.0,1273.55,1281.65,9287951,1190386496200000.0,231082.0,4500528.0,0.4846,-0.005427567356501406,-0.015042536736272316,-0.005116787750956919,1269.35,1274.3775,0.01615772274870309,0.01224483102852114,0.026304424639786425,-0.30166585301687887,1259.1,0
2019-07-24,RELIANCE,EQ,1273.55,1273.5,1278.8,1253.55,1260.0,1259.1,1261.14,6943982,875732063229999.9,214822.0,4092320.0,0.5893,-0.011346236896863093,-0.017747786402465215,-0.015443562575751635,1264.7999999999997,1272.625,0.01644126098754889,0.012470547905781974,0.020054006830275594,-0.25236664146914645,1231.5,0
2019-07-25,RELIANCE,EQ,1259.1,1264.0,1269.05,1227.0,1235.0,1231.5,1245.25,9968545,1241334049980000.0,224275.0,4147870.0,0.4161,-0.02192041934715261,-0.024051987161706978,-0.03905427021965591,1258.73,1270.4924999999998,0.01779413514635287,0.012932149500655254,0.03414535119772631,0.435566077216214,1213.8,0
2019-07-26,RELIANCE,EQ,1231.5,1231.5,1242.5,1210.0,1217.0,1213.8,1222.79,9320481,1139695449955000.0,247585.0,3725754.0,0.3997,-0.014372716199756441,-0.02818254603682946,-0.05208902772354551,1251.69,1268.5275,0.018208817711217806,0.012810240593961597,0.02677541604877245,-0.06501089176003116,1210.95,0
2019-07-29,RELIANCE,EQ,1213.8,1216.9,1222.0,1205.1,1211.4,1210.95,1212.37,8058035,976928835270000.0,209633.0,4222688.0,0.524,-0.00234799802273844,-0.05431472081218269,-0.051053992633806056,1237.78,1265.6325,0.007691315920763389,0.012373954247098168,0.013955984970477798,-0.1354485889730369,1180.9,0
2019-07-30,RELIANCE,EQ,1210.95,1213.95,1220.0,1175.95,1177.6,1180.9,1199.24,9533344,1143278083855000.0,230470.0,5042852.0,0.529,-0.02481522771377842,-0.07274940127988683,-0.08669760247486458,1219.25,1260.7525,0.008916834210225193,0.013114947374148856,0.03730205775256156,0.1830854544563283,1166.25,0
2019-07-31,RELIANCE,EQ,1180.9,1175.75,1185.0,1162.4,1165.2,1166.25,1173.86,9705619,1139303559195000.0,291399.0,5616490.0,0.5787,-0.012405792192395682,-0.07374314986895392,-0.0901821585989,1200.68,1254.9375,0.008821547347805126,0.013136714593883866,0.019378349410503672,0.01807078397674511,1180.25,1
2019-08-01,RELIANCE,EQ,1166.25,1163.4,1188.2,1150.35,1185.75,1180.25,1163.85,10344862,1203990901690000.0,299918.0,5120707.0,0.495,0.012004287245444889,-0.0416159155501421,-0.06466695724531435,1190.43,1249.75,0.013911688378262878,0.013605616485161306,0.03206947680576161,0.0658631870878097,1184.35,1
2019-08-02,RELIANCE,EQ,1180.25,1175.7,1198.25,1162.1,1183.55,1184.35,1181.63,10865385,1283886366900000.0,279007.0,5009673.0,0.4611,0.0034738402880745145,-0.024262646234964658,-0.05176140912730187,1184.54,1245.8,0.014276804437022735,0.01340155378640534,0.030523071727107776,0.05031705594526059,1143.35,0
2019-08-05,RELIANCE,EQ,1184.35,1167.0,1167.0,1128.0,1141.0,1143.35,1143.81,13897461,1589601824525000.0,331944.0,7353421.0,0.5291,-0.03461814497403637,-0.05582393988191103,-0.1071065989847716,1171.02,1240.365,0.019293602179933426,0.01510793625776438,0.03411028993746447,0.2790583122457235,1128.3,0
2019-08-06,RELIANCE,EQ,1143.35,1134.75,1149.6,1122.0,1122.35,1128.3,1137.27,13288909,1511303987255000.0,313122.0,7029679.0,0.529,-0.013163073424585559,-0.044542298247099765,-0.11405127399787995,1160.5,1232.775,0.017902372587967872,0.013822773272847094,0.024461579367189498,-0.04378871795358874,1109.4,0
2019-08-07,RELIANCE,EQ,1128.3,1126.5,1138.55,1103.1,1104.4,1109.4,1118.77,11588879,1296533987815000.0,328317.0,4677011.0,0.4036,-0.01675086413187965,-0.04874598070739544,-0.11889444841553476,1149.1299999999999,1224.3025,0.018215284042790134,0.013958392679372437,0.031954209482603246,-0.12792848532562007,1152.35,1
2019-08-08,RELIANCE,EQ,1109.4,1108.35,1158.0,1095.3,1156.65,1152.35,1124.86,14262936,1604382412140000.0,296960.0,6323162.0,0.4432999999999999,0.038714620515593934,-0.023639059521287975,-0.06427121396670732,1143.55,1217.8425000000002,0.027673614844415554,0.017230500109091534,0.05441055234954662,0.23074337043298154,1162.1,1
2019-08-09,RELIANCE,EQ,1152.35,1161.85,1175.5,1152.3,1161.0,1162.1,1166.33,10043949,1171458530295000.0,251552.0,3975739.0,0.3958,0.008460971059140121,-0.018786676235910016,-0.04259350799143191,1139.1,1211.9225,0.02811776231254729,0.017476712013149383,0.01996385853196803,-0.2958007383613024,1274.75,1
2019-08-13,RELIANCE,EQ,1162.1,1233.15,1302.8,1226.0,1275.3,1274.75,1274.8,47923444,6109290170360000.0,855344.0,17737691.0,0.3701,0.09693658032871544,0.11492543840468805,0.05268590775837145,1165.3799999999999,1211.855,0.04693804715874831,0.02867870445102522,0.06024710727593642,3.7713746853951564,1288.25,1
2019-08-14,RELIANCE,EQ,1274.75,1304.0,1304.45,1280.35,1288.0,1288.25,1292.12,14487137,1871916202230000.0,317664.0,5340545.0,0.3686,0.010590311825848131,0.14176194274572373,0.09090524176475556,1197.3700000000001,1211.6174999999998,0.04345608922400518,0.028621877103187428,0.01870754900058229,-0.6977025065226948,1278.0,0
2019-08-16,RELIANCE,EQ,1288.25,1291.2,1291.8,1273.0,1278.5,1278.0,1280.75,10047496,1286835869355000.0,274722.0,5383619.0,0.5357999999999999,-0.007956530176596144,0.15197404002163317,0.0958199356913183,1231.09,1211.425,0.04133913575220523,0.02861145522449074,0.014710485133020309,-0.30645399432613907,1292.6,1
2019-08-19,RELIANCE,EQ,1278.0,1281.05,1296.8,1280.0,1290.0,1292.6,1289.52,7459859,961964879330000.0,210583.0,3445959.0,0.4619,0.011424100156494532,0.12170781446609102,0.09519169667443328,1259.14,1212.9625,0.04159428949567559,0.02846244820031308,0.012997060188766792,-0.2575404857090762,1275.95,0
2019-08-20,RELIANCE,EQ,1292.6,1289.8,1292.6,1272.6,1278.55,1275.95,1280.83,6843460,876527662140000.0,167203.0,3120955.0,0.456,-0.01288101500850991,0.0979691937010585,0.0773420019419937,1281.91,1214.31,0.04456271589987798,0.02852742343636938,0.01567459539950625,-0.08262877354652409,1270.95,0
2019-08-21,RELIANCE,EQ,1275.95,1275.65,1278.65,1266.5,1271.05,1270.95,1271.42,4881553,620648561230000.0,131602.0,1910801.0,0.3914,-0.003918648849876583,-0.0029809766620905176,0.11160187169283264,1281.15,1213.8325,0.011019800634524153,0.027988047165519957,0.009559778118730156,-0.28668349051503184,1246.75,0
2019-08-22,RELIANCE,EQ,1270.95,1270.95,1271.0,1238.9,1244.2,1246.75,1251.88,6414937,803074857415000.0,178072.0,2560780.0,0.3992,-0.019040874936071428,-0.03221424412963325,0.10498094478418873,1272.85,1212.4924999999998,0.011489624554921194,0.02829048589012594,0.02574694204932818,0.3141180685736691,1275.85,1
2019-08-23,RELIANCE,EQ,1246.75,1239.0,1284.0,1226.5,1276.0,1275.85,1258.18,9741262,1225626286905000.0,216956.0,3046594.0,0.3128,0.02334068578303583,-0.0016823161189358782,0.15003605552550914,1272.42,1213.33,0.017456356314794298,0.0286640250765675,0.04506799388642866,0.5185280853108925,1266.8,0
2019-08-26,RELIANCE,EQ,1275.85,1294.0,1294.0,1259.0,1265.0,1266.8,1274.2,8778739,1118587344345000.0,238915.0,3902952.0,0.4446,-0.007093310342124792,-0.019959771004177562,0.0993187833557514,1267.2599999999998,1215.095,0.016295363828260558,0.028227409345324774,0.02762867066624566,-0.09880886069997907,1274.85,1
2019-08-27,RELIANCE,EQ,1266.8,1285.0,1285.0,1261.2,1274.35,1274.85,1272.49,12984396,1652256964740000.0,271002.0,7846459.0,0.6043000000000001,0.0063545942532363675,-0.0008621027469729592,0.0970226314430771,1267.04,1218.1475,0.015916726192196234,0.027982626842793356,0.018668863003490573,0.4790730194849169,1263.3,0
2019-08-28,RELIANCE,EQ,1274.85,1273.75,1281.0,1256.05,1260.05,1263.3,1266.27,5305639,671839321485000.0,132293.0,1838944.0,0.3465999999999999,-0.009059889398752796,-0.006019119556237573,-0.008982153363404577,1265.5099999999998,1220.7649999999999,0.01638652417616394,0.028087860632912288,0.019749861473917555,-0.5913834574977535,1241.75,0
2019-08-29,RELIANCE,EQ,1263.3,1256.45,1260.25,1235.3,1242.05,1241.75,1247.45,8635974,1077294607515000.0,161172.0,4042596.0,0.4681,-0.017058497585688226,-0.004010427110487269,-0.03609547836211913,1264.5099999999998,1223.8075,0.015859416999388812,0.02774256476410986,0.020092611234145397,0.6276972481542751,1248.55,1
2019-08-30,RELIANCE,EQ,1241.75,1245.5,1254.4,1221.0,1253.0,1248.55,1237.5,11308120,1399383378295000.0,258498.0,5345295.0,0.4727,0.005476142540769002,-0.021397499706078293,-0.023043818466353727,1259.0499999999997,1227.9225,0.010029068974727058,0.027511610453273615,0.02675103119618765,0.30942033869022767,1206.4,0
2019-09-03,RELIANCE,EQ,1248.55,1242.25,1243.0,1200.0,1200.45,1206.4,1222.13,8563009,1046512084825000.0,199762.0,3923254.0,0.4582,-0.033759160626326445,-0.047679191664035225,-0.06668729692093445,1246.97,1229.23,0.016743839623204547,0.028668753801307397,0.03564323607427056,-0.24275573658574545,1201.15,0
2019-09-04,RELIANCE,EQ,1206.4,1200.55,1205.25,1186.05,1202.4,1201.15,1196.0,15063355,1801584114520000.0,267845.0,7565881.0,0.5023,-0.004351790450928372,-0.057810722830136774,-0.05862298679415334,1232.23,1230.0700000000002,0.014758840422473893,0.028693409757226902,0.015984681347042454,0.7591193703054615,1198.6,0
2019-09-05,RELIANCE,EQ,1201.15,1206.8,1213.2,1193.3,1193.4,1198.6,1202.7,10512763,1264372499060000.0,191114.0,3254760.0,0.3096,-0.0021229654914042273,-0.05121507163777417,-0.05692592155474263,1219.2900000000002,1232.8325,0.015387667667826455,0.027458943472851625,0.01660270315367937,-0.3020968436314486,1222.5,1
2019-09-06,RELIANCE,EQ,1198.6,1203.0,1229.0,1195.25,1220.5,1222.5,1215.37,10600234,1288317800555000.0,211038.0,3398248.0,0.3206,0.01993992991823812,-0.015502315280853662,-0.019450571485863266,1215.44,1237.5425,0.01966469698635122,0.02744966452637532,0.027607361963190184,0.008320457714113827,1222.2,0
2019-09-09,RELIANCE,EQ,1222.5,1220.65,1233.0,1213.15,1221.7,1222.2,1224.14,5370758,657455588510000.0,126178.0,1201029.0,0.2236,-0.00024539877300611135,-0.02110448119818986,-0.042050397774032855,1210.17,1243.1825000000001,0.01921206485381118,0.02702634572041285,0.016241204385534207,-0.4933359018300917,1234.4,1
2019-09-11,RELIANCE,EQ,1222.2,1222.5,1240.0,1222.5,1232.05,1234.4,1233.81,5544468,684084213655000.0,141564.0,1711218.0,0.3086,0.009981999672721287,0.023209549071617985,-0.025576255131038783,1215.77,1247.2849999999999,0.010162208597284752,0.025890137038568135,0.014176928062216461,0.03234366545653322,1210.35,0
2019-09-12,RELIANCE,EQ,1234.4,1235.0,1240.45,1205.7,1211.5,1210.35,1222.41,5431139,663910504215000.0,133763.0,1784319.0,0.3285,-0.019483149708360514,0.007659326478790973,-0.0505941875514766,1217.6100000000001,1249.6975,0.014734102675037965,0.0263721096525874,0.028710703515512043,-0.02044001336106549,1225.6,1
2019-09-13,RELIANCE,EQ,1210.35,1212.0,1228.5,1206.9,1226.7,1225.6,1216.36,5919260,719992678400000.0,156260.0,1873608.0,0.3165,0.012599661255008776,0.022526280660770892,-0.02984247605477719,1223.0099999999998,1247.24,0.015262219476706838,0.014541574479073035,0.017624020887728388,0.08987451803387825,1210.75,0
2019-09-16,RELIANCE,EQ,1225.6,1189.0,1219.1,1186.1,1210.6,1210.75,1205.64,9393731,1132544005265000.0,185168.0,3647917.0,0.3883,-0.012116514360313246,-0.009611451942740268,-0.024964767465270765,1220.6599999999999,1243.365,0.013853635998927619,0.014403857889146878,0.02725583316126368,0.5869772572922967,1197.45,0
2019-09-17,RELIANCE,EQ,1210.75,1211.0,1211.0,1193.5,1196.95,1197.45,1201.83,7150435,859360026415000.0,166672.0,3189652.0,0.4461,-0.010984926698327402,-0.020250368188512557,-0.04092747587201151,1215.71,1239.3375,0.01436523579815067,0.014474466660825358,0.014614388909766587,-0.23880777510022377,1205.7,1
2019-09-18,RELIANCE,EQ,1197.45,1204.95,1216.3,1197.2,1209.0,1205.7,1205.99,6827281,823365216185000.0,202069.0,2038379.0,0.2986,0.0068896404860328,-0.023250162022035004,-0.0005802387267904718,1209.9699999999998,1234.9925,0.013662098961167081,0.014268212511398804,0.015841419922036915,-0.04519361409480682,1179.05,0
2019-09-19,RELIANCE,EQ,1205.7,1207.85,1209.7,1172.65,1179.0,1179.05,1189.5,6293454,748607553690000.0,175486.0,1834750.0,0.2915,-0.022103342456664232,-0.025860288346346016,-0.01839903425883538,1203.71,1230.1475,0.014404840260821235,0.014732990043412358,0.03142360374878076,-0.07819027809167367,1254.35,1
2019-09-20,RELIANCE,EQ,1179.05,1187.95,1269.9,1174.3,1254.35,1254.35,1238.4,22019674,2726906745195000.0,392062.0,9257860.0,0.4204,0.06386497604003227,0.023457898172323688,0.046512598031036134,1209.46,1229.3174999999999,0.034466214615957565,0.021123803017860498,0.07621477259138211,2.4988217916584436,1239.2,0
2019-09-23,RELIANCE,EQ,1254.35,1274.15,1281.0,1235.0,1236.35,1239.2,1249.95,9879751,1234923734535000.0,218447.0,3446361.0,0.3488,-0.012077968669031658,0.02349783192236221,0.013660531697341494,1215.15,1228.94,0.034461402232044865,0.020856945811224645,0.03712072304712718,-0.5513216499027188,1278.7,1
2019-09-24,RELIANCE,EQ,1239.2,1243.6,1298.8,1242.75,1277.5,1278.7,1282.47,15982067,2049656083795000.0,378923.0,5249582.0,0.3285,0.03187540348612017,0.06785251993820207,0.046228113238422575,1231.4,1229.0825,0.034783737519510596,0.021440932465529545,0.04383358098068347,0.6176588863423784,1279.55,1
2019-09-25,RELIANCE,EQ,1278.7,1284.0,1295.0,1268.85,1280.6,1279.55,1284.48,8316894,1068285732135000.0,213332.0,2502977.0,0.301,0.0006647376241495362,0.061250725719498966,0.036576474400518366,1246.17,1229.7199999999998,0.035196921228265565,0.021369694615988123,0.020436872337931376,-0.4796108663541455,1296.8,1
2019-09-26,RELIANCE,EQ,1279.55,1292.0,1298.8,1283.5,1296.5,1296.8,1293.25,8389212,1084931088015000.0,186669.0,3376852.0,0.4025,0.013481302020241559,0.09986853822993091,0.07142562068823066,1269.7199999999998,1230.8174999999999,0.029620696402749988,0.021527532958063745,0.011798272671190588,0.008695313418687345,1309.05,1
2019-09-27,RELIANCE,EQ,1296.8,1292.5,1315.0,1284.0,1307.5,1309.05,1307.46,8712980,1139185116590000.0,216408.0,2511179.0,0.2882,0.009446329426280098,0.043608243313269845,0.06808909921671025,1280.66,1233.105,0.016254262350143236,0.021466821649570495,0.023681295596042932,0.038593374443273154,1332.25,1
2019-09-30,RELIANCE,EQ,1309.05,1310.0,1335.75,1305.55,1333.4,1332.25,1322.09,11549746,1526985990695000.0,288338.0,5500331.0,0.4761999999999999,0.01772277605897421,0.07508876694641708,0.10035102209374358,1299.27,1237.63,0.011512899039814862,0.021249702728268944,0.022668418089697915,0.32557930811272384,1304.9,0
2019-10-01,RELIANCE,EQ,1332.25,1337.0,1342.0,1293.3,1303.7,1304.9,1320.17,8192597,1081559623860000.0,199164.0,2523507.0,0.308,-0.020529179958716393,0.020489559709079508,0.08973234790596685,1304.5099999999998,1240.4475,0.015170310406318378,0.02192252679046397,0.03732086749942527,-0.29066864327579156,1311.05,1
2019-10-03,RELIANCE,EQ,1304.9,1286.0,1314.7,1281.3,1311.6,1311.05,1305.35,6183107,807113768955000.0,160832.0,2530785.0,0.4093,0.004713004827956002,0.024618029776093175,0.08737662768516197,1310.81,1245.6799999999998,0.015044826849988393,0.020199716648455306,0.025475763700850532,-0.24528119715884966,1308.1,0
2019-10-04,RELIANCE,EQ,1311.05,1319.9,1328.6,1303.85,1307.75,1308.1,1318.17,6853954,903465371165000.0,185130.0,3099523.0,0.4522,-0.0022501048777697763,0.0087137569401603,0.10945252533819594,1313.0700000000002,1251.0275,0.014452337706933875,0.020157442528216902,0.01892057182172617,0.10849674767070994,1310.1,1
2019-10-07,RELIANCE,EQ,1308.1,1308.1,1320.8,1301.7,1308.9,1310.1,1312.08,4599818,603533316185000.0,121109.0,1835479.0,0.399,0.001528935096705153,0.0008021083992206801,0.0444453302507275,1313.28,1256.6025,0.013828195838685848,0.020111128112291685,0.014579039767956575,-0.32888111008623633,1324.75,1
2019-10-09,RELIANCE,EQ,1310.1,1308.7,1329.95,1292.5,1328.7,1324.75,1309.53,8040938,1052981461900000.0,182007.0,3984784.0,0.4956,0.01118235249217614,-0.005629574028898521,0.06903647514525502,1311.78,1261.715,0.011941210965318265,0.019854305119316802,0.02826948480845446,0.7480991639234422,1362.75,1
2019-10-10,RELIANCE,EQ,1324.75,1325.0,1369.0,1321.0,1360.15,1362.75,1356.95,16003744,2171622202570000.0,375692.0,8609946.0,0.538,0.028684657482543896,0.04433289907272586,0.06573082036443267,1323.35,1268.7424999999998,0.012173207812891891,0.020554293001271484,0.035222894881673086,0.9902832231762015,1352.6,0
2019-10-11,RELIANCE,EQ,1362.75,1363.7,1365.6,1336.55,1350.1,1352.6,1352.25,7587648,1026036769455000.0,224923.0,3400105.0,0.4481,-0.007448174646853878,0.03169215514282442,0.05709038333789218,1331.66,1274.6525,0.01422833530308162,0.02072992188087799,0.02147715510867955,-0.5258829433912464,1358.0,1
2019-10-14,RELIANCE,EQ,1352.6,1364.95,1364.95,1350.85,1356.9,1358.0,1358.27,6123412,831723765880000.0,118992.0,3590983.0,0.5864,0.003992311104539459,0.03814693066279351,0.04719309068476263,1341.6399999999999,1282.035,0.013543597388788594,0.01993289649741492,0.010382916053019246,-0.19297626879897434,1364.15,1
2019-10-15,RELIANCE,EQ,1358.0,1362.5,1370.0,1354.3,1364.15,1364.15,1364.34,4422075,603321499855000.0,144636.0,2043101.0,0.462,0.00452871870397642,0.04125639264178327,0.04209159314006361,1352.45,1288.9625,0.013271804863113938,0.019872940604742713,0.011508998277315576,-0.27784134074271016,1372.35,1
2019-10-16,RELIANCE,EQ,1364.15,1369.9,1379.65,1363.7,1374.5,1372.35,1371.43,8870701,1216557972375000.0,183051.0,5663142.0,0.6384000000000001,0.006011069163948113,0.035931307793923395,0.03009945580784379,1361.97,1297.0425,0.013181306698280116,0.019433151652800653,0.011622399533646698,1.0060041948632712,1396.5,1
2019-10-17,RELIANCE,EQ,1372.35,1375.0,1399.0,1372.0,1394.95,1396.5,1384.72,7332464,1015342150985000.0,164517.0,3665912.0,0.5,0.017597551644988663,0.024766097963676348,0.0701969499578512,1368.72,1306.9950000000001,0.00888671581349867,0.01913139243685303,0.01933404940923738,-0.17340647599327264,1416.35,1
2019-10-18,RELIANCE,EQ,1396.5,1404.0,1427.9,1398.7,1416.0,1416.35,1416.38,12856410,1820958212550000.0,228083.0,5482520.0,0.4264,0.014214106695309647,0.04713145053970136,0.08031730292513628,1381.4699999999998,1317.5275,0.0062198608951440654,0.019181299672981947,0.020616373071627808,0.753354670408201,1414.15,0
2019-10-22,RELIANCE,EQ,1416.35,1425.0,1436.85,1403.35,1417.4,1414.15,1420.93,12703054,1805019587365000.0,317936.0,4811890.0,0.3788,-0.001553288382108775,0.041347569955817454,0.08107178350279054,1392.7,1329.2825,0.007711544382195321,0.01798242171064934,0.023689141887352824,-0.01192836880591086,1392.4,0
2019-10-23,RELIANCE,EQ,1414.15,1416.3,1425.95,1383.15,1394.0,1392.4,1403.41,8432964,1183487791065000.0,214712.0,3936577.0,0.4668,-0.01538026376268431,0.02070886632701674,0.06281963208915364,1398.35,1336.185,0.013224421483618557,0.013492675019480958,0.030738293593794853,-0.3361467250316341,1436.45,1
2019-10-24,RELIANCE,EQ,1392.4,1401.0,1441.4,1386.55,1435.1,1436.45,1415.13,10351384,1464860362925000.0,247194.0,3772686.0,0.3645,0.031636024130996754,0.04670820126061148,0.08431779581053034,1411.17,1346.0475000000001,0.018157677646537355,0.014054916293487218,0.03818441296251184,0.22749059524029747,1431.2,0
2019-10-25,RELIANCE,EQ,1436.45,1441.1,1441.45,1411.25,1428.25,1431.2,1426.02,6190013,882706885825000.0,163477.0,1995488.0,0.3224,-0.0036548435378885857,0.024847833870390357,0.050229315721885825,1418.1100000000001,1353.6725000000001,0.018217923173097162,0.013019910451601514,0.021101173840134185,-0.40201107407473247,1434.25,1
2019-10-27,RELIANCE,EQ,1431.2,1441.0,1445.0,1430.0,1435.5,1434.25,1437.86,1378313,198182520100000.0,39531.0,347306.0,0.252,0.002131078814980425,0.012638119108977275,0.06036522253437826,1421.69,1361.4075,0.01748547221410172,0.012993992325620157,0.010458427749694962,-0.7773327778148447,1467.05,1
2019-10-29,RELIANCE,EQ,1434.25,1445.5,1480.0,1442.1,1470.1,1467.05,1465.55,11780494,1726486167634999.8,321298.0,6278189.0,0.5329,0.02286909534599957,0.03740763002510339,0.08030191458026503,1432.27,1369.92,0.01933595761544074,0.013447611688260025,0.02583415698169803,7.547038299718569,1479.1,1
2019-10-30,RELIANCE,EQ,1467.05,1480.0,1484.55,1460.3,1482.6,1479.1,1471.89,7470723,1099607229565000.0,259287.0,4052278.0,0.5424,0.008213762312123007,0.06226659006032742,0.08426492687754261,1449.6100000000001,1378.4225,0.014664841831180003,0.013435117613438751,0.016395105131498885,-0.3658395819394331,1464.35,0
2019-10-31,RELIANCE,EQ,1479.1,1484.0,1489.65,1461.7,1465.1,1464.35,1471.86,8898168,1309685114235000.0,193629.0,4972388.0,0.5588000000000001,-0.009972280440808556,0.019422882801350516,0.06703829198090872,1455.19,1385.0275,0.012560638159728195,0.01361219123933933,0.019086966913647727,0.19107186814448873,1456.9,0
2019-11-01,RELIANCE,EQ,1464.35,1455.0,1461.8,1441.0,1456.15,1456.9,1451.6,6356579,922724171735000.0,236195.0,3504112.0,0.5513,-0.005087581520811124,0.017956959195081,0.04325098460436805,1460.33,1392.6275,0.012790804204851998,0.012490045508425458,0.014276889285469115,-0.2856305927242552,1457.65,1
2019-11-04,RELIANCE,EQ,1456.9,1465.9,1471.0,1445.1,1460.65,1457.65,1456.28,6429329,936288258355000.0,203644.0,3603931.0,0.5605,0.0005147916809664643,0.016315147289524212,0.029159459173227154,1465.0099999999998,1399.9575,0.01285842724045006,0.012540872998006165,0.017768325729770582,0.011444835343035864,1447.3,0
2019-11-05,RELIANCE,EQ,1457.65,1463.1,1468.95,1441.0,1447.5,1447.3,1449.21,5799318,840441206565000.0,154824.0,3229832.0,0.5569,-0.007100469934483655,-0.013462390511570832,0.023441643390022193,1461.06,1406.9175,0.007200605989761796,0.0127416439873838,0.0193118220134043,-0.09799016351473067,1434.9,0
2019-11-06,RELIANCE,EQ,1447.3,1442.7,1446.45,1428.5,1433.0,1434.9,1436.25,6686289,960319500895000.0,158809.0,3953109.0,0.5912,-0.008567677744765967,-0.029883036981948385,0.030522838264866348,1452.22,1413.1575,0.004088060075571794,0.013087785567058498,0.012509582549306602,0.15294401858977213,1458.6,1
2019-11-07,RELIANCE,EQ,1434.9,1435.0,1463.0,1432.2,1461.0,1458.6,1448.68,6438749,932768834555000.0,135012.0,3465630.0,0.5382,0.016516830441145602,-0.003926656878478485,0.015419958926520039,1451.07,1419.85,0.010246977170735218,0.013281052087915537,0.021116138763197557,-0.03702203120445435,1445.5,0
2019-11-08,RELIANCE,EQ,1458.6,1449.0,1459.65,1441.3,1446.0,1445.5,1448.5,5494844,795928444645000.0,141759.0,2437863.0,0.4437,-0.008981214863567732,-0.007824833550689858,0.009991615427613176,1448.79,1423.9875,0.010792922450929377,0.012371296515715259,0.012694569353165088,-0.14659757664105244,1427.8,0
2019-11-11,RELIANCE,EQ,1445.5,1439.1,1444.25,1422.55,1427.8,1427.8,1431.4,5192423,743241617460000.0,145722.0,2643548.0,0.5091,-0.01224489795918371,-0.020478166912496265,-0.004497123932368896,1442.82,1427.7475,0.01166382525513786,0.012628815690795662,0.015198207031797202,-0.05503723126625615,1472.3,1
2019-11-13,RELIANCE,EQ,1427.8,1430.0,1475.9,1430.0,1469.1,1472.3,1460.74,11532364,1684575133690000.0,213111.0,4972794.0,0.4311999999999999,0.03116683008824772,0.017273543840254257,0.003578610135987148,1447.8200000000002,1433.4625,0.019262478711962377,0.014137384863741206,0.031175711471846834,1.2209985588616337,1462.75,0
2019-11-14,RELIANCE,EQ,1472.3,1476.0,1481.6,1455.8,1458.25,1462.75,1466.92,6518339,956188107655000.0,127557.0,2601168.0,0.3990999999999999,-0.00648644977246482,0.019409018050038362,-0.011054019336082743,1453.3899999999999,1438.3925000000002,0.01895443096045773,0.0143347464548545,0.017638010596479202,-0.4347785935303464,1470.85,1
2019-11-15,RELIANCE,EQ,1462.75,1465.65,1486.8,1463.15,1466.8,1470.85,1476.84,7173674,1059434006620000.0,152000.0,3241407.0,0.4518,0.005537514954708556,0.008398464280817253,0.004438829514801679,1455.84,1443.3174999999999,0.017737944613264108,0.014330931188000308,0.016079137913451315,0.10053711536021681,1459.2,0
2019-11-18,RELIANCE,EQ,1470.85,1472.65,1486.0,1455.4,1460.05,1459.2,1468.4,6435097,944928732240000.0,128242.0,3180530.0,0.4942,-0.00792059013495594,0.00947768938083704,0.00157869448829695,1458.58,1446.4524999999999,0.01758246638261364,0.014150988032353724,0.020970394736842042,-0.10295658821407272,1509.75,1
2019-11-19,RELIANCE,EQ,1459.2,1467.0,1514.9,1465.0,1511.55,1509.75,1496.45,13795569,2064432539465000.0,285115.0,4937220.0,0.3579,0.034642269736842035,0.05739599383667193,0.03574246218227972,1474.97,1451.1225,0.020362397719514015,0.015708320312716892,0.033051829773141306,1.1438012511699513,1547.65,1
2019-11-20,RELIANCE,EQ,1509.75,1555.05,1572.4,1543.2,1548.5,1547.65,1559.65,19904164,3104353402720000.0,376334.0,8724272.0,0.4382999999999999,0.025103493955953127,0.051178428309447854,0.06933600497478065,1490.04,1457.7975,0.019026742878507762,0.016389729115491747,0.018867314961393107,0.44279398696784456,1537.6,0
2019-11-21,RELIANCE,EQ,1547.65,1545.0,1556.0,1528.55,1540.5,1537.6,1538.44,6810577,1047768460220000.0,160090.0,2929568.0,0.4301,-0.006493716279520667,0.05117074004443678,0.07157293191163139,1505.0099999999998,1465.0575000000001,0.019028333907532953,0.01593229257406186,0.017852497398543214,-0.6578315472079108,1546.5,1
2019-11-22,RELIANCE,EQ,1537.6,1542.1,1569.5,1537.6,1548.05,1546.5,1551.32,10218978,1585294745180000.0,200632.0,4268321.0,0.4177,0.00578824141519263,0.051432844953598345,0.060263266145619054,1520.14,1470.56,0.01901338594450648,0.014663539679457922,0.02062722276107345,0.5004570097364731,1561.55,1
2019-11-25,RELIANCE,EQ,1546.5,1551.15,1564.8,1551.0,1562.0,1561.55,1559.1,6924313,1079566673440000.0,119670.0,3320341.0,0.4795,0.009731652117685119,0.07014117324561386,0.08028363887928047,1540.61,1477.0774999999999,0.01623832989992795,0.014610834064626614,0.008837373122858668,-0.32240650679549365,1560.25,0
2019-11-26,RELIANCE,EQ,1561.55,1568.1,1576.35,1556.0,1561.2,1560.25,1563.16,16152137,2524838348115000.0,218748.0,11981538.0,0.7418000000000001,-0.0008325061637475262,0.03344924656400061,0.09276509315030124,1550.7099999999998,1483.3775,0.012036562819530845,0.014650755674003098,0.013042781605511878,1.3326699702916378,1569.85,1
2019-11-27,RELIANCE,EQ,1560.25,1559.95,1575.5,1556.1,1575.1,1569.85,1564.27,4408336,689582980795000.0,107469.0,1986795.0,0.4507,0.0061528601185707466,0.014344328498045344,0.06625687699517768,1555.15,1488.5175,0.006476173742052472,0.013999176957549049,0.012357868586170712,-0.7270741326673987,1580.3,1
2019-11-28,RELIANCE,EQ,1569.85,1572.65,1584.15,1563.95,1582.0,1580.3,1576.23,6284885,990640792185000.0,163816.0,2661145.0,0.4234,0.006656686944612522,0.027770551508844887,0.08036233122543157,1563.6899999999998,1493.5775,0.003868292459701486,0.013975799299695488,0.012782383091818039,0.42568193531527543,1551.15,0
2019-11-29,RELIANCE,EQ,1580.3,1581.95,1581.95,1547.85,1553.0,1551.15,1558.76,8484822,1322583119395000.0,237128.0,5173503.0,0.6097,-0.018445864709232374,0.003006789524733433,0.05459428221776541,1564.62,1497.9175,0.011354382450484932,0.014520539148470396,0.021983689520678293,0.3500361581795053,1586.5,1
2019-12-02,RELIANCE,EQ,1551.15,1600.0,1614.45,1577.0,1586.9,1586.5,1592.74,14275186,2273667135065000.0,273497.0,6992944.0,0.4899,0.022789543242110577,0.01597771445038587,0.08723958333333326,1569.6100000000001,1504.3975,0.014909747354730689,0.015034015053450589,0.023605420737472453,0.6824378873239769,1578.9,0
2019-12-03,RELIANCE,EQ,1586.5,1592.75,1594.0,1572.6,1582.0,1578.9,1580.07,5938786,938368734345000.0,132025.0,3133860.0,0.5277000000000001,-0.004790419161676551,0.011953212626181653,0.045802285146547606,1573.3400000000001,1510.46,0.015282037608989867,0.01515207385246352,0.013553739945531756,-0.5839783803867775,1552.7,0
2019-12-04,RELIANCE,EQ,1578.9,1573.0,1577.5,1533.75,1554.5,1552.7,1551.77,9594828,1488895807940000.0,246981.0,4608716.0,0.4803,-0.016593831148267846,-0.010924610631588894,0.0032630116628435957,1569.91,1515.73,0.017180388690400217,0.01566190532047222,0.02817672441553423,0.6156211050541307,1550.85,0
2019-12-05,RELIANCE,EQ,1552.7,1574.0,1579.75,1544.0,1551.0,1550.85,1561.41,9117022,1423544663255000.0,217414.0,3598940.0,0.3947,-0.0011914729181426997,-0.018635702081883254,0.008617325702393375,1564.02,1521.5275,0.016529176256986706,0.015444737058898508,0.02305187477834736,-0.04979828716054102,1554.9,1
2019-12-06,RELIANCE,EQ,1550.85,1553.0,1568.0,1541.1,1554.5,1554.9,1555.3,5982129,930400486950000.0,127437.0,1885092.0,0.3151,0.0026114711287359427,0.002417561164297366,0.005431619786615105,1564.77,1526.3425000000002,0.014355395886812039,0.015162268128697164,0.01730014791948041,-0.3438505468123253,1572.6,1
2019-12-09,RELIANCE,EQ,1554.9,1556.15,1577.4,1546.5,1572.95,1572.6,1565.26,5779807,904692467140000.0,142669.0,2531122.0,0.4379,0.011383368705382813,-0.008761424519382333,0.0070763023918543055,1561.99,1532.6975,0.01026398446280919,0.014976057103424159,0.01964898893552085,-0.03382106938850704,1561.95,0
2019-12-10,RELIANCE,EQ,1572.6,1572.05,1573.6,1554.15,1564.9,1561.95,1561.68,4650906,726324918805000.0,135279.0,2193614.0,0.4717,-0.006772224341854205,-0.010735322059661767,0.0010895689793302132,1558.6,1539.4050000000002,0.010448979004958999,0.014704846456594936,0.012452383238899975,-0.19531811356330753,1562.4,1
2019-12-11,RELIANCE,EQ,1561.95,1555.6,1574.5,1550.6,1561.0,1562.4,1560.15,5652698,881904687775000.0,159685.0,2602643.0,0.4604,0.00028810141169688386,0.006247182327558498,-0.004745676338503535,1560.54,1543.9099999999999,0.006629101151417768,0.013325189251792824,0.015296979006656483,0.21539717207787046,1568.2,1
2019-12-12,RELIANCE,EQ,1562.4,1570.25,1573.85,1556.65,1571.1,1568.2,1564.76,4720977,738720605995000.0,134048.0,2509810.0,0.5316,0.003712237583205269,0.011187413353967335,-0.0076567740302473375,1564.01,1549.1825,0.006537137291824814,0.013134497477141719,0.010967988776941601,-0.16482766282578687,1582.9,1
2019-12-13,RELIANCE,EQ,1568.2,1580.0,1590.0,1572.4,1584.05,1582.9,1580.61,5791522,915416008940000.0,138857.0,2543114.0,0.4391,0.009373804361688665,0.01800758891247023,0.020468684524385106,1569.6100000000001,1554.785,0.007288379608197679,0.013192659833510277,0.011118832522585071,0.2267634432449046,1566.6,0
2019-12-16,RELIANCE,EQ,1582.9,1592.0,1593.9,1564.35,1571.0,1566.6,1575.62,5436951,856656869420000.0,143743.0,2335358.0,0.4295,-0.0102975551203488,-0.0038153376573827336,-0.012543334383863902,1568.41,1560.155,0.007919959552560413,0.01331357385961568,0.01886250478743788,-0.06122242132551681,1562.7,0
2019-12-17,RELIANCE,EQ,1566.6,1566.75,1579.0,1555.55,1567.0,1562.7,1564.71,9291724,1453883462790000.0,188391.0,5268563.0,0.5670000000000001,-0.002489467636920595,0.00048016901949488044,-0.01026030780923426,1568.5600000000002,1562.8025,0.007312661399262174,0.011181104860050408,0.01500607922185963,0.7089953541976008,1575.85,1
2019-12-18,RELIANCE,EQ,1562.7,1563.0,1580.0,1562.0,1577.15,1575.85,1569.63,6739582,1057866243420000.0,220134.0,3537553.0,0.5249,0.008414922889870002,0.00860855094726043,0.014909512462162544,1571.25,1564.2125,0.008208385599399513,0.00989837115934928,0.01142240695497668,-0.27466829621714983,1609.95,1
2019-12-19,RELIANCE,EQ,1575.85,1573.7,1614.9,1571.8,1613.0,1609.95,1595.68,9375484,1496026969860000.0,194045.0,4087484.0,0.436,0.02163911539803931,0.026622879734727656,0.038108134248960424,1579.6,1567.83,0.012219051562295127,0.010747452031158742,0.026771017733470067,0.39110763842624063,1599.1,0
2019-12-20,RELIANCE,EQ,1609.95,1615.0,1617.55,1596.1,1600.0,1599.1,1604.6,9724619,1560413177850000.0,164538.0,4876789.0,0.5015,-0.006739339731047678,0.010234379935561089,0.028426265354685176,1582.84,1570.46,0.012986066008285611,0.010900882488041509,0.013413795259833685,0.037239144133785596,1571.4,0
2019-12-23,RELIANCE,EQ,1599.1,1560.1,1577.55,1557.8,1570.95,1571.4,1567.33,11478429,1799049303975000.0,259306.0,4767846.0,0.4154,-0.017322243762116107,0.003063960168517843,-0.0007630675314763691,1583.8,1570.9524999999999,0.014902049663774767,0.011516862609247377,0.012568410334733358,0.18034742543641036,1546.45,0
2019-12-24,RELIANCE,EQ,1571.4,1568.9,1572.05,1542.5,1544.5,1546.45,1555.42,8251144,1283395516285000.0,194127.0,4099215.0,0.4968,-0.015877561410207464,-0.010398668970371783,-0.00992349306956053,1580.55,1570.2625,0.016711485281026325,0.012077742366964005,0.01910828025477704,-0.2811608626929696,1515.4,0
2019-12-26,RELIANCE,EQ,1546.45,1541.65,1552.95,1510.15,1515.8,1515.4,1527.47,13605737,2078234900520000.0,208335.0,5789002.0,0.4255,-0.02007824371948652,-0.038360250023796616,-0.030081925243215513,1568.46,1567.5400000000002,0.017134647649021863,0.012737785191163978,0.028243368087633596,0.648951587804067,1542.35,1
2019-12-27,RELIANCE,EQ,1515.4,1527.0,1546.2,1521.3,1542.0,1542.35,1533.58,8081591,1239378150450000.0,160454.0,2660881.0,0.3293,0.017784083410320672,-0.04198888164228709,-0.01648386685371772,1554.94,1565.6425,0.015493989682041255,0.013349699421780135,0.016144195545758157,-0.4060159328377434,1544.2,1
2019-12-30,RELIANCE,EQ,1542.35,1545.95,1547.65,1528.05,1546.25,1544.2,1538.15,7828402,1204128737885000.0,141979.0,3041526.0,0.3885,0.0011994683437612785,-0.03433181164404975,-0.024448796512729798,1543.96,1565.295,0.01610731818471922,0.012716273059934242,0.0126926563916592,-0.03132910339065664,1514.05,0
2019-12-31,RELIANCE,EQ,1544.2,1542.0,1543.7,1508.05,1516.0,1514.05,1525.14,10150467,1548092427360000.0,220938.0,5044928.0,0.497,-0.019524672969822632,-0.03649611811123843,-0.03354398059491892,1532.4900000000002,1561.6725000000001,0.01649054958372075,0.012209108400023724,0.023546118027806276,0.29662056189756214,1509.6,0
2020-01-01,RELIANCE,EQ,1514.05,1518.0,1527.1,1505.5,1511.8,1509.6,1515.23,6402372,970106310340000.0,122265.0,1523290.0,0.2379,-0.0029391367524190803,-0.023828769116363335,-0.03397965060472263,1525.12,1558.2075,0.015809008483982902,0.012195952990766305,0.014308426073131895,-0.3692534540529022,1535.3,1
2020-01-02,RELIANCE,EQ,1509.6,1512.0,1540.95,1512.0,1534.1,1535.3,1530.86,8096561,1239470967575000.0,151727.0,3386321.0,0.4182,0.017024377318495043,0.013131846377194112,-0.025732144556905756,1529.1,1557.3375,0.015497616879443987,0.012418188281165074,0.018856249592913467,0.26461895684911774,1537.15,1
2020-01-03,RELIANCE,EQ,1535.3,1533.0,1541.65,1523.0,1536.0,1537.15,1532.73,9593498,1470428307180000.0,149003.0,5288843.0,0.5513,0.0012049762261447938,-0.0033714785878690146,-0.0452187956147706,1528.06,1556.6525,0.013045394439162722,0.01242262487560737,0.012132843248869719,0.18488553349996373,1501.5,0
2020-01-06,RELIANCE,EQ,1537.15,1520.0,1527.9,1498.0,1499.9,1501.5,1512.57,11209343,1695493679960000.0,225138.0,6398638.0,0.5708,-0.02319227141137825,-0.02765185856754304,-0.06103433181164397,1519.52,1553.9824999999998,0.016344487956089216,0.013398299485929936,0.019913419913419973,0.16843126459191415,1524.6,1
2020-01-07,RELIANCE,EQ,1501.5,1519.0,1534.5,1513.5,1526.95,1524.6,1523.12,7627191,1161709633505000.0,180713.0,3049916.0,0.3999,0.01538461538461533,0.006968065783824917,-0.029782359679267012,1521.6299999999999,1551.5825,0.01630406403528947,0.013631168630379394,0.013774104683195593,-0.31956841716771445,1513.15,0
2020-01-08,RELIANCE,EQ,1524.6,1515.0,1534.45,1510.0,1514.0,1513.15,1518.24,7336561,1113864361780000.0,169662.0,2863686.0,0.3903,-0.0075101666010756185,0.002351616322204597,-0.02153318891655076,1522.34,1549.1425,0.016737356679443323,0.013647292866774916,0.01615834517397485,-0.038104460737904744,1548.0,1
2020-01-09,RELIANCE,EQ,1513.15,1538.6,1550.0,1531.25,1549.5,1548.0,1541.76,6849606,1056043196280000.0,154953.0,2657056.0,0.3879,0.023031424511779974,0.00827199895785835,0.021512471954599377,1524.8799999999999,1548.4225000000001,0.018350481749627938,0.014710055292246595,0.012112403100775194,-0.06637374104842853,1547.65,0
2020-01-10,RELIANCE,EQ,1548.0,1551.9,1557.95,1539.65,1546.85,1547.65,1549.42,5704686,883895416535000.0,136340.0,2546462.0,0.4464,-0.00022609819121444108,0.0068308232768434785,0.0034363147145590744,1526.98,1547.395,0.018372911712978637,0.014678999410622492,0.011824378897037413,-0.16715122008477568,1543.7,0
2020-01-13,RELIANCE,EQ,1547.65,1545.05,1558.7,1538.4,1539.85,1543.7,1548.94,8358090,1294614680655000.0,143022.0,5030540.0,0.6019,-0.0025522566471747332,0.028105228105228086,-0.00032379225488921026,1535.42,1545.435,0.012960219745690798,0.014495436875323488,0.013150223489019857,0.46512709025527443,1529.4,0
2020-01-14,RELIANCE,EQ,1543.7,1540.0,1550.0,1521.85,1529.1,1529.4,1533.76,7230788,1109026262840000.0,173502.0,3796096.0,0.525,-0.009263457925762775,0.0031483667847305163,0.010138370595422996,1536.3799999999999,1543.575,0.013007734207382405,0.014462910657588913,0.018405910814698632,-0.13487555171097698,1523.85,0
2020-01-15,RELIANCE,EQ,1529.4,1535.85,1539.9,1518.25,1524.1,1523.85,1526.75,7231393,1104055071500000.0,212172.0,3990113.0,0.5518,-0.003628874068262178,0.007071341241780216,0.009439586645469067,1538.52,1541.6325000000002,0.012501559276103382,0.014470907187924384,0.014207435115004819,8.366999557996024e-05,1537.9,1
2020-01-16,RELIANCE,EQ,1523.85,1529.0,1543.35,1528.0,1538.7,1537.9,1535.41,5873662,901850836720000.0,164724.0,2552659.0,0.4346,0.009220067591954706,-0.006524547803617553,0.0016934801016088574,1536.5,1539.7350000000001,0.006749686341118161,0.014500032443498416,0.009981143117237731,-0.18775511163616743,1581.0,1
2020-01-17,RELIANCE,EQ,1537.9,1553.5,1584.95,1553.2,1581.0,1581.0,1573.0,13469708,2118790726825000.0,279304.0,5551881.0,0.4122,0.02802522920866113,0.021548799793234874,0.028526819113294133,1543.17,1538.2875,0.014839670962377377,0.015086023886849018,0.02008222643896268,1.2932385281958685,1532.35,0
2020-01-20,RELIANCE,EQ,1581.0,1609.0,1609.0,1526.4,1532.2,1532.35,1557.85,14878868,2317910084245000.0,338270.0,5239886.0,0.3522,-0.030771663504111424,-0.007352464857161456,0.020546120546120594,1540.9,1534.95,0.02184066639642786,0.0164770483345489,0.053904134173002195,0.10461696719780411,1533.9,1
2020-01-21,RELIANCE,EQ,1532.35,1528.6,1545.85,1522.0,1535.0,1533.9,1535.68,8650831,1328489187110000.0,233395.0,3328773.0,0.3848,0.0010115182562731029,0.00294233032561797,0.006099960645415292,1541.8,1533.075,0.02138069289327994,0.016085108844663545,0.015548601603755074,-0.41858271744866615,1533.35,0
2020-01-22,RELIANCE,EQ,1533.9,1544.0,1546.75,1531.1,1535.25,1533.35,1538.16,4719245,725895421565000.0,143828.0,2043807.0,0.4331,-0.00035856313970938913,0.006234209403812807,0.013349634867660054,1543.7,1532.42,0.02126212876004258,0.01570369807672894,0.01020641079988267,-0.4544749515971356,1526.85,0
2020-01-23,RELIANCE,EQ,1533.35,1536.5,1541.95,1520.7,1529.6,1526.85,1528.79,5142088,786118715120000.0,149239.0,2364600.0,0.4599,-0.004239084357778755,-0.007185122569738023,-0.01366279069767451,1541.4900000000002,1532.9924999999998,0.02087708102033988,0.015039531957744625,0.013917542653174839,0.08959971351349627,1521.55,0
2020-01-24,RELIANCE,EQ,1526.85,1527.0,1536.35,1518.55,1524.05,1521.55,1525.74,6687633,1020359471260000.0,152146.0,3325568.0,0.4972999999999999,-0.0034711988734976718,-0.03760278304870335,-0.016864278099053442,1529.6,1531.9524999999999,0.013151611573781408,0.014493779496871442,0.011698596825605439,0.30056759044185943,1506.55,0
2020-01-27,RELIANCE,EQ,1521.55,1514.9,1524.45,1505.0,1508.0,1506.55,1513.43,6120429,926281508630000.0,130826.0,2671210.0,0.4364,-0.009858368111465232,-0.016836884523770634,-0.024065556779166997,1524.44,1530.07,0.004216931958709026,0.014632620108650548,0.012910291726129267,-0.08481386463641172,1471.75,0
2020-01-28,RELIANCE,EQ,1506.55,1508.6,1510.0,1463.6,1473.5,1471.75,1485.82,11215313,1666398852440000.0,271852.0,6064582.0,0.5407000000000001,-0.023099133782483072,-0.040517634787143986,-0.03769452072708257,1512.0099999999998,1527.955,0.009003787789979465,0.014888684945958854,0.03152709359605917,0.8324390332769158,1479.85,1
2020-01-29,RELIANCE,EQ,1471.75,1474.05,1494.4,1464.05,1480.0,1479.85,1479.34,11313297,1673617282755000.0,254760.0,4513527.0,0.399,0.005503652114829283,-0.034890925098640224,-0.028874233028185148,1501.31,1526.4675000000002,0.010532846216246783,0.014959595393433545,0.020508835354934717,0.008736626432093386,1443.75,0
2020-01-30,RELIANCE,EQ,1479.85,1479.0,1479.7,1440.0,1443.0,1443.75,1452.4,10241756,1487511666740000.0,231136.0,4854357.0,0.474,-0.02439436429367836,-0.05442577856370956,-0.06121984524351398,1484.6899999999998,1521.8899999999999,0.01280755959473498,0.015214084252336758,0.027497835497835528,-0.0947151833811134,1411.65,0
2020-01-31,RELIANCE,EQ,1443.75,1453.0,1453.25,1407.2,1410.0,1411.65,1425.75,15886673,2265037455680000.0,330774.0,8885318.0,0.5593,-0.02223376623376616,-0.0722289770300022,-0.10711574952561664,1462.71,1515.615,0.012775415833988219,0.015769054637878806,0.03262140048878968,0.5511669092682934,1383.35,0
2020-02-01,RELIANCE,EQ,1411.65,1405.3,1426.95,1371.1,1372.0,1383.35,1402.89,11022901,1546388956165000.0,243212.0,3263872.0,0.2961,-0.020047462189636378,-0.08177624373568748,-0.0972362710868927,1438.0700000000002,1509.7075,0.012598248717440134,0.015583572114029423,0.040373007554125956,-0.30615422121422153,1385.5,1
2020-02-03,RELIANCE,EQ,1383.35,1369.9,1399.95,1363.05,1386.0,1385.5,1380.77,14040626,1938689266065000.0,370104.0,6963618.0,0.496,0.0015541981421911544,-0.05860370307457108,-0.09674685442336528,1420.8200000000002,1502.7525,0.014258127381731706,0.014974277021336337,0.02663298448213648,0.2737686748706172,1426.4,1
2020-02-04,RELIANCE,EQ,1385.5,1400.0,1432.5,1397.8,1427.5,1426.4,1419.31,11604666,1647059899660000.0,286666.0,5299061.0,0.4565999999999999,0.029520028870444026,-0.03611852552623562,-0.06974924185606668,1410.1299999999999,1498.415,0.022976522250157984,0.01678398503302974,0.0243269770050477,-0.17349368895660355,1448.5,1
2020-02-05,RELIANCE,EQ,1426.4,1434.9,1452.8,1430.3,1446.3,1448.5,1442.46,8444823,1218135064445000.0,242039.0,3774342.0,0.4468999999999999,0.015493550196298278,0.003290043290043343,-0.05131479844123521,1411.08,1493.44,0.022396785121679516,0.016249180941594183,0.015533310321021747,-0.2722907320210681,1457.8,1
2020-02-06,RELIANCE,EQ,1448.5,1454.1,1467.0,1440.1,1455.0,1457.8,1452.93,7103715,1032120399595000.0,163247.0,2877846.0,0.4051,0.0064204349326890675,0.032692239577798876,-0.04189806447372746,1420.31,1488.9475,0.018303017903833308,0.016380442985087073,0.018452462614899225,-0.1588083018436266,1433.65,0
2020-02-07,RELIANCE,EQ,1457.8,1451.0,1452.35,1428.3,1432.0,1433.65,1437.06,5581641,802113886945000.0,134128.0,2493746.0,0.4468,-0.01656605844423098,0.03636100769870265,-0.04838870266502926,1430.3700000000001,1483.445,0.017060475925172194,0.016663928989805024,0.016775363582464307,-0.2142645080778156,1435.6,1
2020-02-10,RELIANCE,EQ,1433.65,1428.0,1445.5,1410.45,1442.2,1435.6,1424.41,6922631,986065864855000.0,143055.0,3096467.0,0.4473,0.001360164614794268,0.03616023096355092,-0.024562595549515898,1440.39,1478.755,0.01707698150192706,0.016641833548137648,0.024414878796322065,0.24025013432429643,1452.75,1
2020-02-11,RELIANCE,EQ,1435.6,1447.4,1466.2,1445.05,1454.5,1452.75,1457.22,6400245,932654962215000.0,224142.0,2779570.0,0.4343,0.011946224575090536,0.018473079080201904,-0.018312666824340296,1445.66,1475.2,0.012556591934273192,0.016973351469568493,0.01455859576664952,-0.07546061605768095,1470.3,1
2020-02-12,RELIANCE,EQ,1452.75,1456.15,1474.85,1455.0,1473.15,1470.3,1465.86,6187091,906938078760000.0,192511.0,3063711.0,0.4952,0.012080536912751683,0.015050051777701023,0.0183896103896104,1450.02,1471.8200000000002,0.0118289741487383,0.017086755194980496,0.01350064612664076,-0.033304037579811374,1474.15,1
2020-02-13,RELIANCE,EQ,1470.3,1477.75,1477.75,1462.6,1470.45,1474.15,1470.71,6201763,912096612020000.0,116464.0,2969412.0,0.4788,0.002618513228592967,0.011215530251063255,0.04427443063082204,1453.29,1466.4775,0.011679262801741745,0.015609260694263055,0.010277108842383807,0.0023713890744454513,1487.6,1
2020-02-14,RELIANCE,EQ,1474.15,1477.25,1501.45,1453.1,1485.85,1487.6,1483.41,9704655,1439596176000000.0,229509.0,3144368.0,0.324,0.009123901909574794,0.03763122100931171,0.07536053782484542,1464.08,1464.24,0.005120700705636179,0.014428621012399416,0.03250201667114825,0.564821970784759,1478.25,0
2020-02-17,RELIANCE,EQ,1487.6,1489.0,1506.15,1474.3,1478.5,1478.25,1487.62,6011340,894261063900000.0,150631.0,2236062.0,0.372,-0.006285291745092736,0.029708832543884123,0.06694334175387939,1472.61,1461.4575,0.007816630509199344,0.014457144651122397,0.021545746659902002,-0.38057148863097146,1467.4,0
2020-02-18,RELIANCE,EQ,1478.25,1475.9,1475.9,1457.4,1466.9,1467.4,1465.63,5086964,745560306065000.0,142911.0,2468083.0,0.4852,-0.007339759851175298,0.010084322836000803,0.028743690409422262,1475.54,1458.1599999999999,0.008783779111826654,0.014506063112430216,0.01260733269728772,-0.15377203751576185,1503.8,1
2020-02-19,RELIANCE,EQ,1467.4,1479.35,1506.45,1475.1,1504.5,1503.8,1497.34,6438918,964126921650000.0,249278.0,2453851.0,0.3811,0.02480577892871727,0.02278446575528803,0.03817742492233345,1482.24,1457.0075000000002,0.013169204044782315,0.015686072697902037,0.02084718712594769,0.26576834434055363,1485.95,0
2020-02-20,RELIANCE,EQ,1503.8,1497.0,1508.0,1483.8,1487.0,1485.95,1495.83,7722577,1155166967725000.0,176470.0,4689093.0,0.6072,-0.011869929511903132,0.008004612827731128,0.0193099190561119,1484.6,1455.2275,0.015154336145307179,0.01587702061670019,0.01628587772132309,0.1993594265371914,1444.95,0
2020-02-24,RELIANCE,EQ,1485.95,1469.75,1477.0,1439.55,1447.1,1444.95,1462.78,9769743,1429100452425000.0,237165.0,6097347.0,0.6241,-0.027591776304720872,-0.028670341489647644,0.007881979562654795,1476.07,1452.1475,0.01904561782088633,0.01685885210923542,0.025917851828783034,0.2650884542815177,1416.4,0
2020-02-25,RELIANCE,EQ,1444.95,1451.4,1451.4,1410.0,1420.0,1416.4,1432.47,12684109,1816957225945000.0,281387.0,8329207.0,0.6567000000000001,-0.019758469151181624,-0.041840013529511166,-0.01337419894120917,1463.7000000000003,1449.38,0.020081803240602533,0.016653583291539424,0.029229031347077158,0.2983052880715491,1392.0,0
2020-02-26,RELIANCE,EQ,1416.4,1410.0,1412.35,1387.35,1389.5,1392.0,1399.83,13423661,1879080883550000.0,268512.0,8145083.0,0.6068,-0.017226772098277388,-0.0513833992094862,-0.041817243159525064,1448.6200000000001,1444.9875,0.020440919410177665,0.016903871128402477,0.017959770114942528,0.0583053961456812,1386.25,0
2020-02-27,RELIANCE,EQ,1392.0,1388.0,1393.8,1369.0,1380.45,1386.25,1381.33,11454300,1582217575220000.0,240043.0,6101634.0,0.5327000000000001,-0.004130747126436796,-0.07816863944673491,-0.057165204380058454,1425.1100000000001,1442.1125,0.008773115722725978,0.01613894208513049,0.017889990982867414,-0.14670818936801222,1328.65,0
2020-02-28,RELIANCE,EQ,1386.25,1354.9,1357.0,1325.0,1327.0,1328.65,1338.96,17973847,2406620101235000.0,373466.0,9944010.0,0.5532,-0.04155094679891791,-0.1058582051885999,-0.09870094630804194,1393.65,1437.9625,0.01378960169890267,0.017901303526667696,0.024084597147480524,0.5691789982801219,1316.15,0
2020-03-02,RELIANCE,EQ,1328.65,1355.1,1369.0,1301.1,1322.0,1316.15,1343.4,13486634,1811799064490000.0,274282.0,7208383.0,0.5345000000000001,-0.009408045760734618,-0.08913803245787044,-0.11525275611723573,1367.89,1434.6025,0.014349685832910885,0.017518027337044675,0.051589864377160725,-0.24965234209459997,1342.85,1
2020-03-03,RELIANCE,EQ,1316.15,1329.7,1353.9,1322.0,1346.35,1342.85,1339.28,12525809,1677551880370000.0,275521.0,6009681.0,0.4798,0.02028644151502479,-0.05192742163230735,-0.09159479113817015,1353.1799999999998,1432.4699999999998,0.022354704877089585,0.018223753940792044,0.02375544550768894,-0.07124275782971501,1339.7,0
2020-03-04,RELIANCE,EQ,1342.85,1352.0,1353.8,1307.9,1349.0,1339.7,1331.24,10105782,1345321301165000.0,297606.0,4158028.0,0.4115,-0.0023457571582826686,-0.03757183908045969,-0.08702466948344012,1342.72,1428.135,0.022209724223640707,0.016707772636912404,0.03426140180637446,-0.1932032493869258,1311.15,0
2020-03-05,RELIANCE,EQ,1339.7,1352.2,1357.95,1306.0,1309.9,1311.15,1327.07,13948324,1851036725280000.0,319378.0,6943317.0,0.4978,-0.021310741210718742,-0.054174932371505835,-0.12810879106264117,1327.7,1421.2675000000002,0.02289024551977991,0.01659044727532375,0.03962170613583499,0.3802320295450663,1271.0,0
2020-03-06,RELIANCE,EQ,1311.15,1270.0,1288.15,1241.1,1269.85,1271.0,1271.62,15422068,1961097459930000.0,389652.0,9634796.0,0.6247,-0.03062197307706982,-0.04338990704850798,-0.14465493455365253,1316.17,1411.9275,0.01949803338222055,0.01731919433599608,0.03701809598741163,0.1056574252218403,1114.15,0
2020-03-09,RELIANCE,EQ,1271.0,1240.05,1241.0,1095.0,1104.5,1114.15,1143.56,40317808,4610595314880000.0,846382.0,19195053.0,0.4761,-0.12340676632572767,-0.1534779470425104,-0.22893525727533826,1275.77,1395.9525,0.05496191630217139,0.031333367887990744,0.13104160122066147,1.6142932322694983,1153.55,1
2020-03-11,RELIANCE,EQ,1114.15,1108.0,1178.45,1108.0,1152.0,1153.55,1157.92,27237627,3153898752110000.0,490124.0,12424367.0,0.4561,0.03536328142530176,-0.1409688349406114,-0.18557610844394246,1237.91,1381.85,0.05879208981488836,0.03297760113525773,0.06107234190108799,-0.3244268884856042,1063.0,0
2020-03-12,RELIANCE,EQ,1153.55,1085.0,1101.0,1048.7,1059.0,1063.0,1076.2,25588170,2753804902435000.0,646095.0,13287100.0,0.5193,-0.0784968141823068,-0.20653877733821002,-0.23635057471264365,1182.5700000000002,1362.3625,0.060181606194819215,0.03583897239264209,0.049200376293508895,-0.06055802878863126,1105.3,1
2020-03-13,RELIANCE,EQ,1063.0,998.0,1140.0,942.4,1116.95,1105.3,1053.35,33509757,3529740443819999.5,706395.0,14587908.0,0.4353,0.03979303857008465,-0.1569995805209169,-0.20266907123534716,1141.4,1344.1125,0.07108044298989595,0.037435275141073074,0.17877499321451193,0.309580052031857,1015.7,0
2020-03-16,RELIANCE,EQ,1105.3,1060.55,1079.7,1005.0,1012.2,1015.7,1046.83,17594729,1841874588600000.0,441083.0,8819285.0,0.5012,-0.08106396453451548,-0.20086546026750585,-0.23553983366575093,1090.34,1321.19,0.07442998840938081,0.04012280969128122,0.07354533819041059,-0.474937135473707,1008.0,0
2020-03-17,RELIANCE,EQ,1015.7,1047.25,1060.0,1003.2,1011.5,1008.0,1034.68,20777442,2149799455900000.0,463953.0,10596500.0,0.51,-0.007580978635423841,-0.0952744244491317,-0.2341298484215325,1069.11,1297.21,0.05901773223903618,0.03970780714691699,0.0563492063492063,0.18089014045058605,968.5,0
2020-03-18,RELIANCE,EQ,1008.0,1025.3,1035.9,961.0,976.45,968.5,992.19,20450497,2029077626375000.0,499736.0,8751121.0,0.4279,-0.03918650793650791,-0.16041784057908193,-0.27877275942957136,1032.1,1271.7225,0.05089906530366252,0.03985694935638216,0.07733608673205998,-0.015735575149241177,917.7,0
2020-03-19,RELIANCE,EQ,968.5,920.1,967.0,892.2,917.7,917.7,918.86,28072062,2579436027380000.0,636588.0,13023488.0,0.4639,-0.05245224574083629,-0.1366886171213546,-0.3149958946032694,1003.0400000000002,1244.2375,0.04623748202661742,0.040368138509779015,0.08150811812139037,0.3726836076404403,1017.95,1
2020-03-20,RELIANCE,EQ,917.7,939.5,1034.9,930.0,1028.0,1017.95,983.98,28967526,2850344436195000.0,589033.0,12676996.0,0.4376,0.10924049253568713,-0.07902831810368216,-0.2236204858330474,985.57,1219.945,0.07389133221208467,0.04904586479498615,0.10305024804754663,0.031898761124138364,884.05,0
2020-03-23,RELIANCE,EQ,1017.95,916.2,950.0,875.65,891.0,884.05,899.32,18593713,1672161510625000.0,569206.0,9759892.0,0.5249,-0.13153887715506662,-0.1296150438121494,-0.30444531864673485,959.2400000000001,1189.85,0.08750274651217241,0.05515632612971057,0.08410157796504726,-0.35811870851518357,943.4,1
2020-03-24,RELIANCE,EQ,884.05,930.0,970.0,895.8,946.0,943.4,934.85,20919322,1955650021385000.0,590891.0,8384530.0,0.4008,0.06713421186584467,-0.06408730158730158,-0.15325584526320524,946.32,1164.7725,0.0969428717319117,0.058792402101628255,0.07865168539325848,0.1250750186366758,1082.25,1
2020-03-25,RELIANCE,EQ,943.4,963.8,1151.55,963.25,1074.0,1082.25,1053.49,33433126,3522133845485000.0,799060.0,16920113.0,0.5061,0.14718041127835502,0.1174496644295302,-0.06180919769407478,969.07,1148.065,0.11646958159371976,0.06959818355783967,0.17398937398937395,0.5981935743424189,1066.2,0
2020-03-26,RELIANCE,EQ,1082.25,1095.8,1116.9,1042.35,1069.0,1066.2,1074.95,20912934,2248032415035000.0,592742.0,8024956.0,0.3837,-0.014830214830214739,0.16181758744687813,0.0030103480714958053,998.7700000000001,1131.775,0.11106979242005716,0.0695890810188744,0.06992121553179532,-0.37448463538826726,1065.6,0
2020-03-27,RELIANCE,EQ,1066.2,1095.0,1107.3,1046.2,1067.95,1065.6,1070.06,19044644,2037889593060000.0,502817.0,8854044.0,0.4649,-0.0005627462014632378,0.046809764723218183,-0.03591785035736905,1008.3,1115.7424999999998,0.10342112463564034,0.06961204292811692,0.05733858858858851,-0.0893365799366076,1030.45,0
2020-03-30,RELIANCE,EQ,1065.6,1040.6,1074.8,1020.0,1031.5,1030.45,1044.14,13820286,1443030400265000.0,386770.0,5108078.0,0.3696,-0.03298611111111094,0.16560149312821681,0.014522004528896293,1037.58,1100.8325,0.07411222896917491,0.0694388332152789,0.05318064923091848,-0.2743216412971542,1113.75,1
2020-03-31,RELIANCE,EQ,1030.45,1073.95,1129.8,1048.0,1100.0,1113.75,1093.37,20249909,2214067656855000.0,506536.0,8062531.0,0.3982,0.08083846863021016,0.18057027771888912,0.10491071428571419,1071.65,1090.7125,0.07591306680860406,0.07237280937202108,0.07344556677890007,0.46523082083829514,1080.45,0
2020-04-01,RELIANCE,EQ,1113.75,1122.25,1124.6,1045.2,1084.0,1080.45,1072.84,19017099,2040236541420000.0,414675.0,7771573.0,0.4087,-0.02989898989898987,-0.0016632016632016633,0.1155911202891069,1071.2900000000002,1077.5925000000002,0.04673283629448857,0.07228970600353722,0.07348789856078473,-0.0608797797560473,1077.45,0
2020-04-03,RELIANCE,EQ,1080.45,1134.45,1134.45,1056.3,1088.0,1077.45,1077.52,18912044,2037809522965000.0,519365.0,6471589.0,0.3422,-0.0027766208524225844,0.010551491277433822,0.17407649558679306,1073.54,1064.48,0.04604943983868686,0.07228789086252849,0.07253236809132682,-0.005524239001963416,1206.1,1
2020-04-07,RELIANCE,EQ,1077.45,1102.1,1214.0,1100.0,1211.0,1206.1,1161.27,24859057,2886799230370000.0,556669.0,9176463.0,0.3691,0.11940229244976552,0.1318506006006006,0.1848322609165478,1101.64,1059.2275,0.06920838937580265,0.07761246725510568,0.094519525744134,0.31445638557101496,1192.15,0
2020-04-08,RELIANCE,EQ,1206.1,1180.0,1229.0,1160.0,1197.0,1192.15,1194.6,22803774,2724144306790000.0,538577.0,7545325.0,0.3309,-0.011566205123953122,0.156921733223349,0.34850969967762024,1133.98,1055.285,0.0651154121407789,0.0773503736669889,0.05787862265654489,-0.08267743221313661,1219.95,1
2020-04-09,RELIANCE,EQ,1192.15,1214.0,1232.8,1193.0,1217.75,1219.95,1214.91,15101711,1834721424730000.0,368355.0,4543136.0,0.3008,0.023319213186260068,0.0953535353535353,0.29314182743269024,1155.2199999999998,1060.5750000000003,0.0589416652464998,0.07182770228541495,0.03262428788065081,-0.3377538735474225,1189.15,0
2020-04-13,RELIANCE,EQ,1219.95,1203.95,1215.0,1180.0,1192.5,1189.15,1191.64,10822871,1289699348810000.0,263593.0,2785395.0,0.2573999999999999,-0.025246936349850313,0.10060622888611226,0.09877569877569892,1176.96,1062.355,0.05799214681670863,0.07184515979348215,0.02943278812597233,-0.2833347823965112,1149.85,0
2020-04-15,RELIANCE,EQ,1189.15,1197.05,1236.0,1143.0,1157.5,1149.85,1191.73,16147959,1924398163060000.0,404270.0,5315163.0,0.3292,-0.033048816381449075,0.06719569353566279,0.07845619958731942,1191.44,1066.6975,0.06245478277433864,0.06979000091626278,0.0808801147975823,0.49202175651913427,1168.05,1
2020-04-16,RELIANCE,EQ,1149.85,1149.85,1187.45,1145.0,1170.0,1168.05,1172.19,17123533,2007195551150000.0,387003.0,6815679.0,0.3979999999999999,0.015828151498021414,-0.03154796451372188,0.09614301801801806,1183.8300000000002,1069.835,0.02484475798320632,0.0693875987707173,0.036342622319250076,0.06041469389413234,1224.0,1
2020-04-17,RELIANCE,EQ,1168.05,1216.0,1230.0,1192.65,1229.9,1224.0,1208.12,15209707,1837511620500000.0,322391.0,5515033.0,0.3626,0.04790034673173249,0.026716436690013667,0.1878305594643117,1190.2,1080.25,0.03410665746638538,0.06691603193290073,0.030514705882352867,-0.11176583710849863,1243.8,1
2020-04-20,RELIANCE,EQ,1224.0,1226.0,1257.0,1202.0,1248.1,1243.8,1228.75,16472339,2024040416815000.0,365965.0,3828855.0,0.2324,0.016176470588235237,0.019549981556621132,0.11676767676767663,1194.97,1092.04,0.0333275119565218,0.0667709722196244,0.044219327866216435,0.0830148799053132,1237.35,0
2020-04-21,RELIANCE,EQ,1243.8,1210.0,1252.0,1164.0,1251.5,1237.35,1204.07,28057706,3378347800015000.0,573205.0,8180117.0,0.2915,-0.005185721177038194,0.04053315393348167,0.14521727058170186,1204.61,1105.4824999999998,0.02991021062123553,0.06580770669201474,0.07111973168464865,0.7033225214706909,1363.6,1
2020-04-22,RELIANCE,EQ,1237.35,1320.0,1384.9,1300.0,1359.0,1363.6,1341.48,65230894,8750594271139998.0,1194059.0,15175508.0,0.2326,0.10203256960439644,0.18589381223637869,0.2655807694092531,1247.3600000000001,1127.7775,0.04182089125620114,0.0666159378472427,0.0622616603109417,1.3248833671576712,1370.9,1
2020-04-23,RELIANCE,EQ,1363.6,1367.35,1385.85,1353.3,1370.15,1370.9,1369.1,29928331,4097491612055001.0,612506.0,9233839.0,0.3085,0.005353476092695875,0.17366551089422555,0.13663875300555528,1287.9299999999998,1145.425,0.04328019324267147,0.0634355124032307,0.02374352615070388,-0.541193916489938,1417.0,1
2020-04-24,RELIANCE,EQ,1370.9,1350.15,1494.95,1347.2,1425.8,1417.0,1431.67,61711388,8835029613564998.0,1154959.0,9965286.0,0.1614999999999999,0.0336275439492304,0.1576797385620916,0.18860881600469726,1326.53,1172.0724999999998,0.042537109577296825,0.052987977459320164,0.1042695836273818,1.0619722496386452,1429.75,1
2020-04-27,RELIANCE,EQ,1417.0,1434.0,1475.0,1423.0,1431.0,1429.75,1448.31,26736512,3872269950495000.0,594518.0,4031654.0,0.1508,0.00899788285109393,0.1495015275767808,0.17197426124021464,1363.7199999999998,1196.3899999999999,0.043252371695763875,0.05215070113254953,0.03636999475432768,-0.566749138748913,1428.15,0
2020-04-28,RELIANCE,EQ,1429.75,1450.0,1455.45,1392.15,1430.0,1428.15,1421.22,35866381,5097411134065000.0,746066.0,7100366.0,0.198,-0.0011190767616715558,0.15420050915262462,0.20098389606021105,1401.88,1213.685,0.04248100106348446,0.04322918048357851,0.0443230753072156,0.34147569436132885,1426.95,0
2020-04-29,RELIANCE,EQ,1428.15,1444.9,1453.65,1420.0,1427.0,1426.95,1436.42,17141540,2462240411635000.0,389293.0,4350009.0,0.2537999999999999,-0.0008402478731226459,0.04645790554414786,0.24098795495064596,1414.55,1231.7225,0.014307614640535711,0.04283567371663228,0.023581765303619672,-0.5220722157610493,1466.0,1
2020-04-30,RELIANCE,EQ,1426.95,1453.95,1494.95,1438.05,1464.0,1466.0,1467.88,32617901,4787925596005000.0,663204.0,9287707.0,0.2847,0.027366060478643206,0.06937048654168798,0.25508325842215673,1433.5700000000002,1251.7425,0.016100917617160274,0.04273917867168515,0.038813096862210156,0.9028570945200955,1435.2,0
2020-05-04,RELIANCE,EQ,1466.0,1440.0,1465.0,1417.45,1435.0,1435.2,1442.94,24439240,3526436475075000.0,544309.0,8018280.0,0.3281,-0.021009549795361515,0.012844036697247763,0.1725490196078432,1437.21,1271.98,0.017587901520991767,0.042082150464447306,0.03313127090301,-0.2507414870135267,1460.65,1
2020-05-05,RELIANCE,EQ,1435.2,1453.7,1479.0,1447.2,1462.65,1460.65,1464.23,20528706,3005869794935000.0,412545.0,4924874.0,0.2399,0.017732720178372352,0.021612169959783323,0.17434474995980076,1443.39,1289.325,0.01876674993848061,0.0393615927527077,0.02177112929175364,-0.16001045859036533,1460.75,1
2020-05-06,RELIANCE,EQ,1460.65,1464.0,1484.95,1445.5,1461.5,1460.75,1468.54,18510304,2718319666305000.0,425042.0,4155906.0,0.2245,6.846267072879719e-05,0.022826733886496475,0.18054713702671044,1449.91,1308.34,0.018686371122157652,0.03813985202836046,0.027006674653431487,-0.09832095603103286,1506.95,1
2020-05-07,RELIANCE,EQ,1460.75,1455.0,1513.65,1445.0,1512.0,1506.95,1484.86,22871529,3396106599695000.0,465254.0,5286803.0,0.2312,0.031627588567516796,0.05606363222257271,0.10512613669697868,1465.91,1329.815,0.021694822651898423,0.038031202852339095,0.04555559242177915,0.23561066312038959,1561.8,1
2020-05-08,RELIANCE,EQ,1506.95,1545.0,1579.9,1537.1,1559.45,1561.8,1560.62,38522385,6011862877050000.0,727915.0,12438706.0,0.3229,0.03639802249576962,0.06534788540245562,0.1392515865489823,1485.0700000000002,1347.6,0.023668125231410608,0.03001876895257522,0.02740427711614815,0.6842942594699288,1576.8,1
2020-05-11,RELIANCE,EQ,1561.8,1580.0,1615.0,1572.3,1575.0,1576.8,1592.89,30670404,4885456634785000.0,576001.0,11723342.0,0.3822,0.009604302727622027,0.09866220735785936,0.11277346506704311,1513.39,1366.8325,0.015086403166106542,0.029459354307359506,0.027080162354134987,-0.20382904641028843,1479.25,0
2020-05-12,RELIANCE,EQ,1576.8,1564.8,1568.35,1465.0,1486.45,1479.25,1511.39,46029119,6956801166314999.0,807575.0,18435434.0,0.4004999999999999,-0.06186580416032472,0.012734056755554057,0.03462143731421574,1517.11,1379.7975,0.039352926744678524,0.03393243592282642,0.06986648639513261,0.5007666348314159,1496.45,1
2020-05-13,RELIANCE,EQ,1479.25,1527.0,1527.0,1454.0,1492.5,1496.45,1481.1,30658051,4540763280400000.0,615366.0,6403617.0,0.2089,0.011627513942876533,0.024439500256717483,0.04782410811189308,1524.25,1395.1625,0.03946479325797828,0.03288968373748716,0.04878211767850579,-0.333942259464058,1435.95,0
2020-05-14,RELIANCE,EQ,1496.45,1469.0,1496.7,1430.05,1437.0,1435.95,1457.61,22736714,3314119147035000.0,494402.0,7400518.0,0.3254999999999999,-0.04042901533629595,-0.04711503367729519,0.0063071586250393885,1510.05,1409.4675,0.0406667820981144,0.03345894242857972,0.04641526515547205,-0.25837705730217486,1459.4,1
2020-05-15,RELIANCE,EQ,1435.95,1444.0,1466.7,1415.1,1453.2,1459.4,1439.85,28683432,4129982801010000.0,592403.0,7448167.0,0.2597,0.016330652181482774,-0.06556537328723255,-0.004502046384720293,1489.5700000000002,1424.035,0.03576995762339582,0.03346239827033596,0.0353569960257641,0.26154694121586797,1440.75,0
2020-05-18,RELIANCE,EQ,1459.4,1470.0,1482.0,1428.0,1442.55,1440.75,1452.86,28981620,4210627020025000.0,575336.0,5396937.0,0.1862,-0.012779224338769435,-0.08628234398782342,0.0038670568561871566,1462.3600000000001,1434.8725,0.03357545841629855,0.03275263640799047,0.03748047891723061,0.010395827110228684,1408.9,0
2020-05-19,RELIANCE,EQ,1440.75,1457.0,1461.7,1403.25,1409.1,1408.9,1436.68,19529216,2805721457520000.0,424987.0,4452799.0,0.228,-0.022106541731736873,-0.04755788406286965,-0.03542943210214633,1448.2900000000002,1443.1275,0.023663645757060245,0.0334040196895372,0.04148626588118393,-0.32615167820156366,1433.7,1
2020-05-20,RELIANCE,EQ,1408.9,1410.0,1446.85,1393.0,1437.4,1433.7,1426.52,25530692,3641994058150000.0,446373.0,6638736.0,0.26,0.01760238483923615,-0.04193257375789372,-0.018517884648297067,1435.74,1452.9450000000002,0.025102576770693077,0.03336331617447692,0.03756015902908552,0.30730757445665,1441.25,1
2020-05-21,RELIANCE,EQ,1433.7,1435.0,1461.45,1425.0,1440.0,1441.25,1443.94,18077196,2610245875325000.0,353235.0,5286704.0,0.2925,0.0052660947199554275,0.0036909363139385754,-0.043597995952088686,1436.8,1456.8274999999999,0.01769571024046057,0.02495157613336751,0.025290546400693874,-0.2919425764096014,1431.55,0
2020-05-22,RELIANCE,EQ,1441.25,1451.8,1458.0,1426.5,1433.0,1431.55,1442.31,17458503,2518059322525000.0,388907.0,4083814.0,0.2339,-0.006730268863833544,-0.019083184870494763,-0.08339736201818415,1431.23,1459.8600000000001,0.015528890978884708,0.02503958590345932,0.022004121406866684,-0.03422505348727756,1424.05,0
2020-05-26,RELIANCE,EQ,1431.55,1448.15,1449.7,1416.3,1426.0,1424.05,1428.7,15330793,2190316611245000.0,341795.0,7437964.0,0.4852,-0.005239076525444419,-0.01159118514662505,-0.09687341451040077,1427.8899999999999,1460.2125,0.01478088409003925,0.023979842904074376,0.023454232646325686,-0.12187241941648719,1445.55,1
2020-05-27,RELIANCE,EQ,1424.05,1431.0,1454.0,1412.0,1449.85,1445.55,1430.2,16460764,2354223051425000.0,348477.0,6524302.0,0.3964,0.015097784487904109,0.026013201788629425,-0.022781815109008008,1435.22,1461.0025,0.011214892865627438,0.024131589425008933,0.029054685067967212,0.07370597202636553,1472.25,1
2020-05-28,RELIANCE,EQ,1445.55,1455.0,1479.75,1449.0,1471.05,1472.25,1467.5,18519252,2717698063640000.0,405603.0,8377100.0,0.4523,0.018470478364636334,0.02688847039129527,-0.0161716061345184,1442.9299999999998,1463.2075,0.011458971233920633,0.024443848810724454,0.020886398369842078,0.12505421984058573,1464.4,0
2020-05-29,RELIANCE,EQ,1472.25,1468.0,1472.0,1452.65,1470.0,1464.4,1462.79,18471770,2702028585140000.0,300018.0,10292573.0,0.5572,-0.005331974868398648,0.01606244579358207,0.01981266757199074,1447.56,1465.08,0.012423298485114,0.024490067715638265,0.013213602840753829,-0.002563926448001297,1520.35,1
2020-06-01,RELIANCE,EQ,1464.4,1480.0,1538.35,1475.95,1521.9,1520.35,1512.99,18434065,2789047562010000.0,354436.0,5711151.0,0.3098,0.03820677410543549,0.062030666061262174,0.04176373852268034,1465.3200000000002,1467.7975000000001,0.0182725994596776,0.02520037537515178,0.041043180846515516,-0.0020412229039231677,1535.7,1
2020-06-02,RELIANCE,EQ,1520.35,1526.0,1540.0,1520.8,1537.95,1535.7,1531.68,10224102,1566004488385000.0,224472.0,3522633.0,0.3445,0.010096359390929788,0.07840314595695386,0.06590317542946389,1487.65,1472.8224999999998,0.015712805890732654,0.024651195356846498,0.012502441883180337,-0.44536910334210067,1541.65,1
2020-06-03,RELIANCE,EQ,1535.7,1545.0,1560.0,1533.35,1543.0,1541.65,1543.74,11713666,1808282455640000.0,227825.0,5197313.0,0.4437,0.00387445464608982,0.06647988654837267,0.09422244304066996,1506.8700000000001,1476.8725,0.016530695848361147,0.024429241501529378,0.01728667336944189,0.145691426004944,1579.8,1
2020-06-04,RELIANCE,EQ,1541.65,1544.0,1589.5,1541.0,1576.0,1579.8,1570.24,15784612,2478556088055000.0,356122.0,4083577.0,0.2587,0.024746213472577994,0.07305145185939876,0.10190416405105673,1528.38,1482.825,0.017265808445760644,0.024892763763276125,0.03070008861881251,0.3475381661044459,1581.7,1
2020-06-05,RELIANCE,EQ,1579.8,1595.0,1618.0,1573.7,1579.2,1581.7,1596.41,15270435,2437790539185000.0,339237.0,3362416.0,0.2202,0.0012026838840359932,0.08010106528270966,0.09745013009540338,1551.84,1486.5625,0.015570624921364415,0.02404512380937399,0.028007839666181925,-0.0325745732616044,1569.5,0
2020-06-08,RELIANCE,EQ,1581.7,1618.4,1618.4,1565.0,1571.8,1569.5,1588.27,14498055,2302689748670000.0,322987.0,3584176.0,0.2472,-0.007713219953214945,0.032328082349459164,0.09636408089134152,1561.67,1486.9475,0.012070745061687862,0.022781530364881928,0.03402357438674743,-0.050580091529809024,1537.15,0
2020-06-09,RELIANCE,EQ,1569.5,1560.3,1583.0,1533.0,1535.9,1537.15,1555.91,11934073,1856833540730000.0,307011.0,2953746.0,0.2475,-0.02061165976425605,0.0009441948297193026,0.07942136863171956,1561.96,1484.9650000000001,0.01667871491606974,0.023144759817837906,0.032527729889730995,-0.1768500671296943,1572.15,1
2020-06-10,RELIANCE,EQ,1537.15,1543.1,1579.55,1540.05,1575.0,1572.15,1556.73,10214426,1590105805065000.0,262174.0,2815033.0,0.2756,0.022769410922811595,0.019783997664839514,0.0875791221334441,1568.06,1489.6100000000001,0.019579475849144747,0.018753970033831946,0.025124829055751675,-0.14409556569664017,1537.7,0
2020-06-11,RELIANCE,EQ,1572.15,1566.0,1567.95,1531.0,1538.8,1537.7,1546.33,9408283,1454830292485000.0,269490.0,3034020.0,0.3225,-0.02191266736634545,-0.026648942904164974,0.04445576498556636,1559.64,1491.6725000000001,0.018346777625963553,0.019449077431870004,0.024029394550302428,-0.0789220069732749,1588.8,1
2020-06-12,RELIANCE,EQ,1537.7,1500.0,1593.0,1497.0,1588.7,1588.8,1552.68,17790565,2762301809770000.0,337575.0,4514688.0,0.2537999999999999,0.033231449567535876,0.004488841120313447,0.08494946735864506,1561.06,1499.315,0.025399957821024808,0.018003875523696058,0.06042296072507553,0.890947051656503,1614.55,1
2020-06-15,RELIANCE,EQ,1588.8,1565.0,1626.95,1561.1,1612.3,1614.55,1593.39,24509162,3905273719875000.0,467105.0,5136354.0,0.2096,0.016207200402819755,0.02870340872889443,0.06195941723945153,1570.0700000000002,1507.0724999999998,0.02556476754420452,0.017999887759656403,0.04078535814932962,0.37764944508507736,1617.7,1
2020-06-16,RELIANCE,EQ,1614.55,1643.0,1648.55,1585.3,1614.05,1617.7,1617.17,23623299,3820298264270000.0,424919.0,5774484.0,0.2444,0.0019510080208107183,0.05240217285235671,0.05339584554274923,1586.1799999999998,1515.9199999999998,0.021351128702592963,0.01751971378368977,0.039098720405514,-0.036144157029930235,1615.35,0
2020-06-17,RELIANCE,EQ,1617.7,1608.25,1635.45,1602.1,1611.85,1615.35,1618.64,19282519,3121151893820000.0,299203.0,7420780.0,0.3848,-0.0014526797304816874,0.027478294055910624,0.04780592222618618,1594.8200000000002,1526.2425,0.02059133244135156,0.016348200093674912,0.020645680502677524,-0.18374994957308888,1655.9,1
2020-06-18,RELIANCE,EQ,1615.35,1607.0,1665.0,1605.6,1662.9,1655.9,1636.4,18677694,3056409828265000.0,327308.0,7786788.0,0.4169,0.025102918872071278,0.07686804968459393,0.04817065451322966,1618.4599999999998,1537.3525,0.014806068008694304,0.016687063124482333,0.03587173138474551,-0.03136649314334916,1759.4,1
2020-06-19,RELIANCE,EQ,1655.9,1670.0,1788.8,1662.0,1763.2,1759.4,1727.35,48828852,8434432144680000.0,752773.0,15752717.0,0.3226,0.06250377438251098,0.10737663645518647,0.11234747423658087,1652.58,1553.26,0.025638157470930227,0.020727769566362707,0.07207002387177444,1.6142869671170326,1746.15,0
2020-06-22,RELIANCE,EQ,1759.4,1773.4,1804.2,1735.0,1752.5,1746.15,1771.18,27781772,4920665188920000.0,613265.0,7287358.0,0.2623,-0.007530976469250827,0.08150877953609381,0.11255176807900602,1678.9,1568.9900000000002,0.028727492569243382,0.020762982253477662,0.03963004323798072,-0.43103778069572474,1720.9,0
2020-06-23,RELIANCE,EQ,1746.15,1750.0,1763.75,1716.1,1721.7,1720.9,1731.86,17521196,3034431052195000.0,400333.0,2789706.0,0.3486999999999999,-0.014460384273974225,0.06379427582370045,0.11953940734476132,1699.5400000000002,1583.8325,0.03154931752000564,0.021220817907201504,0.027688999941890922,-0.3693276296414786,1727.85,1
2020-06-24,RELIANCE,EQ,1720.9,1735.9,1772.7,1711.7,1732.5,1727.85,1739.65,23808524,4141852347535000.0,488048.0,5829283.0,0.2448,0.004038584461618866,0.06964434952177556,0.09903635149317802,1722.0400000000002,1597.9475,0.031018837834479743,0.021217462622316226,0.03530399050843534,0.35884125718358506,1717.9,0
2020-06-25,RELIANCE,EQ,1727.85,1727.0,1749.0,1713.05,1719.0,1717.9,1728.41,18312705,3165180389275000.0,318478.0,6775567.0,0.37,-0.0057586017304741555,0.03744187450933034,0.11718800806399177,1734.44,1610.23,0.03130911124218859,0.021349739099672183,0.020926712847080763,-0.23083409118515708,1741.65,1
2020-06-26,RELIANCE,EQ,1717.9,1728.8,1752.0,1717.0,1750.0,1741.65,1731.91,14270695,2471550575070000.0,279769.0,5042368.0,0.3533,0.013825018918447007,-0.010088666590883255,0.09620468277945626,1730.89,1624.0925000000002,0.011032600635672912,0.021150920526266288,0.020095886085034306,-0.22072162468624923,1723.15,0
2020-06-29,RELIANCE,EQ,1741.65,1728.05,1739.75,1715.55,1722.7,1723.15,1724.38,11825126,2039105554105000.0,225499.0,4609009.0,0.3898,-0.01062211121637524,-0.013171835180253666,0.06726332414604697,1726.2900000000002,1634.2324999999998,0.01149838790011352,0.020396621882370704,0.014044047239068012,-0.17136999984934165,1704.1,0
2020-06-30,RELIANCE,EQ,1723.15,1737.0,1741.0,1695.55,1707.5,1704.1,1718.1,13973038,2400709396615000.0,277133.0,5567451.0,0.3984,-0.011055334706787101,-0.009762333662618472,0.053409161154725826,1722.9299999999998,1642.6525000000001,0.010692592538029037,0.020744336212306667,0.02667097001349689,0.18163967132358683,1737.6,1
2020-07-01,RELIANCE,EQ,1704.1,1720.0,1749.0,1708.05,1736.25,1737.6,1730.01,13136706,2272657031095000.0,256982.0,3073568.0,0.2339999999999999,0.019658470747021983,0.005642850941921962,0.07568019314699592,1724.8799999999999,1652.45,0.01447828956828099,0.02098146206785637,0.02356698895027627,-0.059853268845329155,1760.35,1
2020-07-02,RELIANCE,EQ,1737.6,1743.0,1767.6,1735.05,1759.5,1760.35,1755.2,13286760,2332086411230000.0,262833.0,3239259.0,0.2438,0.013092771639042322,0.024710402235287088,0.06307748052418605,1733.3700000000001,1661.4775000000002,0.014663447412633441,0.020597790098170823,0.018490641065697137,0.011422498151363092,1787.9,1
2020-07-03,RELIANCE,EQ,1760.35,1779.8,1793.0,1768.0,1788.0,1787.9,1781.69,13584004,2420250819965000.0,254096.0,3420711.0,0.2518,0.015650296815974185,0.026555278040938157,0.016198704103671746,1742.6200000000001,1671.7875,0.014958460579118971,0.02068774468144588,0.013982884948822641,0.022371443451977724,1851.8,1
2020-07-06,RELIANCE,EQ,1787.9,1805.0,1858.0,1792.1,1855.0,1851.8,1832.66,21698149,3976530108135000.0,442095.0,5644923.0,0.2602,0.03574025392919067,0.07465978005397078,0.06050453855625215,1768.35,1685.9025000000001,0.016837963261097606,0.021402966278700357,0.035586996435900256,0.5973308753442652,1823.45,0
2020-07-07,RELIANCE,EQ,1851.8,1860.0,1864.35,1806.3,1822.15,1823.45,1831.78,16240102,2974822412905000.0,386666.0,4751023.0,0.2925,-0.015309428664002533,0.07003696966140494,0.059590911732233076,1792.22,1700.2175,0.01848630174644929,0.021053131240448164,0.031835257341851955,-0.2515443598437821,1798.0,0
2020-07-08,RELIANCE,EQ,1823.45,1824.05,1834.95,1790.0,1795.4,1798.0,1812.33,12093523,2191748925865000.0,285951.0,4348610.0,0.3596,-0.013957059420329654,0.03476058931860049,0.04059958908470063,1804.3,1711.5100000000002,0.021649776214796305,0.021368366014570605,0.025000000000000026,-0.2553296155405921,1824.25,1
2020-07-09,RELIANCE,EQ,1798.0,1809.0,1835.0,1786.25,1826.75,1824.25,1813.36,16807403,3047787759950000.0,352813.0,4527046.0,0.2693,0.014599555061179048,0.03629959951146078,0.06190697945165602,1817.08,1725.8375,0.02176521217044419,0.02030627229045089,0.02672331094970536,0.3897855074985179,1878.05,1
2020-07-10,RELIANCE,EQ,1824.25,1828.5,1884.6,1824.25,1880.2,1878.05,1859.58,20195490,3755518497170000.0,455198.0,4248376.0,0.2104,0.029491571878854206,0.05042228312545438,0.07831653891424795,1835.11,1740.3,0.023864628679304403,0.020085201873067123,0.03213439471792546,0.20158301672185752,1935.0,1
2020-07-13,RELIANCE,EQ,1878.05,1903.35,1947.7,1900.0,1938.7,1935.0,1927.07,32124397,6190584082260000.0,615947.0,6448206.0,0.2007,0.030324006283112936,0.04492925801922465,0.12294344659489886,1851.75,1756.3225000000002,0.022494128450747792,0.02060836906416216,0.0246511627906977,0.5906718282151113,1917.0,0
2020-07-14,RELIANCE,EQ,1935.0,1934.0,1941.7,1887.3,1915.0,1917.0,1917.96,31073591,5959778712870000.0,569875.0,8520789.0,0.2742,-0.009302325581395321,0.05130384710301894,0.12493398274749135,1870.4599999999998,1771.2875,0.020978535641188636,0.02096979048637381,0.02837767344809603,-0.032710528387505655,1844.0,0
2020-07-15,RELIANCE,EQ,1917.0,1937.95,1978.8,1798.0,1842.35,1844.0,1917.63,64458598,1.2360795532325e+16,1285533.0,10789672.0,0.1674,-0.038080333854981774,0.025583982202447064,0.06123388581952116,1879.6599999999999,1782.72,0.029124471397996905,0.023368075253735087,0.09804772234273317,1.0743852231304714,1843.4,0
2020-07-16,RELIANCE,EQ,1844.0,1847.0,1869.0,1812.45,1842.05,1843.4,1844.01,28133993,5187942116565000.0,543130.0,6562839.0,0.2332999999999999,-0.00032537960954437395,0.01049746471152524,0.04717811798790028,1883.4900000000002,1792.0949999999998,0.028708581591024407,0.023014499287728658,0.030677009873060622,-0.5635338981465281,1911.7,1
2020-07-17,RELIANCE,EQ,1843.4,1845.0,1920.0,1838.0,1916.0,1911.7,1876.25,22949535,4305916108230001.0,487421.0,4591431.0,0.2001,0.03705110122599531,0.017917520832778644,0.06924324626656975,1890.22,1799.7100000000003,0.0306256497986146,0.0202403274369477,0.04289375948109013,-0.18427736155333518,1919.9,1
2020-07-20,RELIANCE,EQ,1911.7,1917.8,1932.0,1899.65,1921.95,1919.9,1916.93,16887752,3237260446620000.0,339625.0,3836078.0,0.2271999999999999,0.004289375948109075,-0.007803617571059407,0.036775029700831796,1887.2,1808.3975000000003,0.027017700859178977,0.020046687473749047,0.016849835928954584,-0.26413532997509537,1971.55,1
2020-07-21,RELIANCE,EQ,1919.9,1939.0,1977.0,1936.5,1973.5,1971.55,1962.43,19463498,3819568933000000.0,375090.0,5672596.0,0.2914,0.0269024428355642,0.028455920709441918,0.08121966601771358,1898.1100000000001,1820.9299999999998,0.029099356514009165,0.020072999989994574,0.020542212979635315,0.1525215434238969,2004.0,1
2020-07-22,RELIANCE,EQ,1971.55,1983.0,2010.0,1960.7,2004.0,2004.0,1993.46,27584769,5498912061660000.0,547567.0,8711054.0,0.3157999999999999,0.01645913114047315,0.08676789587852496,0.11457174638487211,1930.1100000000001,1834.7375,0.015508454213263708,0.020168055564490327,0.02460079840319359,0.4172564972647774,2057.8,1
2020-07-23,RELIANCE,EQ,2004.0,2003.95,2079.7,1991.35,2076.0,2057.8,2035.95,26921058,5481005838790000.0,498584.0,9589647.0,0.3561999999999999,0.02684630738522964,0.11630682434631656,0.1280252158421269,1972.9900000000002,1851.7325,0.01242924211625892,0.020345537798006758,0.04293420157449699,-0.024060777887971452,2146.15,1
2020-07-24,RELIANCE,EQ,2057.8,2058.0,2163.0,2057.8,2148.4,2146.15,2128.53,55656793,1.1846687631235e+16,1078097.0,12522509.0,0.225,0.0429342015744969,0.12263953549197049,0.14275445275684895,2019.8800000000003,1871.9575,0.014309817891810524,0.02168603051602378,0.04901800899284757,1.0674073433518103,2156.2,1
2020-07-27,RELIANCE,EQ,2146.15,2178.8,2198.8,2127.9,2154.95,2156.2,2169.68,37060949,8041027631185002.0,781374.0,5262824.0,0.142,0.004682804091046711,0.12307932704828373,0.11431524547803606,2067.1400000000003,1893.61,0.014178347638748694,0.02115688712497278,0.032881921899638296,-0.33411634047976857,2177.7,1
2020-07-28,RELIANCE,EQ,2156.2,2156.2,2194.0,2150.65,2177.0,2177.7,2175.67,25435618,5533958039380000.0,528044.0,5577191.0,0.2193,0.009971245710045373,0.10456240014202023,0.13599374021909227,2108.37,1917.2900000000002,0.015169211793520043,0.02048979002811617,0.01990632318501167,-0.3136814170624719,2096.65,0
2020-07-29,RELIANCE,EQ,2177.7,2177.9,2182.8,2070.45,2092.0,2096.65,2124.29,33536361,7124111908950000.0,738739.0,9443206.0,0.2816,-0.03721816595490646,0.04623253493013979,0.1370119305856834,2126.9,1935.2424999999998,0.03010290105352595,0.023215004933315186,0.05358548160160273,0.318480290119155,2108.85,1
2020-07-30,RELIANCE,EQ,2096.65,2099.0,2139.7,2072.0,2101.9,2108.85,2111.03,33624516,7098238095639999.0,663693.0,6855972.0,0.2039,0.005818806190828196,0.024808047429293323,0.14400021699034382,2137.1099999999997,1952.6675000000002,0.028489378870774913,0.0232159033588686,0.03210280484624313,0.0026286394042573935,2067.1,0
2020-07-31,RELIANCE,EQ,2108.85,2114.5,2129.0,2052.8,2070.0,2067.1,2077.02,34593375,7185118591955000.0,748942.0,9000404.0,0.2602,-0.01979751997534196,-0.036833399343009665,0.08128890516294396,2121.3,1966.6275,0.020403865386810445,0.024046131211492128,0.03686323835324842,0.028814065308776504,2009.0,0
2020-08-03,RELIANCE,EQ,2067.1,2051.3,2057.0,2003.1,2007.65,2009.0,2029.05,21560137,4374666808100000.0,515571.0,6839066.0,0.3172,-0.0281070098205215,-0.06826824969854361,0.046408667118079006,2091.8599999999997,1974.4875,0.02085077229460032,0.024343798856217617,0.02682926829268297,-0.3767553180341612,2150.6,1
2020-08-04,RELIANCE,EQ,2009.0,2020.6,2167.0,2000.25,2158.4,2150.6,2098.08,42477225,8912049492539998.0,827312.0,7253795.0,0.1707999999999999,0.07048282727725241,-0.012444321991091467,0.09081686997539995,2086.44,1990.845,0.043454754900339426,0.027981655205149863,0.0775365014414582,0.9701741691159012,2126.45,0
2020-08-05,RELIANCE,EQ,2150.6,2169.0,2196.0,2118.3,2132.1,2126.45,2153.72,34405886,7410054522195000.0,704272.0,3949479.0,0.1148,-0.01122942434669394,0.014213149548088388,0.0611027944111775,2092.4,2007.2675,0.039530960566307005,0.02787208565927697,0.036539772860871324,-0.19001568487583642,2134.1,1
2020-08-06,RELIANCE,EQ,2126.45,2157.0,2167.7,2107.8,2136.55,2134.1,2139.59,22762726,4870281122225000.0,468092.0,3095157.0,0.136,0.003597545204448771,0.01197335040424874,0.037078433278258105,2097.45,2022.7599999999998,0.03950992899779235,0.027859951453234864,0.028068038048826034,-0.3384060506391261,2146.45,1
2020-08-07,RELIANCE,EQ,2134.1,2129.8,2157.8,2120.2,2146.0,2146.45,2141.31,15222384,3259583372575000.0,329099.0,3705643.0,0.2434,0.0057869828030550075,0.03838711237966219,0.00013978519674751055,2113.3199999999997,2036.1799999999998,0.03742263119202617,0.027408827593948682,0.01751729600037288,-0.33125830359685393,2119.85,0
2020-08-10,RELIANCE,EQ,2146.45,2159.1,2165.0,2108.1,2121.6,2119.85,2136.58,12441939,2658316111875000.0,300073.0,2893247.0,0.2325,-0.012392555149199791,0.05517670482827275,-0.016858361933030253,2135.49,2045.4225,0.03413659098831451,0.027163347138158905,0.02684152180578819,-0.18265502959326219,2133.8,1
2020-08-11,RELIANCE,EQ,2119.85,2134.8,2160.0,2100.35,2132.85,2133.8,2133.3,21611359,4610343113635000.0,491594.0,4174558.0,0.1932,0.0065806542915773925,-0.0078117734585695375,-0.020158883225421143,2132.1299999999997,2056.2625,0.009456302104781742,0.026957098919269607,0.027954822382603845,0.7369767686531818,2127.6,0
2020-08-12,RELIANCE,EQ,2133.8,2121.0,2145.0,2106.8,2126.55,2127.6,2129.79,13967529,2974785819340000.0,308155.0,2213804.0,0.1585,-0.0029056143968507753,0.0005408074490347303,0.014761643574273231,2132.3599999999997,2070.4425,0.007931985081187837,0.025027988893001285,0.017954502726076245,-0.3536950175137066,2122.05,0
2020-08-13,RELIANCE,EQ,2127.6,2128.0,2138.9,2110.0,2125.8,2122.05,2122.69,11459251,2432447396920000.0,266729.0,3601994.0,0.3143,-0.0026085730400450258,-0.005646408322009133,0.006259335656874754,2129.95,2084.3749999999995,0.007737578988181184,0.025070594761822617,0.01361890624631846,-0.1795792226384495,2113.8,0
2020-08-14,RELIANCE,EQ,2122.05,2122.55,2157.0,2089.25,2112.0,2113.8,2129.96,15333759,3266026815155000.0,346390.0,2362119.0,0.154,-0.0038877500530147824,-0.015211162617344787,0.022592037153500222,2123.42,2094.48,0.0067258848373535785,0.024173804517142624,0.03205128205128205,0.3381118015479372,2091.35,0
2020-08-17,RELIANCE,EQ,2113.8,2105.0,2105.0,2070.1,2094.05,2091.35,2085.65,14297224,2981905466820000.0,324590.0,2115024.0,0.1479,-0.010620683129908381,-0.013444347477415852,0.040990542558486665,2117.7200000000003,2103.0525,0.006130425721358806,0.024435437689502754,0.016687785401774017,-0.06759823210994775,2118.55,1
2020-08-18,RELIANCE,EQ,2091.35,2085.0,2134.3,2082.35,2120.2,2118.55,2118.58,14097932,2986753754870000.0,281219.0,2559498.0,0.1816,0.013005953092500189,-0.0071468741212860065,-0.014902817818283176,2114.6699999999996,2110.4025,0.008695815806403398,0.023959778094575616,0.024521488754100807,-0.013939209457724089,2131.55,1
2020-08-19,RELIANCE,EQ,2118.55,2141.0,2154.0,2121.35,2137.0,2131.55,2137.37,15731409,3362380759855000.0,288995.0,2518453.0,0.1601,0.006136272450496749,0.0018565519834556898,0.002398363469632736,2115.46,2116.78,0.009229118548080083,0.0237848571836919,0.01531749196594032,0.11586642636664735,2097.05,0
2020-08-20,RELIANCE,EQ,2131.55,2120.0,2123.9,2088.0,2098.6,2097.05,2109.01,10402292,2193850443585000.0,267102.0,2363592.0,0.2271999999999999,-0.01618540498698129,-0.011781060766711482,-0.017360948409165355,2110.46,2118.7425,0.011937352614669513,0.023492402710979375,0.017119286616914278,-0.3387564966367602,2081.85,0
2020-08-21,RELIANCE,EQ,2097.05,2118.0,2122.0,2077.0,2084.75,2081.85,2096.99,11667281,2446620811950000.0,296981.0,2236600.0,0.1917,-0.007248277341980525,-0.015114958841896287,-0.030096205362342476,2104.07,2115.5274999999997,0.012141231828172228,0.021386058222843608,0.02161539015779235,0.12160675743384242,2095.75,1
2020-08-24,RELIANCE,EQ,2081.85,2091.4,2104.5,2070.5,2099.95,2095.75,2090.25,15099030,3156070978610000.0,323471.0,2697292.0,0.1786,0.0066767538487404465,0.0021039041767279,-0.011368728919499027,2104.95,2112.505,0.011882283324250231,0.02142007125557934,0.01622330907789574,0.2941344260072247,2082.1,0
2020-08-25,RELIANCE,EQ,2095.75,2106.0,2111.3,2078.0,2082.0,2082.1,2089.41,8947709,1869543404115000.0,202929.0,2014450.0,0.2251,-0.006513181438625781,-0.017205163909277732,-0.02422907488986792,2097.6600000000003,2107.725,0.009752507315253981,0.021284017572143706,0.015993468133134903,-0.4073984222827559,2137.3,1
2020-08-26,RELIANCE,EQ,2082.1,2085.0,2147.95,2047.0,2133.7,2137.3,2102.41,27631028,5809174744685000.0,533755.0,6707265.0,0.2427,0.02651169492339478,0.0026975674978302333,0.004559127655574535,2098.81,2109.7575,0.016600254715446322,0.020494808084606894,0.04723248958966912,2.088056171697135,2110.6,0
2020-08-27,RELIANCE,EQ,2137.3,2148.0,2150.0,2103.25,2108.1,2110.6,2126.98,12962139,2757018576010000.0,297474.0,3408902.0,0.263,-0.01249239694942228,0.00646145776209428,-0.005395725831153997,2101.52,2109.8450000000003,0.015722995356773968,0.020683637185814785,0.022150099497773145,-0.5308846634298224,2116.15,1
2020-08-28,RELIANCE,EQ,2110.6,2120.0,2132.9,2106.25,2116.0,2116.15,2118.85,12537684,2656545293410000.0,267973.0,2828812.0,0.2256,0.002629584004548491,0.016475730720272974,0.001111741886649531,2108.38,2112.2974999999997,0.014969247736486203,0.020140983384449283,0.012593625215603851,-0.0327457528421814,2080.7,0
2020-08-31,RELIANCE,EQ,2116.15,2174.0,2174.0,2060.35,2070.0,2080.7,2118.64,28649141,6069721668885000.0,541760.0,7212259.0,0.2517,-0.016752120596366216,-0.007181200047715719,-0.005092404427762043,2105.37,2115.8824999999997,0.01717661444628255,0.019413509725058793,0.05462104099581876,1.2850425166242823,2087.25,1
2020-09-01,RELIANCE,EQ,2080.7,2100.0,2122.4,2062.4,2092.0,2087.25,2091.83,17821488,3727952146450000.0,327904.0,4956555.0,0.2781,0.0031479790455135603,0.00247346429086015,-0.014774255976965467,2106.4,2112.715,0.01698921635171751,0.010848018214185436,0.02874595759971254,-0.37793988308410364,2128.2,1
2020-09-02,RELIANCE,EQ,2087.25,2092.0,2138.0,2085.0,2128.55,2128.2,2119.29,12437209,2635805679285000.0,281041.0,3376204.0,0.2715,0.019619116061803776,-0.0042577083235859625,-0.0015716262813447734,2104.5800000000004,2112.8025000000002,0.014452219146630155,0.01155277800002125,0.024903674466685465,-0.302122864263635,2112.1,0
2020-09-03,RELIANCE,EQ,2128.2,2128.0,2138.75,2103.0,2114.0,2112.1,2112.86,8577741,1812358603030000.0,219117.0,3249170.0,0.3788,-0.007565078470068598,0.0007106983796076882,0.0071767482892632906,2104.88,2111.7025000000003,0.013595634413795037,0.011644409733276977,0.016926281899531274,-0.3103162453891384,2077.25,0
2020-09-04,RELIANCE,EQ,2112.1,2083.55,2096.95,2072.2,2080.0,2077.25,2084.73,13141705,2739693657055000.0,365456.0,5968727.0,0.4542,-0.016500165711850756,-0.018382439808142137,-0.002209573216129801,2097.1,2108.2425,0.015327886884128783,0.012074231975618153,0.011914791190275605,0.5320706232561696,2082.65,1
2020-09-07,RELIANCE,EQ,2077.25,2084.0,2105.75,2044.25,2099.6,2082.65,2071.8,10119099,2096470749900000.0,255801.0,2619452.0,0.2589,0.002599590805151042,0.0009371846013361829,-0.006250745556483306,2097.4900000000002,2106.3825,0.01351595806937999,0.011829756776616513,0.029529685736921708,-0.23000105389673564,2107.1,1
2020-09-08,RELIANCE,EQ,2082.65,2092.0,2121.0,2080.5,2103.1,2107.1,2108.01,12643762,2665323981640000.0,287150.0,2734033.0,0.2162,0.011739850671020013,0.009510120972571423,0.01200710820805928,2101.46,2105.0474999999997,0.014486217864950048,0.01205372716869764,0.019220729913150776,0.2494948413885465,2161.35,1
2020-09-09,RELIANCE,EQ,2107.1,2085.0,2167.8,2081.45,2163.55,2161.35,2136.84,25526055,5454504444100000.0,531323.0,5716097.0,0.2239,0.02574628636514631,0.015576543557936251,0.011252514855190965,2108.0899999999997,2106.7349999999997,0.0164742824515121,0.013389041737146756,0.03995188192564849,1.0188655085408915,2314.0,1
2020-09-10,RELIANCE,EQ,2161.35,2183.1,2344.95,2175.35,2319.0,2314.0,2275.51,64751766,1.4734336314235e+16,1233053.0,12172158.0,0.188,0.07062715432484334,0.09559206476966065,0.09637070027480332,2148.4700000000003,2116.3325,0.03275933621096403,0.020508740041189553,0.07329299913569573,1.5366930377608292,2319.75,1
2020-09-11,RELIANCE,EQ,2314.0,2312.0,2337.85,2287.1,2315.0,2319.75,2318.58,27445883,6363541247745000.0,599768.0,6427971.0,0.2342,0.002484874675885873,0.11674088337946809,0.09621246130945349,2196.9700000000003,2126.63,0.028456441832624052,0.020420327257001276,0.021877357473865718,-0.5761369195706569,2302.55,0
2020-09-14,RELIANCE,EQ,2319.75,2325.0,2360.0,2282.0,2296.25,2302.55,2323.57,20335480,4725094126735000.0,450188.0,3578138.0,0.176,-0.007414592089664773,0.1055866324154322,0.10662277118277519,2240.95,2137.19,0.03049865191654153,0.020304723907669825,0.03387548587435669,-0.2590699304518641,2318.85,1
2020-09-15,RELIANCE,EQ,2302.55,2311.95,2325.75,2288.15,2324.0,2318.85,2311.23,12543161,2899011097815000.0,270331.0,2498608.0,0.1992,0.007079107945538565,0.10049356936073273,0.11095939633489027,2283.3,2147.205,0.030907042411669926,0.020225018320061457,0.01621493412683007,-0.38318834863991413,2324.55,1
2020-09-16,RELIANCE,EQ,2318.85,2320.0,2369.35,2310.55,2324.9,2324.55,2339.46,15669133,3665737088795000.0,321651.0,3528875.0,0.2252,0.0024581150139078023,0.07550836282878759,0.09226106568931502,2315.94,2156.8550000000005,0.03151765773180211,0.02022814997362662,0.02529521842937331,0.24921724276679535,2298.75,0
2020-09-17,RELIANCE,EQ,2324.55,2320.0,2333.7,2291.85,2296.0,2298.75,2310.29,11919991,2753857698355000.0,286325.0,3285052.0,0.2756,-0.011098922372072106,-0.006590319792566968,0.08837176270062974,2312.8900000000003,2166.94,0.0076168440983717155,0.019984467262244156,0.018205546492659014,-0.23926926907825719,2305.7,1
2020-09-18,RELIANCE,EQ,2298.75,2314.25,2319.45,2276.55,2303.6,2305.7,2305.1,15264101,3518525264585000.0,219641.0,6340779.0,0.4154,0.0030233822729743842,-0.006056687143011219,0.10997713322902869,2310.08,2178.1325,0.0076871933615853495,0.019789938370657564,0.018606063234592376,0.28054635276150797,2255.85,0
2020-09-21,RELIANCE,EQ,2305.7,2300.0,2336.0,2247.35,2250.0,2255.85,2291.38,15519433,3556097745515000.0,342489.0,5046850.0,0.3252,-0.02162033222015003,-0.02028186141451882,0.08316327755503794,2300.74,2186.1375,0.011985903735465204,0.020677961869818434,0.039297825653301456,0.01672761468231898,2211.15,0
2020-09-22,RELIANCE,EQ,2255.85,2277.0,2277.0,2201.55,2220.05,2211.15,2225.36,16056621,3573170847855000.5,348897.0,6138633.0,0.3823,-0.019815147283728907,-0.04644543631541487,0.04938066536946528,2279.2,2192.5899999999997,0.011786145561031754,0.02123641975284238,0.03412251543314557,0.0346138934328335,2230.8,1
2020-09-23,RELIANCE,EQ,2211.15,2260.0,2276.75,2205.3,2228.0,2230.8,2242.58,19839809,4449226534230001.0,384190.0,3749875.0,0.189,0.008886778373244697,-0.04033038652642451,0.032132694843500786,2260.45,2197.2650000000003,0.013613548216135628,0.02057440471791369,0.03202886856733002,0.23561545109646675,2181.2,0
2020-09-24,RELIANCE,EQ,2230.8,2207.9,2226.0,2176.05,2195.0,2181.2,2200.65,13765321,3029260568825000.0,328090.0,4092237.0,0.2973,-0.02223417608033007,-0.05113648722131603,-0.057389801210026015,2236.9399999999996,2200.795,0.015056095278434293,0.021053746984121016,0.02290023840088017,-0.30617673789097466,2201.7,1
2020-09-25,RELIANCE,EQ,2181.2,2189.0,2212.8,2167.3,2198.85,2201.7,2191.17,13095950,2869547156135000.0,329859.0,2793738.0,0.2133,0.009398496240601517,-0.04510560784143647,-0.05088910442935668,2216.1400000000003,2205.0724999999998,0.01665679716650073,0.02112120183197386,0.020665849116591726,-0.04862734403360447,2216.25,1
2020-09-28,RELIANCE,EQ,2201.7,2227.0,2238.0,2207.05,2218.0,2216.25,2221.39,9076787,2016306260355000.0,213955.0,1610375.0,0.1773999999999999,0.006608529772448746,-0.017554358667464576,-0.03748018501226913,2208.2200000000003,2211.85,0.016117657310856282,0.02065940313794208,0.013965031020868502,-0.3069012175519913,2245.05,1
2020-09-29,RELIANCE,EQ,2216.25,2225.0,2264.0,2216.25,2241.9,2245.05,2242.3,11927459,2674496768050000.0,269649.0,2301443.0,0.193,0.012994923857868157,0.015331388643918364,-0.031826120706384464,2215.0,2219.7400000000002,0.014363085136435458,0.020771153095633065,0.021269014053139128,0.31406179301111736,2234.35,0
2020-09-30,RELIANCE,EQ,2245.05,2260.0,2267.0,2225.0,2231.0,2234.35,2251.01,11291280,2541674070385000.0,232560.0,2777751.0,0.246,-0.004766040845415542,0.0015913573605879083,-0.03880320922329061,2215.71,2225.0474999999997,0.014292872242522202,0.02051091872069897,0.01879741311790901,-0.053337345364171895,2225.25,0
2020-10-01,RELIANCE,EQ,2234.35,2263.8,2263.8,2214.0,2229.05,2225.25,2237.62,9591467,2146201462770000.0,237645.0,2356434.0,0.2457,-0.004072772842213523,0.020195305336512037,-0.031973898858075,2224.52,2230.705,0.00804463571619285,0.020434264670920944,0.022379507920458456,-0.1505420997442274,2212.2,0
2020-10-05,RELIANCE,EQ,2225.25,2244.0,2249.15,2206.0,2215.0,2212.2,2222.94,8732890,1941264975580000.0,237138.0,1671283.0,0.1914,-0.005864509605662316,0.004769042103828891,-0.04055167628052214,2226.62,2237.4525000000003,0.00838799071948241,0.020039976978304966,0.01950546966820364,-0.0895146696537662,2210.35,0
2020-10-06,RELIANCE,EQ,2212.2,2225.25,2233.9,2201.65,2213.0,2210.35,2213.64,8497352,1881004090825000.0,230575.0,2565411.0,0.3019,-0.0008362715848476698,-0.002662154540327144,-0.020169780792162584,2225.4399999999996,2243.8375,0.0077776510431244545,0.02006135603231359,0.01459044947632728,-0.02697136915728926,2257.5,1
2020-10-07,RELIANCE,EQ,2210.35,2235.0,2309.0,2220.0,2259.4,2257.5,2276.27,24538620,5585649576145000.0,542898.0,3167121.0,0.1291,0.021331463342909585,0.005545533507048672,0.02096194288040154,2227.93,2251.3575,0.011431498450883482,0.02038907184261907,0.03942414174972315,1.887796104009814,2239.25,0
2020-10-08,RELIANCE,EQ,2257.5,2259.0,2268.0,2222.1,2241.5,2239.25,2242.24,9727508,2181143728525000.0,251543.0,2761519.0,0.2839,-0.008084163898117391,0.0021930315304228287,0.0037878787878786735,2228.91,2255.2525,0.011946133817176532,0.019855408282845197,0.020497934576309072,-0.6035837386128478,2233.45,0
2020-10-09,RELIANCE,EQ,2239.25,2235.0,2253.0,2217.1,2239.0,2233.45,2232.05,8558747,1910358264840000.0,215729.0,2908038.0,0.3398,-0.002590152952997693,0.0036849792158184513,0.023954703832752555,2230.55,2251.225,0.01182217391599902,0.011532925854650104,0.01607378719022145,-0.12015009393978393,2237.05,1
2020-10-12,RELIANCE,EQ,2233.45,2235.0,2255.75,2226.25,2236.0,2237.05,2239.55,6565525,1470380436710000.0,146831.0,1868691.0,0.2846,0.0016118560970697082,0.011233161558629634,0.01605577508289069,2235.5199999999995,2247.09,0.011227754552900015,0.011517869025606725,0.013187009677924052,-0.23288712705259307,2280.7,1
2020-10-13,RELIANCE,EQ,2237.05,2230.6,2285.75,2225.85,2279.0,2280.7,2259.76,10666280,2410320910425000.0,255851.0,3449962.0,0.3234,0.01951230415055516,0.03182753862510457,0.029080654258319072,2249.59,2245.9975,0.013308002557952177,0.01236361777164445,0.026263866356820317,0.6245890465728179,2287.5,1
2020-10-14,RELIANCE,EQ,2280.7,2278.9,2304.0,2268.5,2283.0,2287.5,2284.78,12341487,2819758949685000.0,281008.0,4373851.0,0.3544,0.00298154075503132,0.013289036544850585,0.018908264849335055,2255.59,2244.43,0.010346495310268359,0.012266660707884238,0.01551912568306011,0.1570563495426709,2206.5,0
2020-10-15,RELIANCE,EQ,2287.5,2290.0,2290.0,2195.0,2203.25,2206.5,2241.04,9246893,2072263924660000.0,265699.0,3100443.0,0.3353,-0.035409836065573796,-0.01462543262252991,-0.012464475126994334,2249.04,2238.5274999999997,0.020088384785941698,0.014489485843100463,0.043054611375481534,-0.25074725598301084,2175.8,0
2020-10-16,RELIANCE,EQ,2206.5,2215.0,2232.5,2172.65,2178.0,2175.8,2197.33,9961080,2188777600980000.0,287579.0,2106731.0,0.2115,-0.013913437570813425,-0.025812084443349814,-0.022222222222222143,2237.5099999999998,2232.38,0.020691016891005838,0.01459068863070325,0.027507123816527212,0.07723534813261068,2176.2,1
2020-10-19,RELIANCE,EQ,2175.8,2190.05,2228.7,2155.15,2175.5,2176.2,2189.75,14399062,3153033226255000.0,363717.0,3772907.0,0.262,0.00018384042650954058,-0.02720100131870118,-0.016273393002441017,2225.34,2225.9049999999997,0.020585772731740348,0.014546398323627176,0.033797445087767546,0.4455322113666389,2155.9,0
2020-10-20,RELIANCE,EQ,2176.2,2179.0,2193.0,2152.25,2155.85,2155.9,2166.54,8529621,1847974268770000.0,275082.0,2119328.0,0.2485,-0.009328186747541434,-0.05472004209233994,-0.02463410772049668,2200.38,2220.9075000000003,0.015228572559093607,0.013956401164051007,0.018901618813488567,-0.40762662178966935,2124.6,0
2020-10-21,RELIANCE,EQ,2155.9,2168.0,2192.0,2097.75,2122.65,2124.6,2143.87,15729989,3372312535195000.0,399065.0,3975978.0,0.2528,-0.014518298622385184,-0.07121311475409842,-0.05887043189368779,2167.8,2216.58,0.013037266136237282,0.013650854205088585,0.04436129153723054,0.8441603677349792,2106.95,0
2020-10-22,RELIANCE,EQ,2124.6,2127.4,2132.5,2091.0,2111.9,2106.95,2107.04,14215255,2995211511475000.0,391498.0,5836281.0,0.4106,-0.00830744610750267,-0.045116700657149456,-0.05908228201406729,2147.89,2210.3875,0.005902703327668067,0.013475715793743794,0.019696718004698736,-0.09629593510840984,2113.05,1
2020-10-23,RELIANCE,EQ,2106.95,2106.0,2135.0,2096.4,2112.0,2113.05,2118.9,10809383,2290405363390000.0,265187.0,3551502.0,0.3286,0.0028951802368353263,-0.028839966908723258,-0.05390763169088164,2135.34,2206.98,0.007179058118088768,0.012714939158929562,0.01826743333096704,-0.23959274736893565,2029.1,0
2020-10-26,RELIANCE,EQ,2113.05,2101.95,2101.95,2018.5,2034.9,2029.1,2052.69,17225340,3535832255555000.5,581238.0,6324776.0,0.3671999999999999,-0.03972930124701268,-0.06759489017553533,-0.09295724279743423,2105.9199999999996,2198.35,0.01582512948357677,0.015031369453725853,0.041126607855699486,0.5935544147154375,2034.5,1
2020-10-27,RELIANCE,EQ,2029.1,2034.9,2059.85,2005.0,2034.4,2034.5,2026.38,16835011,3411408850560000.0,462764.0,5199796.0,0.3089,0.002661278399290312,-0.0563105895449697,-0.10794931380716444,2081.6400000000003,2189.2625,0.017492203354974832,0.014910660212836602,0.02695994101744896,-0.022660162295780495,2011.45,0
2020-10-28,RELIANCE,EQ,2034.5,2041.8,2057.7,2007.4,2008.9,2011.45,2026.02,13810054,2797944235480000.0,413849.0,4822048.0,0.3492,-0.011329565003686426,-0.053257083686340856,-0.12067759562841529,2059.0099999999998,2177.5825,0.01740800449061953,0.014421545196064266,0.0250068358646746,-0.17968250807795727,2026.9,1
2020-10-29,RELIANCE,EQ,2011.45,1997.0,2042.0,1991.0,2029.05,2026.9,2019.57,14147681,2857218590590000.0,382087.0,3346100.0,0.2365,0.007681026125431867,-0.03799330786207533,-0.08139587582143659,2043.0,2167.21,0.019333569735443555,0.014714960396366095,0.02516157679214564,0.024447913092881413,2054.5,1
2020-10-30,RELIANCE,EQ,2026.9,2033.5,2065.1,2021.8,2064.35,2054.5,2040.66,15701123,3204060725230000.0,349177.0,3880807.0,0.2472,0.013616853322808264,-0.02770876221575458,-0.055749609339093786,2031.2900000000002,2158.6725,0.021280253999390094,0.015279035467789998,0.02107568751521049,0.10980188201868568,1877.45,0
2020-11-02,RELIANCE,EQ,2054.5,2027.0,2027.0,1859.15,1876.0,1877.45,1927.55,45857806,8839332014720000.0,1428490.0,12596880.0,0.2747,-0.08617668532489653,-0.07473756838006995,-0.13728058082896788,2000.9600000000003,2141.935,0.04100135495855178,0.023933187641569383,0.08940317984500248,1.920670451406565,1850.4,0
2020-11-03,RELIANCE,EQ,1877.45,1890.0,1909.0,1835.1,1854.5,1850.4,1873.92,40931170,7670176153914998.0,990935.0,11064654.0,0.2703,-0.014407840421848728,-0.09048906365200293,-0.14170416067535596,1964.14,2123.9375,0.03988898127610611,0.0239151353719317,0.039937310851707784,-0.10743287631335874,1913.2,1
2020-11-04,RELIANCE,EQ,1850.4,1837.0,1929.0,1837.0,1910.5,1913.2,1893.24,37003111,7005565561420000.0,888904.0,6665864.0,0.1801,0.03393860786856884,-0.04884536031221254,-0.09950108255671652,1944.4900000000002,2106.7225,0.046419187848695705,0.02489089468656027,0.04808697470206983,-0.09596742531425317,1955.0,1
2020-11-05,RELIANCE,EQ,1913.2,1954.95,1960.95,1932.0,1956.8,1955.0,1949.03,17170274,3346529706550000.0,448665.0,5252804.0,0.3059,0.021848212418983826,-0.03547288963441708,-0.07211846507985464,1930.11,2092.5099999999998,0.04809924644834328,0.025765984775817322,0.01480818414322253,-0.5359775560492739,2029.15,1
2020-11-06,RELIANCE,EQ,1955.0,1990.0,2040.0,1978.15,2025.0,2029.15,2015.72,30770080,6202388010420000.0,649196.0,8468704.0,0.2752,0.037928388746803154,-0.012338768556826474,-0.03970563876860467,1925.0400000000002,2082.295,0.05170180272408013,0.027611398877131595,0.030480743168321663,0.792055269473277,2050.7,1
2020-11-09,RELIANCE,EQ,2029.15,2062.1,2069.0,2036.0,2051.0,2050.7,2051.91,16539467,3393750297420000.0,384188.0,6258441.0,0.3784,0.010620210432939814,0.09227942155583357,0.010645113597161249,1959.69,2072.9775,0.02103994417504772,0.027787767066780322,0.01609206612376262,-0.4624821579924394,2084.55,1
2020-11-10,RELIANCE,EQ,2050.7,2077.0,2090.0,2041.2,2089.0,2084.55,2071.86,17045147,3531516045080000.5,399073.0,6458474.0,0.3789,0.016506558736041566,0.1265402075226978,0.02460063897763587,2006.52,2063.17,0.01153727409981762,0.02766196632169811,0.023410328368232928,0.03057414123441826,1997.2,0
2020-11-11,RELIANCE,EQ,2084.55,2089.0,2095.0,1978.1,1999.8,1997.2,2027.8,26178477,5308461084515000.0,647679.0,9063191.0,0.3462,-0.04190352833944977,0.043905498641020335,-0.007084441572000277,2023.3200000000002,2048.6549999999997,0.03021618333424286,0.02885131231723492,0.0585319447226117,0.53583169449932,1980.0,0
2020-11-12,RELIANCE,EQ,1997.2,1981.0,2008.45,1965.0,1981.75,1980.0,1987.14,18481466,3672521856260000.0,440630.0,6746860.0,0.3651,-0.008612056879631513,0.01278772378516635,-0.02313878336375752,2028.3200000000002,2037.33,0.030048341884484464,0.02804196930828651,0.021944444444444468,-0.2940205803416295,1996.4,1
2020-11-13,RELIANCE,EQ,1980.0,1982.0,2036.65,1981.75,2000.05,1996.4,2007.38,20946864,4204826883165000.0,507695.0,5280992.0,0.2521,0.008282828282828225,-0.016139762954931913,-0.0282793867120954,2021.77,2028.36,0.023655314587937716,0.028110503440183496,0.027499499098377123,0.13339840032170613,2002.3,1
2020-11-14,RELIANCE,EQ,1996.4,2014.9,2015.3,1995.35,2001.55,2002.3,2005.96,2411900,483816382765000.0,99484.0,621485.0,0.2577,0.0029553195752354267,-0.023601696981518483,0.06649977362912463,2012.0900000000001,2019.6650000000002,0.022782538641377054,0.028138550835769594,0.009963541926784222,-0.884856272518884,1993.25,0
2020-11-17,RELIANCE,EQ,2002.3,2085.0,2085.0,1985.0,1994.8,1993.25,2013.16,21479385,4324136401515000.0,462630.0,5819797.0,0.2709,-0.004519802227438419,-0.04379842172171455,0.07719952442715083,1993.8300000000004,2011.5325,0.01964816366870625,0.02810907812741716,0.05016932145992725,7.905586881711514,1987.2,0
2020-11-18,RELIANCE,EQ,1993.25,1993.25,2006.5,1960.1,1991.2,1987.2,1979.95,14030652,2778002012045000.0,410607.0,3601706.0,0.2567,-0.00303524394832555,-0.005007009813739249,0.03867865356470834,1991.83,2004.6625,0.006638694901599979,0.02798981004407227,0.0233494363929147,-0.3467852082357107,1973.15,0
2020-11-19,RELIANCE,EQ,1987.2,1987.2,2010.45,1968.2,1972.0,1973.15,1987.24,12828008,2549228143330000.0,307890.0,3570924.0,0.2784,-0.007070249597423528,-0.0034595959595958847,0.009283887468030771,1990.4599999999998,1997.9724999999999,0.006218407178000908,0.027978721538099566,0.02141246230646428,-0.08571547494727971,1899.5,0
2020-11-20,RELIANCE,EQ,1973.15,1975.0,1983.8,1895.0,1901.0,1899.5,1923.27,26522972,5101082167260000.0,794436.0,7772176.0,0.293,-0.03732610293186023,-0.04853736726106994,-0.0638937486139517,1971.08,1987.295,0.015823072293517086,0.028968819240363583,0.04674914451171359,1.0675830573226959,1950.7,1
2020-11-23,RELIANCE,EQ,1899.5,1951.0,1970.0,1926.25,1955.2,1950.7,1952.18,20918665,4083704221985000.0,497781.0,5148955.0,0.2461,0.026954461700447574,-0.025770364081306507,-0.04876383673867446,1960.7599999999998,1983.375,0.022773017702366415,0.028584520688244287,0.022427846414107756,-0.2113001137278281,1964.05,1
2020-11-24,RELIANCE,EQ,1950.7,1964.0,1974.0,1932.0,1971.05,1964.05,1952.11,14277083,2787043559960000.0,362587.0,3213843.0,0.2251,0.006843697134361948,-0.014649441866298796,-0.05780624115516553,1954.92,1979.8525000000002,0.02339147369722172,0.02863235958095943,0.021384384307935135,-0.3174954998323267,1947.8,0
2020-11-25,RELIANCE,EQ,1964.05,1980.0,1992.95,1942.2,1947.5,1947.8,1969.06,15062376,2965874401565000.0,356793.0,3040444.0,0.2019,-0.008273720119141625,-0.019826892109500838,-0.024734628479871845,1947.0400000000002,1976.67,0.02352567854435668,0.028584473314739206,0.026055036451381047,0.05500374271130881,1952.6,1
2020-11-26,RELIANCE,EQ,1947.8,1953.05,1965.0,1930.05,1957.0,1952.6,1946.67,11924527,2321309474390000.0,266412.0,3406506.0,0.2857,0.002464318718554237,-0.01041481894432772,-0.013838383838383872,1942.9299999999998,1972.955,0.023578100343727988,0.028522831409499978,0.017899211307999614,-0.20832364030747874,1929.8,0
2020-11-27,RELIANCE,EQ,1952.6,1940.5,1956.1,1921.4,1940.5,1929.8,1935.45,21845931,4228163755275000.0,314085.0,12489338.0,0.5717,-0.01167673870736452,0.015951566201632073,-0.033360048086555905,1948.9899999999998,1966.7199999999998,0.015256444074843006,0.02837915188766322,0.01798113794175553,0.8320165655207958,1954.9,1
2020-12-01,RELIANCE,EQ,1929.8,1940.35,1966.25,1930.05,1954.1,1954.9,1950.09,9114939,1777497723084999.8,272346.0,3073957.0,0.3372,0.013006529174007797,0.002153073255754423,-0.023672776307246624,1949.83,1970.5925,0.010316997493277025,0.020641248090836863,0.01851757123126505,-0.5827626206454648,1958.15,1
2020-12-02,RELIANCE,EQ,1954.9,1958.5,1962.0,1935.0,1959.0,1958.15,1947.77,10240168,1994546965925000.0,236641.0,3885070.0,0.3793999999999999,0.0016624891298788746,-0.0030039968432574726,-0.017609431832434463,1948.65,1975.98,0.00976242764897699,0.02026907843109012,0.013788524883180553,0.12344887881312205,1964.05,1
2020-12-03,RELIANCE,EQ,1958.15,1972.0,1981.1,1958.65,1960.8,1964.05,1969.94,12822945,2526037420680000.0,270788.0,6151159.0,0.4797,0.0030130480300283313,0.008342745661772177,-0.01164955716586158,1951.9,1978.5225000000003,0.008790395915955247,0.01892185592550967,0.011430462564598568,0.2522201784189477,1946.75,0
2020-12-04,RELIANCE,EQ,1964.05,1969.0,1969.0,1940.0,1947.7,1946.75,1948.72,8521388,1660576375895000.0,286109.0,3771228.0,0.4426,-0.00880832972683987,-0.0029960053262316766,-0.013379621417530352,1950.73,1978.1100000000001,0.00991682490712712,0.018420384642809755,0.014896622576088352,-0.3354578062995669,1958.2,1
2020-12-07,RELIANCE,EQ,1946.75,1940.6,1965.0,1940.6,1958.35,1958.2,1955.62,8418767,1646389363345000.0,267040.0,3706525.0,0.4403,0.005881597534352245,0.014716550937921014,0.03090286917609908,1956.4099999999999,1974.5625,0.007900126813860554,0.01620333873497416,0.012460422837299607,-0.012042756414800015,1993.75,1
2020-12-08,RELIANCE,EQ,1958.2,1961.15,2014.25,1950.0,1992.45,1993.75,1995.12,20030506,3996322713360000.0,460158.0,5692600.0,0.2842,0.01815442753549168,0.01987313929101231,0.022069000871482114,1964.1799999999998,1971.7150000000001,0.00967442113254668,0.016586711161461713,0.03222570532915361,1.3792683655456908,2026.95,1
2020-12-09,RELIANCE,EQ,1993.75,2009.95,2033.8,1999.25,2026.0,2026.95,2019.89,13464375,2719656152030000.0,303801.0,4861192.0,0.361,0.01665203761755496,0.03513520414677118,0.03202566126116957,1977.94,1968.8349999999998,0.011007164524419256,0.016594949376880535,0.01704531438861341,-0.3278065466743576,2007.0,0
2020-12-10,RELIANCE,EQ,2026.95,2021.6,2028.5,2001.0,2008.0,2007.0,2010.18,7414229,1490394969580000.0,212910.0,2670339.0,0.3602,-0.009842374010212374,0.021868078714900374,0.0303932641955027,1986.5300000000002,1969.325,0.013405192523294042,0.013771282905254005,0.013702042850024913,-0.44934473378823747,2005.8,0
2020-12-11,RELIANCE,EQ,2007.0,2013.0,2038.0,1974.25,1999.4,2005.8,2015.5,12434745,2506218725795000.0,265002.0,3553151.0,0.2857,-0.0005979073243647104,0.030332605624759257,0.02724572365051725,1998.3400000000001,1970.6150000000002,0.011786761106064875,0.01361292084783287,0.03178282979359857,0.6771460660306015,1991.3,0
2020-12-14,RELIANCE,EQ,2005.8,2007.95,2015.0,1986.35,1993.5,1991.3,1997.46,7989830,1595936179030000.0,248928.0,2832392.0,0.3545,-0.007229035796191052,0.016903278521090748,0.031868587418385275,2004.9599999999998,1970.3600000000001,0.013206305362954586,0.013602200656535555,0.014387585999096114,-0.35745928042754394,1974.35,0
2020-12-15,RELIANCE,EQ,1991.3,1989.7,1989.7,1961.1,1973.6,1974.35,1973.54,8561406,1689627350860000.0,240918.0,3108604.0,0.3631,-0.008512027318836934,-0.009730407523511064,0.009949358023428223,2001.08,1968.9625,0.01096667914663826,0.013710570939264633,0.014485780130169493,0.07153794260954238,1976.55,1
2020-12-16,RELIANCE,EQ,1974.35,1988.0,1994.95,1965.7,1977.55,1976.55,1977.57,8565904,1693966087095000.0,233001.0,3281219.0,0.3831,0.0011142907792438539,-0.024864944867905026,0.009396624364834016,1991.0,1968.1274999999998,0.004937448605879345,0.01368392839127445,0.014798512559763223,0.0005253809946637045,1985.6,1
2020-12-17,RELIANCE,EQ,1976.55,1984.5,2005.0,1977.15,1985.5,1985.6,1989.37,9346460,1859355323680000.0,280068.0,3368996.0,0.3605,0.004578685082593292,-0.010662680617837594,0.010972225758000054,1986.72,1968.0475000000001,0.0055814339937184905,0.013710628193588653,0.014025987107171591,0.09112359886358745,1991.55,1
2020-12-18,RELIANCE,EQ,1985.6,1980.1,2004.9,1965.0,1998.1,1991.55,1981.58,8522215,1688743356945000.0,226069.0,3412555.0,0.4004,0.0029965753424656683,-0.007104397247980843,0.023012713496853632,1983.8699999999997,1968.9675,0.006040576718806301,0.013619980414720486,0.0200346463809596,-0.08818793425532234,1939.7,0
2020-12-21,RELIANCE,EQ,1991.55,2010.0,2022.0,1855.25,1935.0,1939.7,1976.82,20368545,4026489944800000.0,514099.0,5751990.0,0.2824,-0.026034997865983733,-0.02591272033345049,-0.009447451741395163,1973.55,1970.9775000000002,0.01272536242742314,0.012118491323196263,0.08596690209826262,1.390052938115267,1936.7,0
2020-12-22,RELIANCE,EQ,1939.7,1949.0,1958.9,1888.45,1935.0,1936.7,1921.8,12986606,2495765477030000.0,374827.0,3386829.0,0.2608,-0.001546630922307557,-0.019069567199331394,-0.028614420062695878,1966.02,1970.2775000000001,0.012649273959530706,0.010486140534941495,0.03637631021841279,-0.36241857236243435,1943.85,1
2020-12-23,RELIANCE,EQ,1936.7,1930.0,1951.45,1920.65,1947.0,1943.85,1938.16,8999898,1744323140330000.0,282444.0,3128219.0,0.3475999999999999,0.0036918469561624256,-0.016543978143735316,-0.0409975579072005,1959.48,1969.2675,0.012947528858430904,0.010396307262537109,0.015844843995164212,-0.30698613633154037,1994.15,1
2020-12-24,RELIANCE,EQ,1943.85,1947.0,1998.8,1945.9,1992.95,1994.15,1976.2,9588577,1894896289570000.0,250116.0,2141157.0,0.2233,0.02587648223885597,0.004306003223207178,-0.006402590931738894,1961.19,1971.5849999999998,0.018489511245850465,0.011761191428901354,0.02652759321013959,0.06540951908566073,2003.3,1
2020-12-28,RELIANCE,EQ,1994.15,2006.7,2018.0,1995.3,2002.0,2003.3,2006.71,7947719,1594877162010000.0,214898.0,1821777.0,0.2292,0.004588421131810572,0.005899927192387855,-0.001246385482101875,1963.5400000000002,1974.1200000000001,0.018546174888172267,0.011782379401857678,0.011331303349473392,-0.17112633084137507,1990.05,0
2020-12-29,RELIANCE,EQ,2003.3,2009.0,2012.3,1982.55,1987.0,1990.05,1992.97,8589407,1711841632630000.0,242433.0,3009732.0,0.3504,-0.006614086756851156,0.02595762231272869,-0.0006277306282328476,1973.61,1977.1325000000002,0.012402168597080371,0.011539702771208353,0.014949373131328358,0.08073863708568463,1995.5,1
2020-12-30,RELIANCE,EQ,1990.05,1995.25,2007.2,1975.55,1994.35,1995.5,1991.6,10173132,2026078699835000.0,234486.0,3159950.0,0.3106,0.0027386246576719397,0.03036092321991024,0.010712386355002934,1985.3699999999997,1979.1625,0.011959625838481999,0.011229842756768832,0.015860686544725677,0.18438118021418703,1985.3,0
2020-12-31,RELIANCE,EQ,1995.5,1993.5,2011.9,1978.6,1981.8,1985.3,1995.67,8667516,1729750492130000.0,226094.0,2538214.0,0.2928,-0.005111500876973207,0.021323661805180416,0.004426905466595743,1993.6599999999999,1980.52,0.012997684473403865,0.011313451586873857,0.01677328363471525,-0.14799925922518253,1987.5,1
2021-01-01,RELIANCE,EQ,1985.3,1988.0,1997.0,1982.0,1988.0,1987.5,1989.5,4622002,919548029200000.0,139680.0,1013314.0,0.2192,0.0011081448647560777,-0.0033347541559061167,0.000956889605157274,1992.33,1981.6924999999999,0.004936848714653812,0.011301404035720585,0.007547169811320755,-0.466744335978151,1990.85,1
2021-01-04,RELIANCE,EQ,1987.5,1995.1,1998.9,1968.0,1990.25,1990.85,1982.61,11312992,2242922785670000.0,316871.0,3869604.0,0.342,0.001685534591195026,-0.006214745669645083,-0.0003514850242274381,1989.8400000000001,1983.8974999999998,0.004294511311113254,0.01108040185010049,0.015521008614410976,1.4476389235660219,1966.1,0
2021-01-05,RELIANCE,EQ,1990.85,1969.0,1983.6,1956.0,1965.0,1966.1,1968.87,11132803,2191901906285000.0,300233.0,5208047.0,0.4678,-0.01243187583193106,-0.012034873495640808,0.013610352116306679,1985.05,1984.2925,0.006391300373417995,0.011422737445303583,0.01403794313615783,-0.01592761667293674,1914.25,0
2021-01-06,RELIANCE,EQ,1966.1,1965.9,1966.0,1905.15,1915.5,1914.25,1928.17,21414270,4129036815315000.0,659284.0,9038101.0,0.4221,-0.02637200549310814,-0.04071661237785018,-0.011591883100118827,1968.8,1980.3174999999999,0.011640787947951196,0.012072828331593446,0.03178790649079269,0.9235290519377735,1911.15,0
2021-01-07,RELIANCE,EQ,1914.25,1920.5,1945.0,1905.15,1912.8,1911.15,1919.86,14918406,2864126332110000.0,454695.0,6452659.0,0.4325,-0.0016194331983805377,-0.037349518964388206,-0.016822285670190507,1953.97,1974.5274999999997,0.011974221260172778,0.01125356852875394,0.020851319885932505,-0.30334277096534223,1933.7,1
2021-01-08,RELIANCE,EQ,1911.15,1918.0,1938.4,1912.1,1934.0,1933.7,1923.06,12709792,2444175175265000.0,270966.0,5303550.0,0.4173,0.011799178505088603,-0.027069182389937052,-0.030313667477371298,1943.2099999999998,1970.8625,0.014573784384950508,0.01158414220829554,0.01360086880074478,-0.14804624569139624,1897.25,0
2021-01-11,RELIANCE,EQ,1933.7,1938.8,1938.8,1892.5,1899.0,1897.25,1910.26,15371556,2936370901300000.0,479137.0,7697815.0,0.5008,-0.018849873299891406,-0.04701509405530302,-0.05293765287275998,1924.4900000000002,1965.435,0.014970293909778743,0.012188106239314043,0.024403742258532063,0.2094262439542678,1957.05,1
2021-01-12,RELIANCE,EQ,1897.25,1903.0,1960.0,1899.9,1955.5,1957.05,1935.51,18996047,3676698857555001.0,417387.0,8987850.0,0.4731,0.03151930425616012,-0.004603021209501068,-0.0165824979271878,1922.6799999999998,1963.7224999999999,0.023364653057903962,0.014324036505850131,0.030709486216499278,0.23579206945607845,1938.8,0
2021-01-13,RELIANCE,EQ,1957.05,1963.55,1974.95,1918.45,1936.0,1938.8,1948.25,12284876,2393403444775000.0,304901.0,4368602.0,0.3556,-0.00932525995758926,0.012824866135562107,-0.0284139313455275,1927.5900000000001,1961.9450000000002,0.019627841528826382,0.014348304891404352,0.029141737157004334,-0.3532930298603705,1960.6,1
2021-01-14,RELIANCE,EQ,1938.8,1945.0,1966.9,1939.05,1958.1,1960.6,1957.17,9946818,1946765141235000.0,287671.0,5225648.0,0.5254,0.011244068495976922,0.025874473484551075,-0.012441444617941944,1937.48,1961.1475000000003,0.01976192843252819,0.01459646487742857,0.014204835254513994,-0.19032003253431296,1937.45,0
2021-01-15,RELIANCE,EQ,1960.6,1960.6,1973.8,1920.05,1937.9,1937.45,1952.72,9503790,1855820498820000.0,264152.0,3947767.0,0.4154,-0.011807609915331918,0.0019392873765320395,-0.025182389937106864,1938.23,1958.7399999999998,0.020615813624341454,0.014766868704216158,0.027742651423262536,-0.04453967087766153,1983.95,1
2021-01-18,RELIANCE,EQ,1937.45,1949.1,1997.0,1923.35,1972.8,1983.95,1967.71,16198856,3187468656455000.0,399642.0,6014603.0,0.3713,0.02400061937082243,0.04569772038476749,-0.0034658562925382608,1955.5699999999997,1958.3600000000001,0.019402742131895745,0.015786945587644898,0.03712291136369369,0.7044627459150508,2016.4,1
2021-01-19,RELIANCE,EQ,1983.95,1994.65,2031.0,1994.65,2015.0,2016.4,2018.21,14771048,2981111271620000.0,411707.0,6055057.0,0.4099,0.01635625897830084,0.030326256355228676,0.02558364274451974,1967.44,1962.1949999999997,0.01589579658748881,0.01494089073007528,0.018027177147391344,-0.08814252068170736,2054.7,1
2021-01-20,RELIANCE,EQ,2016.4,2021.4,2058.0,2001.4,2053.0,2054.7,2036.58,14271669,2906533731585000.0,456106.0,6676332.0,0.4678,0.01899424717317988,0.05977924489374864,0.07337077184275809,1990.6200000000001,1968.095,0.013955205865077789,0.015380426443850846,0.02754660047695523,-0.03380796000392117,2099.4,1
2021-01-21,RELIANCE,EQ,2054.7,2082.0,2120.0,2075.0,2107.0,2099.4,2102.61,18038987,3792896193460000.0,483168.0,6386636.0,0.354,0.02175500073003378,0.07079465469754176,0.09850090259791222,2018.3799999999999,1975.8725000000002,0.0146337042388331,0.01593885209033654,0.02143469562732209,0.2639717891439326,2049.6,0
2021-01-22,RELIANCE,EQ,2099.4,2111.0,2115.35,2035.15,2047.95,2049.6,2070.96,14090818,2918158256545000.0,388593.0,3512524.0,0.2493,-0.023721063160903166,0.057885364783607285,0.05993690851735001,2040.81,1978.645,0.01988528453825807,0.016208289137274946,0.03912958626073371,-0.21886866485351975,1941.0,0
2021-01-25,RELIANCE,EQ,2049.6,2034.95,2034.95,1932.0,1935.15,1941.0,1966.36,25016570,4919160245610000.0,723194.0,9041658.0,0.3614,-0.05298594847775173,-0.0216487310668112,0.02305969165898003,2032.2199999999998,1975.53,0.03314718866671246,0.02024135872057427,0.05303967027305515,0.7753809608498243,1895.0,0
2021-01-27,RELIANCE,EQ,1941.0,1925.0,1925.0,1888.0,1890.0,1895.0,1904.59,19553809,3724198044840000.0,637355.0,9587173.0,0.4903,-0.02369912416280273,-0.06020630827216822,-0.03170588385580331,2007.9399999999998,1970.7775000000001,0.031835988626683645,0.020825879396146385,0.019525065963060684,-0.21836570720926174,1876.55,0
2021-01-28,RELIANCE,EQ,1895.0,1880.15,1923.3,1870.0,1876.35,1876.55,1895.32,15722291,2979880609370000.0,446576.0,4697008.0,0.2987,-0.009736147757255953,-0.08670365503479815,-0.03210748916855788,1972.3100000000002,1964.83,0.02709916205531966,0.020855831879450115,0.028403186698995473,-0.19594739827928154,1841.95,0
2021-01-29,RELIANCE,EQ,1876.55,1894.3,1913.1,1830.0,1844.95,1841.95,1871.72,20173258,3775861233150000.0,472678.0,9106845.0,0.4514,-0.01843809117795947,-0.12263027531675719,-0.060517188615729856,1920.8200000000002,1957.6625,0.016278984040839526,0.02114247391764397,0.0451152311409104,0.2830991361246271,1895.3,1
2021-02-01,RELIANCE,EQ,1841.95,1859.4,1905.0,1848.0,1898.15,1895.3,1874.03,15774504,2956182067120000.0,370120.0,7864911.0,0.4986,0.028963869811884146,-0.07528298204527706,-0.021755400139358505,1889.9599999999998,1953.0524999999998,0.029541484136640105,0.02234703617162907,0.030074394554951724,-0.21804876535064388,1925.8,1
2021-02-02,RELIANCE,EQ,1895.3,1914.25,1940.0,1854.95,1936.0,1925.8,1889.81,19138414,3616805285090000.0,561567.0,7369471.0,0.3851,0.016092439191684793,-0.007831014940752223,-0.029310214471130913,1886.9199999999996,1949.8,0.022830802514554223,0.022705934768223978,0.04416346453421952,0.2132498112143495,1930.65,1
2021-02-03,RELIANCE,EQ,1925.8,1928.3,1952.0,1900.0,1928.5,1930.65,1931.87,13984228,2701567344265000.0,345625.0,4832689.0,0.3456,0.00251843389760098,0.018812664907651655,-0.042526284467367614,1894.05,1948.0275000000001,0.019129131785876198,0.022569771495490085,0.02693393416724937,-0.26931103068415174,1924.3,0
2021-02-04,RELIANCE,EQ,1930.65,1924.0,1940.0,1905.0,1921.5,1924.3,1923.71,11826848,2275138175425000.0,332784.0,5411559.0,0.4576,-0.0032890477300391296,0.025445631611201502,-0.06346425268895695,1903.6,1948.53,0.01817536916911232,0.021761768958122343,0.018188432157148056,-0.15427237027313911,1923.75,0
2021-02-05,RELIANCE,EQ,1924.3,1930.05,1944.65,1920.0,1924.3,1923.75,1929.36,9344470,1802888326750000.0,263144.0,3564531.0,0.3815,-0.00028581821961226606,0.04440945736854962,-0.08366676193198064,1919.9599999999998,1949.1599999999999,0.013489964377174979,0.021757012411622454,0.012813515269655669,-0.2098934559740685,1951.45,1
2021-02-08,RELIANCE,EQ,1923.75,1933.05,1969.0,1929.05,1951.4,1951.45,1954.84,9776136,1911081669480000.0,287247.0,3553415.0,0.3635,0.01439896036387256,0.029625916741413016,-0.04788739266198272,1931.19,1950.0475000000001,0.008807031745055332,0.021835351013945577,0.020471956750108915,0.04619480826627931,1956.15,1
2021-02-09,RELIANCE,EQ,1951.45,1961.95,1989.6,1952.3,1954.5,1956.15,1974.29,9047308,1786199411930000.0,254384.0,3417112.0,0.3777,0.002408465500012724,0.015759684287049547,0.007805255023183966,1937.2599999999998,1952.9925000000003,0.006722239967725346,0.021346293454576278,0.019068067377246097,-0.0745517451884875,1974.3,1
2021-02-10,RELIANCE,EQ,1956.15,1953.75,1984.75,1927.3,1980.35,1974.3,1955.63,9799560,1916429238625000.0,288994.0,3630351.0,0.3705,0.009278429568284619,0.02260896589231609,0.04184696569920843,1945.9900000000002,1953.855,0.007224448394297139,0.02026569896894958,0.029098921136605404,0.08314650059443096,2055.7,1
2021-02-11,RELIANCE,EQ,1974.3,1980.0,2064.2,1972.25,2061.8,2055.7,2028.11,19631870,3981559403025000.0,546129.0,5981796.0,0.3046999999999999,0.041229802968140605,0.0682845710128357,0.0954677466627587,1972.27,1959.7,0.016587634481708795,0.02203358488868994,0.04472928929318472,1.00334198678308,2041.6,0
2021-02-12,RELIANCE,EQ,2055.7,2055.5,2078.0,2015.4,2040.0,2041.6,2049.91,14074374,2885116393235000.0,369938.0,2446469.0,0.1737999999999999,-0.006858977477258277,0.061260558804418386,0.10839056434756644,1995.8400000000001,1963.75,0.018132568709766494,0.022056006310972962,0.03066222570532911,-0.283085411629152,2032.6,0
2021-02-15,RELIANCE,EQ,2041.6,2048.05,2061.3,2025.0,2034.0,2032.6,2043.13,7287590,1488950230825000.0,222500.0,1339156.0,0.1838,-0.004408307210031381,0.04158446283532746,0.07244235741043625,2012.0699999999997,1968.5075000000002,0.019437918047825735,0.021868904603183248,0.01785889993112279,-0.48220858703911096,2059.5,1
2021-02-16,RELIANCE,EQ,2032.6,2039.75,2079.4,2035.0,2058.5,2059.5,2061.23,9886093,2037753733650000.0,274329.0,2429172.0,0.2457,0.013234281216176313,0.0528333716739513,0.06942569321840275,2032.7400000000002,1972.2849999999999,0.019215104207070392,0.021443505332732614,0.021558630735615484,0.35656547637833635,2083.25,1
2021-02-17,RELIANCE,EQ,2059.5,2060.0,2095.95,2050.6,2079.2,2083.25,2076.99,10957388,2275842334625000.0,257784.0,2784713.0,0.2541,0.01153192522456914,0.05518411588917593,0.07904073757542784,2054.5299999999997,1975.6275,0.019205860004479543,0.021301245691801644,0.02176887075483015,0.10836383999219912,2067.7,0
2021-02-18,RELIANCE,EQ,2083.25,2085.0,2108.4,2059.1,2063.5,2067.7,2085.18,8605531,1794404524105000.0,228157.0,2460456.0,0.2859,-0.007464298571942973,0.005837427640219772,0.07452060489528645,2056.9300000000003,1976.2774999999997,0.010284000449338289,0.02099987769557842,0.023842917251051983,-0.21463664515667424,2080.3,1
2021-02-19,RELIANCE,EQ,2067.7,2057.0,2104.95,2053.3,2080.0,2080.3,2088.14,10800704,2255335663100000.0,279181.0,3029362.0,0.2805,0.006093727329883558,0.01895572100313503,0.08137751786874614,2064.67,1975.3224999999998,0.009331535407747971,0.02045145115933716,0.02482814978608837,0.25508861684421325,2008.1,0
2021-02-22,RELIANCE,EQ,2080.3,2080.0,2089.9,1994.95,1999.1,2008.1,2036.88,10985697,2237659986225000.0,309112.0,4112030.0,0.3743,-0.03470653271162827,-0.01205352750172195,0.02902969586717563,2059.77,1973.2475,0.019874210028260328,0.021246861204766834,0.04728350181763859,0.017127864998429665,2023.45,1
2021-02-23,RELIANCE,EQ,2008.1,2048.0,2052.9,2013.6,2026.15,2023.45,2034.5,11834752,2407779576925000.0,275466.0,4422097.0,0.3737,0.007644041631392984,-0.017504248604030104,0.03440431459755122,2052.56,1977.3700000000001,0.01891877152204708,0.017384235719333126,0.01942227383923506,0.07728731276677303,2061.0,1
2021-02-24,RELIANCE,EQ,2023.45,2030.0,2065.25,2026.15,2060.55,2061.0,2048.89,4987735,1021933013275000.0,135224.0,1950596.0,0.3911,0.01855741431713165,-0.010680427217088728,0.04391429873879349,2048.1099999999997,1985.67,0.02049814621314056,0.016618623402112582,0.018971373119844693,-0.5785517939032436,2144.35,1
2021-02-25,RELIANCE,EQ,2061.0,2076.0,2152.0,2073.0,2147.0,2144.35,2120.59,16085897,3411157508770000.0,452535.0,5714928.0,0.3553,0.04044153323629307,0.037070174590124294,0.04312399669212441,2063.44,1999.0600000000002,0.027343850125382495,0.018103307045039395,0.03684100076946394,2.225090547112066,2085.8,0
2021-02-26,RELIANCE,EQ,2144.35,2117.0,2133.9,2070.7,2079.5,2085.8,2096.69,17297575,3626760192910000.0,489066.0,7330239.0,0.4238,-0.027304311329773512,0.0026438494447915684,0.021649686520376354,2064.54,2011.2524999999998,0.0315598799325699,0.018848303743273846,0.030300124652411674,0.07532548542366024,2101.7,1
2021-03-01,RELIANCE,EQ,2085.8,2110.2,2112.0,2062.5,2103.0,2101.7,2092.87,8159670,1707710115320000.0,266082.0,2970300.0,0.364,0.007622974398312277,0.04661122454061051,0.03399586736199933,2083.26,2021.5725000000002,0.024499400036020365,0.01809284612563211,0.02355236237331684,-0.5282766514959467,2106.0,1
2021-03-02,RELIANCE,EQ,2101.7,2122.0,2130.0,2089.1,2108.0,2106.0,2107.78,7915073,1668325035850000.0,244565.0,2910860.0,0.3678,0.002045962792025513,0.04079665917121744,0.022578295702840423,2099.77,2030.5825,0.024726136551945627,0.017925210097202906,0.01942070275403613,-0.02997633482726625,2202.1,1
2021-03-03,RELIANCE,EQ,2106.0,2121.05,2219.9,2107.2,2207.1,2202.1,2161.54,14733134,3184621337025000.0,326092.0,6380700.0,0.4331,0.04563152896486233,0.0684619116933527,0.05705028201128037,2127.9900000000002,2044.155,0.029953429421117537,0.020115845370022867,0.05117842059851972,0.8614021626837807,2175.85,0
2021-03-04,RELIANCE,EQ,2202.1,2180.0,2189.95,2157.7,2174.0,2175.85,2175.57,9892597,2152207032090000.0,259806.0,3808559.0,0.385,-0.011920439580400566,0.014689766129596382,0.052304492914832856,2134.29,2056.7325,0.027296834573582302,0.020433547336256356,0.014821793781740469,-0.3285476803509695,2178.7,1
2021-03-05,RELIANCE,EQ,2175.85,2156.0,2211.95,2153.05,2174.55,2178.7,2184.35,11773630,2571768512945000.0,312784.0,3896896.0,0.331,0.0013098329388514518,0.04453926550963638,0.04730087006681716,2152.87,2069.4800000000005,0.021730784451685345,0.02040933995380468,0.027034470096846577,0.19014551992767936,2191.1,1
2021-03-08,RELIANCE,EQ,2178.7,2168.5,2231.9,2168.0,2193.0,2191.1,2205.66,9002404,1985624455330000.0,300037.0,2389286.0,0.2653999999999999,0.00569146738880999,0.04253699386211163,0.09113091977491172,2170.75,2081.4625,0.021777123322417758,0.020323277586484882,0.029163433891652636,-0.23537566578871594,2191.05,0
2021-03-09,RELIANCE,EQ,2191.1,2200.0,2213.8,2146.6,2190.55,2191.05,2181.47,6993792,1525673621560000.0,227932.0,2047400.0,0.2927,-2.2819588334499485e-05,0.04038461538461546,0.08282883194543977,2187.7599999999998,2093.2074999999995,0.021950592680998894,0.020353158983679488,0.03067022660368329,-0.2231195134099736,2181.95,0
2021-03-10,RELIANCE,EQ,2191.05,2207.0,2215.1,2170.25,2179.4,2181.95,2187.67,5316182,1163007490215000.0,163700.0,1461484.0,0.2749,-0.004153259852582303,-0.009150356477907517,0.0586851043182921,2183.7300000000005,2103.59,0.006650391542517296,0.02045650530846847,0.02055500813492514,-0.23987130300700965,2137.6,0
2021-03-12,RELIANCE,EQ,2181.95,2195.0,2206.4,2123.9,2136.9,2137.6,2160.6,7783173,1681634589925000.0,244889.0,2820317.0,0.3624,-0.020325855312908092,-0.017579336810901514,-0.0031478070277706216,2176.08,2107.685,0.01004047439914914,0.019352784255392982,0.03859468562874252,0.4640531494218971,2108.9,0
2021-03-15,RELIANCE,EQ,2137.6,2140.05,2148.9,2080.5,2105.0,2108.9,2103.37,7706302,1620919017560000.0,268696.0,3083696.0,0.4002,-0.01342627245508976,-0.03203745352733267,0.011074887333397232,2162.12,2111.05,0.010430802900164206,0.01956788525569532,0.03243397031627867,-0.009876563196012711,2100.6,0
2021-03-16,RELIANCE,EQ,2108.9,2114.0,2126.0,2095.5,2100.75,2100.6,2107.19,6402757,1349184140475000.0,235823.0,2426737.0,0.379,-0.00393570107639063,-0.041303454885673885,-0.0005233858305181416,2144.02,2114.45,0.008301018822332043,0.01956027274058495,0.014519661049224033,-0.16915311650127385,2055.35,0
2021-03-17,RELIANCE,EQ,2100.6,2098.05,2103.0,2035.1,2054.5,2055.35,2065.89,8865521,1831523317130000.0,241456.0,4179353.0,0.4714,-0.02154146434352089,-0.06193377604344963,-0.024050332383665718,2116.88,2114.2425,0.008466250301673599,0.020032855435208923,0.03303573600603308,0.3846411787921984,2009.1,0
2021-03-18,RELIANCE,EQ,2055.35,2072.9,2084.8,2001.0,2010.0,2009.1,2038.79,9528809,1942723115025000.0,295771.0,4198315.0,0.4406,-0.022502250225022502,-0.07921813057127791,-0.08764361291494482,2082.3100000000004,2110.535,0.0077985870951563846,0.020450791440732554,0.04171021850579871,0.07481658438347849,2082.0,1
2021-03-19,RELIANCE,EQ,2009.1,1991.0,2095.85,1982.8,2078.1,2082.0,2047.5,19284892,3948584025400000.0,431829.0,9334589.0,0.484,0.036284903688218684,-0.026010479041916112,-0.04313256888112682,2071.19,2111.25,0.024272020723582706,0.022067834383471364,0.05429875120076847,1.0238512494058805,2062.4,0
2021-03-22,RELIANCE,EQ,2082.0,2071.0,2074.0,2033.2,2061.0,2062.4,2050.93,8571196,1757896066630000.0,234534.0,2866751.0,0.3345,-0.009414024975984536,-0.02204940964483859,-0.05338045623536958,2061.89,2110.355,0.023989475451952465,0.02213602999517043,0.01978277734678043,-0.5555486647267716,2087.5,1
2021-03-23,RELIANCE,EQ,2062.4,2061.95,2109.7,2056.0,2079.9,2087.5,2086.63,8039865,1677618863465000.0,220527.0,2152080.0,0.2677,0.012170287044220185,-0.0062363134342567905,-0.047282187029345946,2059.27,2114.325,0.025093399734689683,0.020727090253851683,0.025724550898203507,-0.06199029867010386,2047.3,0
2021-03-24,RELIANCE,EQ,2087.5,2079.75,2079.75,2040.4,2048.55,2047.3,2055.87,7763726,1596121134555000.0,222445.0,2970460.0,0.3826,-0.01925748502994018,-0.003916607877003875,-0.06560781360534917,2057.66,2115.5175,0.0246427365540777,0.021218351631630047,0.019220436672690817,-0.03434622347514538,1991.45,0
2021-03-25,RELIANCE,EQ,2047.3,2054.0,2054.0,1985.0,1993.95,1991.45,2011.25,10153757,2042174379045000.0,292881.0,4074888.0,0.4013,-0.027279831973819113,-0.008785028122044625,-0.08730722518847811,2054.13,2112.04,0.0257737050797132,0.02166980568956631,0.03464812071606116,0.3078458719434458,1994.65,1
2021-03-26,RELIANCE,EQ,1991.45,2012.0,2013.7,1973.7,1994.0,1994.65,1995.09,9313160,1858055923090000.0,296946.0,3226521.0,0.3464,0.0016068693665420852,-0.04195485110470698,-0.06687406437125742,2036.6599999999999,2104.555,0.015800548714088012,0.019327684927834834,0.020053643496352743,-0.08278679507496589,2029.3,1
2021-03-30,RELIANCE,EQ,1994.65,2008.0,2048.9,1991.55,2031.9,2029.3,2026.44,9433850,1911714942175000.0,230499.0,3802211.0,0.4029999999999999,0.017371468678715418,-0.016049262994569546,-0.03774479586514301,2030.0400000000002,2101.7300000000005,0.019494508421521235,0.01900288952357406,0.028260976691470034,0.01295908155770964,2003.1,0
2021-03-31,RELIANCE,EQ,2029.3,2018.0,2049.9,1999.0,2005.65,2003.1,2017.21,7499740,1512852774525000.0,193340.0,2904680.0,0.3873,-0.012910855960183376,-0.04043113772455098,-0.04641530991145382,2013.1599999999999,2096.8,0.017737802917570884,0.01905561553135561,0.025410613548999098,-0.20501809971538665,2021.85,1
2021-04-01,RELIANCE,EQ,2003.1,2018.0,2030.0,2003.15,2020.0,2021.85,2017.89,5410307,1091741193875000.0,140946.0,1895300.0,0.3503,0.009360491238580293,-0.012431006691740354,-0.016298927190016355,2008.0700000000002,2092.5924999999997,0.017851854755850622,0.019211533760415733,0.013279916907782432,-0.2786007248251273,1992.6,0
2021-04-05,RELIANCE,EQ,2021.85,2024.95,2025.0,1962.1,1992.0,1992.6,1986.24,6864856,1363523747550000.0,246459.0,2208186.0,0.3217,-0.014466948586690398,0.0005774686786008676,-0.008212632522024754,2008.3,2082.1175,0.013854302930585975,0.015786561485746343,0.03156679714945302,0.268847775181704,1984.3,0
2021-04-06,RELIANCE,EQ,1992.6,2004.0,2004.95,1969.0,1986.2,1984.3,1984.99,6465241,1283346959240000.0,209903.0,2136383.0,0.3303999999999999,-0.004165412024490611,-0.005188880254681338,-0.046926032660903005,2006.23,2072.54,0.013947137184142476,0.015699222433238805,0.018117220178400468,-0.05821170902929351,2002.85,1
2021-04-07,RELIANCE,EQ,1984.3,2000.0,2046.9,1993.3,2001.55,2002.85,2019.21,11198918,2261301434945000.0,286779.0,4098798.0,0.366,0.009348384820843547,-0.013034051150643156,-0.028874127230411273,2000.94,2063.7475,0.01156936143526428,0.0159560626589211,0.026761864343310852,0.7321733250160358,2005.35,1
2021-04-08,RELIANCE,EQ,2002.85,2011.0,2022.0,1993.0,2006.4,2005.35,2006.16,7092878,1422943168515000.0,191800.0,2633682.0,0.3713,0.001248221284669393,0.0011232589486296352,-0.03935329341317373,2001.3899999999999,2054.46,0.010035704068761251,0.01584340822961651,0.014461315979754159,-0.36664613492124865,1982.05,0
2021-04-09,RELIANCE,EQ,2005.35,1998.45,2006.35,1980.0,1983.45,1982.05,1989.08,6478482,1288623494740000.0,234390.0,2807275.0,0.4333,-0.01161891939063009,-0.019684942008556527,-0.03187124505446193,1993.4299999999998,2044.0100000000002,0.009660896186298711,0.015890734696828845,0.013294316490502212,-0.086621537829919,1911.15,0
2021-04-12,RELIANCE,EQ,1982.05,1959.0,1961.4,1900.25,1915.65,1911.15,1922.99,9646031,1854921283460000.0,330605.0,4432542.0,0.4595,-0.035771045130042034,-0.040876242095754245,-0.04032237816666251,1977.1399999999999,2030.4699999999998,0.017214411076070107,0.017322807648789143,0.03199644193286769,0.48893382739969016,1931.8,1
2021-04-13,RELIANCE,EQ,1911.15,1924.0,1940.6,1917.85,1932.3,1931.8,1931.39,8958261,1730189036920000.0,206237.0,4960483.0,0.5537,0.01080501268869516,-0.026457692889180096,-0.03150928734364433,1966.64,2020.1799999999998,0.01926906062265839,0.017409850512396186,0.011776581426648721,-0.07130082828885786,1944.3,1
2021-04-15,RELIANCE,EQ,1931.8,1926.3,1961.0,1913.0,1943.0,1944.3,1933.33,9102492,1759814886955000.0,189159.0,4483830.0,0.4926,0.006470649135521311,-0.029233342486956082,-0.041886364756319905,1954.9299999999998,2011.95,0.018762279193240698,0.017465670294137762,0.024687548217867613,0.016100334652004555,1932.1,0
2021-04-16,RELIANCE,EQ,1944.3,1936.6,1949.9,1926.45,1929.0,1932.1,1935.23,7225679,1398336435495000.0,206958.0,3583568.0,0.4959,-0.00627475183870807,-0.036527289500585924,-0.03544506015675708,1940.28,2003.525,0.018355683108945232,0.017473681743717148,0.012137052947570027,-0.20618672337201727,1901.7,0
2021-04-19,RELIANCE,EQ,1932.1,1904.0,1916.4,1890.0,1903.05,1901.7,1902.57,8527967,1622505956175000.0,271570.0,3886582.0,0.4557,-0.0157341752497282,-0.040538836053580884,-0.05942577342532818,1924.2099999999998,1995.8425,0.018688246429620886,0.017213634230756055,0.013882315822685013,0.18023053611985818,1901.15,0
2021-04-20,RELIANCE,EQ,1901.7,1910.5,1919.0,1890.45,1905.0,1901.15,1906.74,7939490,1513854171475000.0,202431.0,4616077.0,0.5814,-0.00028921491297262403,-0.005232451665227789,-0.04589481079995972,1922.2099999999998,1990.4450000000002,0.010495153223086126,0.01664637309335242,0.01501722641559054,-0.06900554375972612,1906.4,1
2021-04-22,RELIANCE,EQ,1901.15,1892.25,1914.45,1876.7,1905.1,1906.4,1898.59,6687573,1269694826460000.0,209895.0,3155063.0,0.4718,0.002761486468716212,-0.013148359043379187,-0.03925817668699283,1917.1300000000003,1981.6650000000002,0.00869441530251075,0.01399947510429453,0.019801720520352496,-0.15768229445468163,1904.35,0
2021-04-23,RELIANCE,EQ,1906.4,1906.0,1918.9,1895.35,1903.35,1904.35,1907.47,5459016,1041289396995000.0,171621.0,2589266.0,0.4743,-0.001075325220310619,-0.020547240652162735,-0.04917991861597226,1909.14,1973.7625,0.007260024249723511,0.013963340205751162,0.012366424239241832,-0.18370745261397525,1937.85,1
2021-04-26,RELIANCE,EQ,1904.35,1920.0,1962.0,1911.5,1938.0,1937.85,1941.32,9620785,1867699462930000.0,259137.0,4276703.0,0.4445,0.017591304119515927,0.002976036437037477,-0.03365995960804846,1910.2900000000002,1966.28,0.011871880931832302,0.014338966311866761,0.02605980855071342,0.762366148038401,1988.65,1
2021-04-27,RELIANCE,EQ,1937.85,1940.0,1997.2,1938.25,1990.0,1988.65,1978.64,9226547,1825602129440000.0,291197.0,3772144.0,0.4088,0.026214619294579133,0.04572224851448703,0.0033298857243764246,1927.6799999999998,1963.3474999999999,0.01221542197161714,0.015300766728291752,0.02964322530359794,-0.04097773726364329,1997.3,1
2021-04-28,RELIANCE,EQ,1988.65,1997.85,2008.0,1980.15,1993.15,1997.3,1997.6,7902002,1578507608760000.0,247331.0,3921560.0,0.4963,0.004349684459306502,0.050574652184204316,0.04507757109593702,1946.9100000000003,1963.64,0.011483920740415356,0.014063123327459608,0.013943824162619491,-0.14355803964365,2024.05,1
2021-04-29,RELIANCE,EQ,1997.3,2022.9,2044.5,2007.3,2020.0,2024.05,2024.21,8035915,1626633942825000.0,213153.0,2834103.0,0.3527,0.013393080658889556,0.06171317666806542,0.04775339062014705,1970.44,1965.11,0.010778513349401855,0.014367033509769537,0.01837899261381885,0.016946718059549948,1994.5,0
